shipment_id,shipment_date,origin_warehouse,destination_region,carrier,transport_mode,distance_km,weight_kg,shipment_volume_units,inventory_level,transportation_cost,delivery_time_days,delayed,distance_km_norm,weight_kg_norm,transportation_cost_norm,delivery_time_days_norm,inventory_level_norm,shipment_volume_units_norm
SHP101059,2025-11-18 11:56:59.849874,WH-Chennai,West,Carrier D,Road,1018.2,76.1,117,2035,11988.14,1.7,1,0.5865508743105269,0.05334760012228676,0.658808222795438,0.6122448979591836,0.4066066066066066,0.45714285714285713
SHP100553,2025-06-17 21:11:51.592994,WH-Mumbai,South,Carrier D,Road,720.0,115.1,126,294,8683.21,1.2,0,0.411571411806126,0.08315499847141546,0.4800173655312463,0.4081632653061224,0.05805805805805806,0.5857142857142857
SHP100594,2025-06-30 07:55:35.779816,WH-Bengaluru,North,Carrier C,Sea,408.3,235.1,114,3475,1851.94,0.9,0,0.22867034385635487,0.17487007031488838,0.11045776230117635,0.2857142857142857,0.6948948948948949,0.4142857142857143
SHP100267,2025-03-23 01:22:52.143452,WH-Mumbai,West,Carrier C,Sea,235.5,262.1,105,2911,2016.22,2.3,1,0.12727379415561554,0.1955059614796698,0.11934501922684841,0.857142857142857,0.581981981981982,0.2857142857142857
SHP100081,2025-01-25 14:10:18.515429,WH-Kolkata,East,Carrier C,Rail,1094.9,79.0,112,1360,7706.42,1.2,0,0.631557328952001,0.05556404769183736,0.4271747572257482,0.4081632653061224,0.2714714714714715,0.38571428571428573
SHP100259,2025-03-20 15:05:33.277731,WH-Bengaluru,South,Carrier C,Rail,454.3,123.4,121,4063,3130.17,0.8,0,0.25566248092946836,0.08949862427392234,0.1796077405097338,0.2448979591836735,0.8126126126126126,0.5142857142857142
SHP100216,2025-03-07 13:47:29.374478,WH-Chennai,South,Carrier D,Rail,483.7,264.7,107,1083,3445.93,0.2,0,0.27291397723271915,0.1974931213696117,0.19668979704035355,0.0,0.21601601601601603,0.3142857142857143
SHP100383,2025-04-27 06:33:55.696413,WH-Mumbai,East,Carrier A,Rail,408.9,484.0,109,2975,4527.07,0.8,0,0.2290224152094824,0.3651024151635585,0.25517755545660087,0.2448979591836735,0.5947947947947948,0.34285714285714286
SHP100255,2025-03-19 09:56:53.844870,WH-Delhi,North,Carrier C,Road,177.9,125.2,126,1811,2603.08,0.2,0,0.09347494425536909,0.09087435035157444,0.151093105417498,0.0,0.3617617617617618,0.5857142857142857
SHP100310,2025-04-05 02:40:56.046705,WH-Delhi,North,Carrier D,Road,138.5,429.3,103,4782,2441.82,0.2,0,0.07035559206665884,0.3232956282482421,0.14236922514093436,0.0,0.9565565565565566,0.2571428571428571
SHP100980,2025-10-25 12:21:01.050875,WH-Chennai,East,Carrier C,Rail,396.3,226.2,115,2804,3099.23,0.2,0,0.22162891679380353,0.16806786915316413,0.17793394132979531,0.0,0.5605605605605606,0.42857142857142855
SHP101198,2025-12-30 16:42:50.141784,WH-Bengaluru,South,Carrier A,Road,530.1,216.2,111,1694,6240.35,0.4,0,0.300140828541251,0.1604249464995414,0.3478629678355603,0.08163265306122448,0.3383383383383383,0.37142857142857144
SHP100355,2025-04-18 18:33:19.666388,WH-Mumbai,South,Carrier C,Road,512.9,197.5,124,4402,6325.27,1.2,0,0.2900481164182607,0.14613268113726688,0.3524569893727412,0.4081632653061224,0.8804804804804804,0.5571428571428572
SHP100167,2025-02-20 16:46:26.321934,WH-Mumbai,Central,Carrier B,Road,1113.4,326.2,114,1693,14099.98,1.1,0,0.642412862340101,0.2444970956893916,0.7730550249984531,0.3673469387755102,0.33813813813813814,0.4142857142857143
SHP100189,2025-02-27 09:04:03.202668,WH-Delhi,North,Carrier D,Air,277.4,302.0,118,3773,16086.08,0.3,0,0.1518601103156906,0.22600122286762456,0.8804995159899148,0.040816326530612235,0.7545545545545546,0.4714285714285714
SHP100414,2025-05-06 16:26:01.301084,WH-Bengaluru,Central,Carrier C,Rail,132.4,270.4,120,3693,6192.158735123582,0.2,0,0.06677619997652857,0.20184958728217667,0.3452559057919163,0.0,0.7385385385385386,0.5
SHP100347,2025-04-16 08:16:00.800667,WH-Bengaluru,South,Carrier C,Rail,738.7,325.1,128,4709,5668.57,0.3,0,0.42254430231193524,0.24365637419749311,0.3169306829258891,0.040816326530612235,0.9419419419419419,0.6142857142857143
SHP100370,2025-04-23 07:50:47.539616,WH-Bengaluru,East,Carrier B,Road,191.1,184.5,119,986,2351.18,0.4,0,0.10122051402417556,0.1361968816875573,0.13746576173855476,0.08163265306122448,0.1965965965965966,0.4857142857142857
SHP100108,2025-02-02 18:53:44.687239,WH-Chennai,East,Carrier B,Road,688.4,302.4,123,2194,9477.13,2.6,1,0.3930289872080741,0.22630693977376945,0.5229670308491765,0.9795918367346937,0.43843843843843844,0.5428571428571428
SHP101082,2025-11-25 11:31:46.588824,WH-Delhi,West,Carrier B,Air,101.6,158.6,120,4292,5823.74,2.1,1,0.04870320384931346,0.11640171201467439,0.3253251049928269,0.7755102040816326,0.8584584584584585,0.5
SHP100844,2025-09-14 05:26:40.333611,WH-Kolkata,Central,Carrier B,Rail,172.1,334.9,123,3773,3076.5,0.8,0,0.09007158784180261,0.25114643839804335,0.1767042886032277,0.2448979591836735,0.7545545545545546,0.5428571428571428
SHP100159,2025-02-18 06:29:07.456213,WH-Bengaluru,West,Carrier B,Road,1137.5,394.6,153,4033,14574.34,1.4,1,0.6565543950240582,0.2967746866401712,0.7987170605186736,0.48979591836734687,0.8066066066066067,0.9714285714285714
SHP100301,2025-04-02 09:06:27.322768,WH-Kolkata,West,Carrier A,Road,329.6,242.8,108,131,4636.57,0.2,0,0.18249031803778898,0.18075512075817793,0.2611013114424853,0.0,0.025425425425425426,0.32857142857142857
SHP100135,2025-02-10 23:37:10.859049,WH-Delhi,South,Carrier A,Rail,354.2,456.7,116,4089,3362.23,0.7,0,0.19692524351601923,0.3442372363191684,0.19216177534155426,0.20408163265306117,0.8178178178178178,0.44285714285714284
SHP100596,2025-06-30 22:29:55.496246,WH-Chennai,North,Carrier B,Road,351.5,197.5,93,3058,3807.91,0.4,0,0.19534092242694517,0.14613268113726688,0.21627227367752655,0.08163265306122448,0.6114114114114114,0.11428571428571428
SHP100578,2025-06-25 11:20:58.048373,WH-Chennai,North,Carrier C,Air,497.7,680.3,132,3885,18295.03375,2.2,1,0.2811289754723624,0.515132986854173,1.0,0.8163265306122448,0.776976976976977,0.6714285714285714
SHP100797,2025-08-30 22:59:56.997497,WH-Delhi,West,Carrier A,Road,919.7,409.6,120,1833,12418.54,1.1,0,0.5287524938387513,0.3082390706206053,0.6820921002047957,0.3673469387755102,0.36616616616616615,0.5
SHP100459,2025-05-20 08:18:24.920767,WH-Bengaluru,West,Carrier C,Rail,363.3,35.5,109,950,3077.89,0.5,0,0.20226499237178733,0.022317334148578415,0.17677948514040012,0.12244897959183672,0.1893893893893894,0.34285714285714286
SHP100665,2025-07-21 21:14:15.713094,WH-Kolkata,Central,Carrier A,Road,390.7,134.0,140,1425,5384.58,0.2,0,0.21834291749794624,0.09760012228676246,0.3015673271045986,0.0,0.2844844844844845,0.7857142857142857
SHP100908,2025-10-03 15:45:11.259382,WH-Delhi,West,Carrier A,Road,1008.2,130.8,127,783,12574.88,1.2,0,0.5806830184250675,0.09515438703760318,0.6905498171987059,0.4081632653061224,0.15595595595595596,0.6
SHP101169,2025-12-21 21:25:04.253544,WH-Bengaluru,West,Carrier D,Road,679.3,158.8,115,3179,8179.59,0.9,0,0.387689238352306,0.11655457046774685,0.45277241585443256,0.2857142857142857,0.6356356356356356,0.42857142857142855
SHP100190,2025-02-27 16:21:13.060884,WH-Delhi,North,Carrier A,Rail,1395.1,596.0,112,4670,10933.31,0.8,0,0.8077103626334937,0.4507031488841333,0.6017437887626484,0.2448979591836735,0.9341341341341342,0.38571428571428573
SHP101051,2025-11-16 01:39:40.984153,WH-Chennai,West,Carrier C,Air,759.9,262.6,129,2349,18295.03375,0.4,0,0.43498415678910923,0.19588810761235095,1.0,0.08163265306122448,0.4694694694694695,0.6285714285714286
SHP100773,2025-08-23 16:08:00.400333,WH-Delhi,Central,Carrier D,Road,475.5,81.7,112,1469,5740.32,1.6,1,0.2681023354066424,0.0576276368083155,0.32081223079791843,0.5714285714285714,0.2932932932932933,0.38571428571428573
SHP101040,2025-11-12 17:30:52.543786,WH-Kolkata,Central,Carrier C,Air,443.2,321.7,136,933,18295.03375,0.4,0,0.24914916089660835,0.24105778049526136,1.0,0.08163265306122448,0.18598598598598598,0.7285714285714285
SHP100536,2025-06-12 17:20:04.003336,WH-Delhi,North,Carrier B,Sea,80.4,251.2,138,4861,611.62,1.2,0,0.036263349372139424,0.187175175787221,0.04335864792298306,0.4081632653061224,0.9723723723723724,0.7571428571428571
SHP100930,2025-10-10 08:02:48.140116,WH-Delhi,East,Carrier B,Road,615.6,395.1,124,2656,7770.35,0.8,0,0.35031099636192936,0.2971568327728523,0.43063325695339744,0.2448979591836735,0.5309309309309309,0.5571428571428572
SHP100731,2025-08-10 22:07:06.355296,WH-Kolkata,East,Carrier D,Road,185.4,202.0,126,4228,2676.57,0.2,0,0.09787583616946369,0.14957199633139712,0.15506878420656328,0.0,0.8456456456456456,0.5857142857142857
SHP100957,2025-10-18 12:46:14.311926,WH-Kolkata,South,Carrier B,Road,784.4,197.5,134,4355,9556.79,0.9,0,0.4493604037084849,0.14613268113726688,0.5272764957061223,0.2857142857142857,0.8710710710710711,0.7
SHP100386,2025-04-28 04:25:25.271059,WH-Bengaluru,East,Carrier B,Road,92.1,499.4,117,2951,2203.83,0.9,0,0.04312874075812698,0.3768725160501375,0.12949438781599706,0.2857142857142857,0.58998998998999,0.45714285714285713
SHP100987,2025-10-27 15:21:10.058381,WH-Kolkata,South,Carrier C,Road,500.9,203.1,134,3198,6501.34,0.2,0,0.2830066893557094,0.1504127178232956,0.36198206440867425,0.0,0.6394394394394395,0.7
SHP100248,2025-03-17 06:56:44.837364,WH-Delhi,Central,Carrier B,Road,695.8,169.3,114,1195,9140.64,1.3,0,0.3973712005633141,0.12457963925405074,0.5047635180483523,0.4489795918367347,0.23843843843843843,0.4142857142857143
SHP100419,2025-05-08 04:51:50.592160,WH-Bengaluru,North,Carrier A,Road,539.9,144.0,136,4383,6769.56,0.6,0,0.30589132730900126,0.1052430449403852,0.3764922911715411,0.16326530612244897,0.8766766766766767,0.7285714285714285
SHP100073,2025-01-23 03:52:59.649708,WH-Mumbai,West,Carrier B,Road,736.7,240.5,109,782,8462.81,1.3,0,0.42137073113484336,0.17899724854784468,0.46809411604002327,0.4489795918367347,0.15575575575575576,0.34285714285714286
SHP100593,2025-06-30 00:38:25.921601,WH-Kolkata,South,Carrier B,Road,516.2,313.5,128,318,7231.85,1.6,1,0.2919845088604624,0.23479058391929072,0.4015013610776097,0.5714285714285714,0.06286286286286286,0.6142857142857143
SHP100546,2025-06-15 18:11:42.585487,WH-Kolkata,Central,Carrier C,Sea,198.1,200.5,127,149,1219.78,0.2,0,0.10532801314399719,0.14842555793335369,0.07625902637390057,0.0,0.02902902902902903,0.6
SHP101192,2025-12-28 20:59:50.992493,WH-Delhi,North,Carrier B,Road,722.5,122.9,109,3743,9400.76,0.8,0,0.41303837577749086,0.08911647814124121,0.5188355491629483,0.2448979591836735,0.7485485485485486,0.34285714285714286
SHP100983,2025-10-26 10:12:30.625521,WH-Bengaluru,North,Carrier D,Road,817.0,351.9,122,712,11019.84,0.9,0,0.4684896138950827,0.264139406909202,0.6064249084472018,0.2857142857142857,0.14174174174174173,0.5285714285714286
SHP100870,2025-09-22 02:52:56.647206,WH-Mumbai,North,Carrier D,Road,355.6,41.2,118,4657,4068.22,0.8,0,0.19774674333998357,0.026673800061143383,0.230354583455477,0.2448979591836735,0.9315315315315316,0.4714285714285714
SHP100452,2025-05-18 05:18:15.913261,WH-Bengaluru,North,Carrier D,Rail,543.7,530.2,137,1076,4695.6,0.6,0,0.30812111254547586,0.4004127178232957,0.2642947298520447,0.16326530612244897,0.21461461461461462,0.7428571428571429
SHP101176,2025-12-24 00:25:13.261050,WH-Kolkata,Central,Carrier A,Road,705.3,186.1,129,2774,8078.79,1.5,1,0.4029456636545006,0.13741974931213694,0.4473193144537279,0.5306122448979592,0.5545545545545546,0.6285714285714286
SHP100395,2025-04-30 21:59:53.994995,WH-Kolkata,Central,Carrier C,Road,412.8,114.5,117,1100,5130.41,0.2,0,0.23131087900481162,0.0826964231121981,0.2878171804476831,0.0,0.21941941941941942,0.45714285714285713
SHP100202,2025-03-03 07:47:11.359466,WH-Mumbai,Central,Carrier A,Rail,551.5,154.3,116,1865,4940.86,1.7,0,0.3126980401361342,0.11311525527361663,0.27756286129586216,0.6122448979591836,0.3725725725725726,0.44285714285714284
SHP101008,2025-11-03 00:21:37.080900,WH-Bengaluru,Central,Carrier C,Road,173.9,206.7,94,1540,2428.55,1.1,0,0.09112780190118532,0.1531641699785998,0.1416513416529646,0.3673469387755102,0.3075075075075075,0.12857142857142856
SHP100049,2025-01-15 21:01:03.052543,WH-Kolkata,North,Carrier C,Road,592.8,121.0,118,890,7605.34,0.8,0,0.33693228494308175,0.08766432283705289,0.4217065083211528,0.2448979591836735,0.17737737737737738,0.4714285714285714
SHP101163,2025-12-20 01:42:05.104253,WH-Kolkata,South,Carrier C,Road,942.7,224.3,103,660,11961.54,0.6,0,0.542248562375308,0.16661571384897583,0.6573692099258077,0.16326530612244897,0.13133133133133132,0.2571428571428571
SHP101134,2025-12-11 06:24:19.216013,WH-Bengaluru,East,Carrier B,Sea,425.3,83.3,121,160,2328.05,0.9,0,0.23864569886163595,0.058850504432895134,0.13621446972071455,0.2857142857142857,0.03123123123123123,0.5142857142857142
SHP100075,2025-01-23 18:27:19.366138,WH-Chennai,East,Carrier B,Road,174.6,137.3,101,4870,2223.58,0.2,0,0.09153855181316746,0.10012228676245796,0.13056282782258352,0.0,0.9741741741741742,0.22857142857142856
SHP100616,2025-07-07 00:13:12.660550,WH-Mumbai,South,Carrier B,Road,466.3,165.1,114,1939,5540.73,0.2,0,0.2627039079920197,0.12136961173952918,0.31001476543515427,0.0,0.38738738738738737,0.4142857142857143
SHP100236,2025-03-13 15:30:46.538782,WH-Mumbai,West,Carrier A,Road,481.5,145.8,132,4105,18295.03375,0.6,0,0.27162304893791805,0.1066187710180373,1.0,0.16326530612244897,0.821021021021021,0.6714285714285714
SHP100065,2025-01-20 17:35:40.783986,WH-Chennai,North,Carrier C,Rail,458.4,59.0,111,2233,4234.7,1.5,1,0.25806830184250673,0.040278202384591864,0.23936085648314856,0.5306122448979592,0.44624624624624626,0.37142857142857144
SHP100810,2025-09-03 21:43:05.154295,WH-Delhi,North,Carrier C,Sea,233.7,376.3,107,4693,1634.83,0.2,0,0.12621758009623282,0.2827881381840416,0.09871249598067071,0.0,0.9387387387387387,0.3142857142857143
SHP100529,2025-06-10 14:19:54.995829,WH-Bengaluru,South,Carrier C,Sea,520.2,331.7,133,2441,3625.09,1.1,0,0.29433165121464616,0.2487007031488841,0.20638203560136775,0.3673469387755102,0.4878878878878879,0.6857142857142857
SHP100680,2025-07-26 10:31:43.586321,WH-Mumbai,Central,Carrier A,Rail,511.6,545.8,130,1000,3994.58,0.2,0,0.28928529515315105,0.41233567716294706,0.22637078993218449,0.0,0.1993993993993994,0.6428571428571429
SHP100584,2025-06-27 07:03:57.197664,WH-Bengaluru,Central,Carrier B,Road,1192.4,94.1,119,4960,14239.08,1.9,1,0.6887689238352307,0.0671048608988077,0.7805800885385128,0.693877551020408,0.9921921921921922,0.4857142857142857
SHP100804,2025-09-02 02:00:06.005004,WH-Chennai,North,Carrier B,Air,314.6,361.2,132,106,18295.03375,0.5,0,0.17368853420959982,0.2712473249770712,1.0,0.12244897959183672,0.02042042042042042,0.6714285714285714
SHP100851,2025-09-16 08:26:49.341117,WH-Chennai,West,Carrier B,Road,1344.1,744.3,139,4992,17337.67,1.4,1,0.7777842976176504,0.5640476918373586,0.9482083173997146,0.48979591836734687,0.9985985985985986,0.7714285714285715
SHP100169,2025-02-21 07:20:46.038365,WH-Delhi,North,Carrier D,Road,436.8,441.2,131,3490,6073.4,1.5,0,0.2453937331299143,0.33239070620605315,0.3388312686406434,0.5306122448979592,0.6978978978978979,0.6571428571428571
SHP100457,2025-05-19 17:44:05.204336,WH-Kolkata,South,Carrier D,Sea,812.0,245.5,116,868,3596.14,1.1,0,0.46555568595235297,0.18281870987465604,0.20481589189551064,0.3673469387755102,0.17297297297297298,0.44285714285714284
SHP101173,2025-12-23 02:33:43.686405,WH-Delhi,West,Carrier B,Sea,1046.0,133.5,122,3119,4939.74,2.1,1,0.6028635136721042,0.09721797615408131,0.2775022712802988,0.7755102040816326,0.6236236236236237,0.5285714285714286
SHP101037,2025-11-11 19:39:22.969140,WH-Mumbai,East,Carrier D,Air,569.4,215.3,121,3495,18295.03375,1.0,0,0.32320150217110666,0.15973708346071536,1.0,0.32653061224489793,0.6988988988988989,0.5142857142857142
SHP101066,2025-11-20 14:57:08.857381,WH-Mumbai,West,Carrier A,Sea,659.1,512.6,118,3158,2990.95,1.4,1,0.375836169463678,0.38696117395291957,0.17207618518229242,0.48979591836734687,0.6314314314314314,0.4714285714285714
SHP100892,2025-09-28 19:10:33.527939,WH-Kolkata,North,Carrier C,Road,753.4,192.1,123,2234,9479.87,1.2,0,0.43117005046356055,0.14200550290431058,0.5231152599943941,0.4081632653061224,0.44644644644644643,0.5428571428571428
SHP100309,2025-04-04 19:23:46.188490,WH-Kolkata,East,Carrier D,Sea,693.2,289.6,104,689,3641.09,1.7,0,0.39584555803309474,0.21652399877713238,0.20724760725227326,0.6122448979591836,0.13713713713713713,0.2714285714285714
SHP100902,2025-10-01 20:02:12.110091,WH-Chennai,South,Carrier D,Sea,228.8,264.4,122,377,2009.92,0.3,0,0.12334233071235771,0.19726383369000303,0.11900420038930438,0.040816326530612235,0.07467467467467467,0.5285714285714286
SHP100348,2025-04-16 15:33:10.658882,WH-Delhi,East,Carrier D,Road,256.8,197.5,116,2670,3335.97,0.5,0,0.13977232719164417,0.14613268113726688,0.1907411558695056,0.12244897959183672,0.5337337337337338,0.44285714285714284
SHP100962,2025-10-20 01:12:03.603002,WH-Mumbai,South,Carrier D,Road,534.7,174.3,121,2813,6354.01,1.1,0,0.30284004224856237,0.12840110058086213,0.35401177245068016,0.3673469387755102,0.5623623623623624,0.5142857142857142
SHP100877,2025-09-24 05:53:05.654712,WH-Delhi,East,Carrier B,Rail,631.4,149.9,138,4923,4832.4,2.6500000000000004,0,0.35958220866095525,0.10975236930602261,0.2716953674672866,1.0,0.9847847847847848,0.7571428571428571
SHP100012,2025-01-04 15:25:58.298582,WH-Delhi,West,Carrier B,Rail,1052.6,268.7,128,4514,7111.46,0.8,0,0.6067362985565075,0.20055029043106082,0.3949884753868277,0.2448979591836735,0.9029029029029029,0.6142857142857143
SHP101033,2025-11-10 14:30:43.536280,WH-Mumbai,North,Carrier C,Rail,622.0,134.1,118,769,4591.49,0.2,0,0.3540664241286234,0.09767655151329868,0.2586625633160591,0.0,0.15315315315315314,0.4714285714285714
SHP101114,2025-12-05 04:41:02.051709,WH-Delhi,North,Carrier C,Road,780.7,115.1,133,147,9615.53,0.8,0,0.4471892970308649,0.08315499847141546,0.5304542256295091,0.2448979591836735,0.028628628628628628,0.6857142857142857
SHP100274,2025-03-25 04:23:01.150959,WH-Mumbai,South,Carrier A,Road,340.3,263.0,127,4944,18295.03375,1.4,0,0.18876892383523058,0.19619382451849585,1.0,0.48979591836734687,0.988988988988989,0.6
SHP100723,2025-08-08 11:49:47.489574,WH-Mumbai,North,Carrier D,Road,392.9,197.5,125,4150,5120.35,0.9,0,0.2196338457927473,0.14613268113726688,0.2872729522721763,0.2857142857142857,0.8300300300300301,0.5714285714285714
SHP100424,2025-05-09 17:17:39.883236,WH-Bengaluru,North,Carrier D,Rail,830.7,132.3,110,4145,5607.46,1.2,0,0.4765285764581622,0.0963008254356466,0.313624740201712,0.4081632653061224,0.829029029029029,0.35714285714285715
SHP100649,2025-07-17 00:39:37.981651,WH-Bengaluru,East,Carrier C,Air,583.3,222.2,133,4403,18295.03375,0.2,0,0.3313578218518953,0.16501070009171503,1.0,0.0,0.8806806806806807,0.6857142857142857
SHP101196,2025-12-30 02:08:30.425354,WH-Mumbai,Central,Carrier C,Road,510.6,145.6,154,4185,6672.0,0.2,0,0.2886985095646051,0.10646591256496482,0.3712144680301449,0.0,0.837037037037037,0.9857142857142858
SHP100757,2025-08-18 19:33:22.668890,WH-Chennai,South,Carrier C,Road,525.0,269.5,105,4137,7479.74,1.0,0,0.2971482220396667,0.20116172424335063,0.4149117708615447,0.32653061224489793,0.8274274274274275,0.2857142857142857
SHP100350,2025-04-17 06:07:30.375312,WH-Bengaluru,West,Carrier B,Rail,1270.0,169.0,96,2650,9244.33,1.6,0,0.734303485506396,0.12435035157444205,0.5103729633285017,0.5714285714285714,0.5297297297297298,0.15714285714285714
SHP101085,2025-11-26 09:23:16.163469,WH-Mumbai,Central,Carrier D,Road,257.3,109.1,114,1637,3963.49,1.1,0,0.14006571998591716,0.07856924487924181,0.22468887601801873,0.3673469387755102,0.32692692692692693,0.4142857142857143
SHP100181,2025-02-24 22:46:44.336947,WH-Delhi,North,Carrier C,Sea,659.4,72.7,117,240,2603.05,0.8,0,0.3760122051402417,0.05074900642005503,0.15109148247065257,0.2448979591836735,0.04724724724724725,0.45714285714285713
SHP100107,2025-02-02 11:36:34.829024,WH-Bengaluru,North,Carrier B,Rail,1046.6,297.7,118,197,8092.99,1.6,1,0.6032155850252318,0.22271476612656677,0.44808750929390656,0.5714285714285714,0.03863863863863864,0.4714285714285714
SHP100997,2025-10-30 16:12:48.640533,WH-Chennai,South,Carrier C,Sea,1127.0,127.7,117,591,4661.8,2.4,1,0.6503931463443258,0.09278508101498012,0.2624662097395069,0.8979591836734692,0.11751751751751752,0.45714285714285713
SHP100194,2025-02-28 21:29:52.493744,WH-Bengaluru,East,Carrier D,Sea,261.6,198.4,107,517,1965.03,1.5,1,0.14258889801666472,0.14682054417609292,0.11657573092623266,0.5306122448979592,0.10270270270270271,0.3142857142857143
SHP100993,2025-10-29 11:04:09.207673,WH-Mumbai,South,Carrier C,Air,43.2,275.2,109,1772,3037.98,0.9,0,0.014434925478230255,0.2055181901559156,0.17462042485367277,0.2857142857142857,0.35395395395395396,0.34285714285714286
SHP100493,2025-05-30 16:02:00.100083,WH-Delhi,West,Carrier C,Air,1093.7,120.2,119,4551,18295.03375,0.8,0,0.6308531862457458,0.08705288902476306,1.0,0.2448979591836735,0.9103103103103103,0.4857142857142857
SHP100839,2025-09-12 17:00:51.042535,WH-Bengaluru,East,Carrier C,Sea,696.9,399.5,128,2025,4222.84,1.0,0,0.3980166647107147,0.3005197187404463,0.2387192514969149,0.32653061224489793,0.4046046046046046,0.6142857142857143
SHP100599,2025-07-01 20:21:25.070892,WH-Bengaluru,North,Carrier B,Road,858.3,30.9,109,2256,10954.33,0.8,0,0.4927238587020302,0.01880158972791195,0.6028809335190256,0.2448979591836735,0.45085085085085086,0.34285714285714286
SHP100058,2025-01-18 14:35:31.776480,WH-Delhi,Central,Carrier A,Road,572.4,300.8,121,2297,7582.13,0.6,0,0.32496185893674445,0.22508407214918982,0.420450888445058,0.16326530612244897,0.4590590590590591,0.5142857142857142
SHP100735,2025-08-12 03:15:45.788156,WH-Mumbai,West,Carrier C,Road,1648.9,391.2,100,3628,18295.03375,1.6,0,0.9566365450064547,0.29417609293793945,1.0,0.5714285714285714,0.7255255255255255,0.21428571428571427
SHP100088,2025-01-27 17:10:27.522935,WH-Chennai,West,Carrier B,Sea,560.5,206.5,112,578,2957.61,0.6,0,0.3179791104330477,0.15301131152552735,0.17027255025471816,0.16326530612244897,0.11491491491491491,0.38571428571428573
SHP100126,2025-02-08 06:02:42.135112,WH-Chennai,Central,Carrier D,Road,647.9,88.0,140,2382,18295.03375,0.3,0,0.36926417087196334,0.062442678080097826,1.0,0.040816326530612235,0.47607607607607605,0.7857142857142857
SHP100632,2025-07-11 20:47:50.391993,WH-Delhi,West,Carrier A,Road,802.9,123.1,130,1276,9526.44,1.1,0,0.46021593709658487,0.08926933659431366,0.525634614480811,0.3673469387755102,0.25465465465465464,0.6428571428571429
SHP100401,2025-05-02 17:42:53.144286,WH-Delhi,East,Carrier C,Rail,582.4,200.6,117,3084,4881.59,1.6,1,0.3308297148222039,0.1485019871598899,0.2743564593115392,0.5714285714285714,0.6166166166166166,0.45714285714285713
SHP101079,2025-11-24 13:40:17.014178,WH-Kolkata,East,Carrier B,Rail,642.8,109.0,115,3933,4945.24,1.7,0,0.366271564370379,0.07849281565270559,0.27779981153529754,0.6122448979591836,0.7865865865865865,0.42857142857142855
SHP100629,2025-07-10 22:56:20.817347,WH-Chennai,South,Carrier D,Road,469.1,199.0,119,3151,6007.51,1.5,0,0.26434690763994834,0.14727911953531028,0.33526673638575827,0.5306122448979592,0.63003003003003,0.4857142857142857
SHP100560,2025-06-20 00:12:00.600500,WH-Kolkata,West,Carrier C,Rail,358.9,125.2,109,253,3419.47,0.8,0,0.19968313578218516,0.09087435035157444,0.1952583579226686,0.2448979591836735,0.04984984984984985,0.34285714285714286
SHP100904,2025-10-02 10:36:31.826522,WH-Chennai,West,Carrier A,Rail,797.7,183.8,119,4488,5591.29,0.8,0,0.457164652036146,0.13566187710180372,0.31274997185201564,0.2448979591836735,0.8976976976976977,0.4857142857142857
SHP100027,2025-01-09 04:43:26.171809,WH-Mumbai,South,Carrier B,Road,396.8,143.5,134,2977,4665.16,0.7,0,0.22192230958807652,0.10486089880770405,0.26264797978619703,0.20408163265306117,0.5951951951951951,0.7
SHP100314,2025-04-06 07:49:35.479566,WH-Kolkata,North,Carrier B,Road,329.6,368.8,111,1996,5472.41,1.7,0,0.18249031803778898,0.2770559461938245,0.30631877448578787,0.6122448979591836,0.3987987987987988,0.37142857142857144
SHP100446,2025-05-16 09:35:16.763969,WH-Kolkata,South,Carrier C,Road,686.5,241.2,140,2063,8626.11,0.9,0,0.39191409458983684,0.17953225313359825,0.4769283567020774,0.2857142857142857,0.4122122122122122,0.7857142857142857
SHP100323,2025-04-09 01:24:04.203502,WH-Kolkata,North,Carrier D,Road,586.2,135.4,106,984,7500.93,0.8,0,0.33305950005867857,0.09867013145826962,0.4160581123167127,0.2448979591836735,0.1961961961961962,0.3
SHP100808,2025-09-03 07:08:45.437864,WH-Kolkata,Central,Carrier D,Road,380.5,195.1,106,2531,6507.42,0.2,0,0.2123577044947776,0.1442983797003974,0.3623109816360183,0.0,0.5059059059059059,0.3
SHP100195,2025-03-01 04:47:02.351959,WH-Kolkata,Central,Carrier A,Road,827.5,35.2,111,3190,10194.33,0.7,0,0.47465086257481515,0.022088046468969735,0.5617662801010149,0.20408163265306117,0.6378378378378379,0.37142857142857144
SHP100663,2025-07-21 06:39:55.996663,WH-Chennai,North,Carrier D,Air,842.2,159.7,125,4988,18295.03375,0.2,0,0.48327661072644057,0.11724243350657289,1.0,0.0,0.9977977977977978,0.5714285714285714
SHP100119,2025-02-06 03:02:33.127606,WH-Delhi,East,Carrier A,Road,199.0,101.6,100,2721,3401.71,0.2,0,0.10585612017368853,0.07283705288902476,0.19429757339016354,0.0,0.543943943943944,0.21428571428571427
SHP100390,2025-04-29 09:34:04.703919,WH-Delhi,East,Carrier D,Rail,959.2,82.8,122,1904,6710.2,2.0,0,0.5519305245863162,0.058468358300214,0.3732810203466817,0.7346938775510203,0.38038038038038036,0.5285714285714286
SHP100286,2025-03-28 19:48:59.449541,WH-Mumbai,North,Carrier A,Sea,1166.3,331.5,106,1653,5701.86,2.3,1,0.6734538199741814,0.24854784469581165,0.3187316129420544,0.857142857142857,0.33013013013013015,0.3
SHP100709,2025-08-04 05:49:29.474562,WH-Delhi,South,Carrier B,Air,287.4,263.6,142,1967,16209.69,0.8,0,0.15772796620115007,0.19665239987771324,0.8871865979754414,0.2448979591836735,0.392992992992993,0.8142857142857143
SHP100430,2025-05-11 13:00:39.032527,WH-Mumbai,East,Carrier C,Road,173.9,170.3,115,2928,2057.47,0.5,0,0.09112780190118532,0.125343931519413,0.12157657113933912,0.12244897959183672,0.5853853853853854,0.42857142857142855
SHP100641,2025-07-14 14:22:19.115929,WH-Kolkata,North,Carrier D,Sea,640.9,380.2,122,4878,3173.56,0.9,0,0.3651566717521417,0.2857688780189544,0.18195506263053313,0.2857142857142857,0.9757757757757758,0.5285714285714286
SHP100201,2025-03-03 00:30:01.501251,WH-Kolkata,West,Carrier B,Road,354.4,243.6,122,4507,5377.71,0.8,0,0.19704260063372842,0.18136655457046771,0.30119567227699107,0.2448979591836735,0.9015015015015015,0.5285714285714286
SHP100873,2025-09-23 00:44:26.221851,WH-Kolkata,South,Carrier C,Rail,339.8,332.2,102,2640,3697.72,0.6,0,0.18847553104095763,0.24908284928156524,0.21031118991419684,0.16326530612244897,0.5277277277277277,0.24285714285714285
SHP100789,2025-08-28 12:42:38.131776,WH-Delhi,South,Carrier C,Road,628.3,70.5,112,1687,8163.54,1.6,1,0.3577631733364628,0.049067563436258024,0.4519041392921179,0.5714285714285714,0.33693693693693694,0.38571428571428573
SHP100915,2025-10-05 18:45:20.266889,WH-Kolkata,South,Carrier B,Road,789.2,174.0,123,2538,10192.52,2.3,1,0.45217697453350547,0.12817181290125343,0.5616683623080063,0.857142857142857,0.5073073073073073,0.5428571428571428
SHP100280,2025-03-27 00:06:00.300250,WH-Mumbai,North,Carrier C,Rail,443.4,120.7,116,3081,3381.52,0.4,0,0.24926651801431754,0.0874350351574442,0.19320533016317717,0.08163265306122448,0.616016016016016,0.44285714285714284
SHP100133,2025-02-10 09:02:51.142618,WH-Bengaluru,West,Carrier D,Road,1532.5,131.0,117,1519,18020.62,1.6,1,0.8883347024997066,0.09530724549067562,0.9851547023363334,0.5714285714285714,0.3033033033033033,0.45714285714285713
SHP101069,2025-11-21 12:48:38.432026,WH-Delhi,North,Carrier C,Road,379.2,166.8,121,164,4646.56,0.5,0,0.21159488322966785,0.12266890859064505,0.26164175274201945,0.12244897959183672,0.03203203203203203,0.5142857142857142
SHP100090,2025-01-28 07:44:47.239366,WH-Mumbai,West,Carrier B,Rail,650.3,255.8,126,386,5409.68,0.2,0,0.3706724562844736,0.19069092020788747,0.30292519263195655,0.0,0.07647647647647647,0.5857142857142857
SHP100453,2025-05-18 12:35:25.771476,WH-Chennai,South,Carrier D,Sea,227.2,387.4,121,1639,2065.84,1.8,1,0.12240347377068418,0.2912717823295628,0.12202937330921906,0.6530612244897959,0.32732732732732733,0.5142857142857142
SHP100341,2025-04-14 12:33:01.651376,WH-Bengaluru,South,Carrier D,Rail,501.3,141.1,119,2390,3924.1,0.8,0,0.28324140359112776,0.10302659737083458,0.22255794680994584,0.2448979591836735,0.47767767767767766,0.4857142857142857
SHP100142,2025-02-13 02:37:19.866555,WH-Bengaluru,Central,Carrier D,Rail,536.9,38.4,116,2630,3587.44,0.5,0,0.3041309705433634,0.024533781718129012,0.20434523731033077,0.12244897959183672,0.5257257257257257,0.44285714285714284
SHP100824,2025-09-08 03:43:23.169307,WH-Kolkata,West,Carrier D,Air,943.7,311.1,145,598,18295.03375,0.4,0,0.542835347963854,0.23295628248242128,1.0,0.08163265306122448,0.11891891891891893,0.8571428571428571
SHP100080,2025-01-25 06:53:08.657214,WH-Kolkata,West,Carrier A,Road,257.3,299.6,119,4306,4204.77,0.2,0,0.14006571998591716,0.22416692143075512,0.23774169651367352,0.0,0.8612612612612612,0.4857142857142857
SHP101041,2025-11-13 00:48:02.402001,WH-Bengaluru,West,Carrier A,Rail,112.1,78.8,115,574,764.94,0.5,0,0.054864452529045885,0.0554111892387649,0.05165298826778488,0.12244897959183672,0.11411411411411411,0.42857142857142855
SHP100258,2025-03-20 07:48:23.419516,WH-Kolkata,West,Carrier A,Rail,92.7,289.2,125,625,1417.16,1.1,0,0.04348081211125454,0.21621828187098743,0.08693693465238339,0.3673469387755102,0.12432432432432433,0.5714285714285714
SHP100830,2025-09-09 23:26:22.318598,WH-Bengaluru,South,Carrier C,Road,440.4,81.5,140,3513,5355.06,0.9,0,0.2475061612486797,0.05747477835524304,0.299970347408678,0.2857142857142857,0.7025025025025025,0.7857142857142857
SHP100035,2025-01-11 15:00:45.037531,WH-Bengaluru,West,Carrier D,Sea,809.1,545.0,122,2525,4636.66,2.1,1,0.46385400774556973,0.41172424335065727,0.2611061802830216,0.7755102040816326,0.5047047047047047,0.5285714285714286
SHP100555,2025-06-18 11:46:11.309424,WH-Kolkata,East,Carrier D,Road,1227.8,98.7,119,455,14899.55,2.3,1,0.7095411336697571,0.07062060531947417,0.8163103453056094,0.857142857142857,0.09029029029029029,0.4857142857142857
SHP100231,2025-03-12 03:04:57.247706,WH-Kolkata,West,Carrier B,Road,916.8,251.3,99,147,11747.64,2.2,1,0.527050815631968,0.18725160501375726,0.645797598917765,0.8163265306122448,0.028628628628628628,0.2
SHP100736,2025-08-12 10:32:55.646371,WH-Kolkata,East,Carrier D,Road,504.5,442.4,111,781,7107.81,0.7,0,0.2851191174744748,0.3333078569244879,0.3947910168539649,0.20408163265306117,0.15555555555555556,0.37142857142857144
SHP100936,2025-10-12 03:45:47.289407,WH-Kolkata,West,Carrier A,Sea,1714.4,249.8,103,1400,8060.3,2.6,1,0.9950710010562142,0.18610516661571383,0.4463190382146503,0.9795918367346937,0.2794794794794795,0.2571428571428571
SHP100006,2025-01-02 19:42:59.149291,WH-Chennai,Central,Carrier C,Road,354.8,197.5,133,2413,4171.42,0.5,0,0.1972773148691468,0.14613268113726688,0.23593752060381737,0.12244897959183672,0.48228228228228226,0.6857142857142857
SHP100573,2025-06-23 22:55:08.757297,WH-Bengaluru,East,Carrier A,Sea,402.0,154.4,111,3851,2271.25,0.4,0,0.2249735946485154,0.11319168450015285,0.13314169036000006,0.08163265306122448,0.7701701701701702,0.37142857142857144
SHP100527,2025-06-09 23:45:35.279399,WH-Kolkata,West,Carrier B,Rail,360.4,283.0,94,4177,4218.67,0.6,0,0.2005633141650041,0.21147966982574135,0.23849366188539764,0.16326530612244897,0.8354354354354354,0.12857142857142856
SHP100047,2025-01-15 06:26:43.336113,WH-Mumbai,East,Carrier A,Road,397.4,311.1,129,4087,5704.54,0.6,0,0.22227438094120405,0.23295628248242128,0.31887659619358105,0.16326530612244897,0.8174174174174175,0.6285714285714286
SHP101062,2025-11-19 09:48:29.424520,WH-Kolkata,North,Carrier D,Road,200.9,176.4,114,1852,2514.55,1.4,0,0.10697101279192583,0.1300061143381229,0.1463037892765816,0.48979591836734687,0.36996996996996995,0.4142857142857143
SHP101017,2025-11-05 17:56:05.804837,WH-Delhi,Central,Carrier C,Road,291.2,312.4,127,952,4652.21,0.3,0,0.15995775143762467,0.23394986242739219,0.2619474077312454,0.040816326530612235,0.1897897897897898,0.6
SHP100705,2025-08-03 00:40:50.041701,WH-Delhi,West,Carrier D,Road,1135.4,257.0,117,2791,14500.15,0.8,0,0.6553221452881118,0.1916080709263222,0.7947035129698812,0.2448979591836735,0.557957957957958,0.45714285714285713
SHP100363,2025-04-21 04:50:38.532110,WH-Bengaluru,East,Carrier B,Rail,496.6,130.1,119,3333,4218.67,1.3,0,0.28048351132496185,0.09461938245184957,0.23849366188539764,0.4489795918367347,0.6664664664664665,0.4857142857142857
SHP100094,2025-01-29 12:53:26.672226,WH-Chennai,South,Carrier A,Sea,571.4,148.4,124,1683,2926.54,1.4,1,0.32437507334819854,0.1086059309079792,0.16859171830511605,0.48979591836734687,0.33613613613613613,0.5571428571428572
SHP100538,2025-06-13 07:54:23.719766,WH-Chennai,West,Carrier B,Road,719.8,369.5,133,3358,9922.13,0.4,0,0.4114540546884168,0.27759095077957807,0.5470407423899853,0.08163265306122448,0.6714714714714715,0.6857142857142857
SHP101038,2025-11-12 02:56:32.827356,WH-Delhi,South,Carrier C,Road,216.2,162.6,103,4311,2872.87,0.2,0,0.11594883229667878,0.11945888107612349,0.16568826639860995,0.0,0.8622622622622622,0.2571428571428571
SHP101104,2025-12-02 03:49:23.469557,WH-Chennai,South,Carrier B,Sea,650.0,229.1,93,256,3453.49,2.2,1,0.3704964206079098,0.17028431672271474,0.1970987796454064,0.8163265306122448,0.05045045045045045,0.11428571428571428
SHP100428,2025-05-10 22:26:19.316096,WH-Delhi,South,Carrier D,Road,296.7,208.3,131,1908,4947.2,0.4,0,0.16318507217462735,0.15438703760317946,0.2779058440625335,0.08163265306122448,0.38118118118118116,0.6571428571428571
SHP100960,2025-10-19 10:37:43.886572,WH-Delhi,East,Carrier C,Rail,307.1,170.1,120,536,3126.67,1.1,0,0.16928764229550522,0.12519107306634056,0.17941839671109824,0.3673469387755102,0.1065065065065065,0.5
SHP100487,2025-05-28 20:19:00.950792,WH-Delhi,West,Carrier A,Air,316.0,401.1,108,3266,18295.03375,0.2,0,0.1745100340335641,0.301742586365026,1.0,0.0,0.6530530530530531,0.32857142857142857
SHP100148,2025-02-14 22:20:19.015846,WH-Mumbai,South,Carrier D,Road,312.4,131.2,123,3825,4434.85,0.5,0,0.1723976059147987,0.09546010394374807,0.2501886168536944,0.12244897959183672,0.7649649649649649,0.5428571428571428
SHP100581,2025-06-26 09:12:27.623019,WH-Delhi,West,Carrier B,Road,692.0,36.8,119,1921,8341.11,0.7,0,0.39514141532683955,0.023310914093549368,0.46151036167032344,0.20408163265306117,0.3837837837837838,0.4857142857142857
SHP100008,2025-01-03 10:17:18.865721,WH-Bengaluru,South,Carrier B,Rail,554.7,71.2,133,3530,4737.69,0.2,0,0.3145757540194813,0.04960256802201162,0.26657172427620796,0.0,0.7059059059059059,0.6857142857142857
SHP100684,2025-07-27 15:40:23.019182,WH-Chennai,North,Carrier B,Road,548.9,399.1,126,1718,6787.53,0.5,0,0.31117239760591475,0.3002140018343014,0.3774644363319643,0.12244897959183672,0.34314314314314315,0.5857142857142857
SHP100120,2025-02-06 10:19:42.985821,WH-Bengaluru,North,Carrier B,Road,264.3,371.8,119,806,3672.58,0.2,0,0.14417321910573877,0.2793488229899113,0.2089511604577116,0.0,0.16056056056056056,0.4857142857142857
SHP100827,2025-09-09 01:34:52.743953,WH-Chennai,West,Carrier B,Air,1722.8,136.3,139,2750,18295.03375,1.0,0,1.0,0.09935799449709569,1.0,0.32653061224489793,0.5497497497497498,0.7714285714285715
SHP100547,2025-06-16 01:28:52.443703,WH-Mumbai,Central,Carrier D,Road,1041.7,259.8,112,1046,12374.02,1.8,1,0.6003403356413567,0.1937480892693366,0.6796836470861511,0.6530612244897959,0.2086086086086086,0.38571428571428573
SHP100725,2025-08-09 02:24:07.206005,WH-Kolkata,East,Carrier C,Road,522.9,516.9,118,1304,7301.07,1.2,0,0.2959159723037202,0.39024763069397733,0.40524604043233947,0.4081632653061224,0.2602602602602603,0.4714285714285714
SHP100019,2025-01-06 18:26:07.306088,WH-Delhi,Central,Carrier A,Road,231.4,50.2,123,4507,3094.96,1.4,1,0.12486797324257716,0.033552430449403856,0.17770294189545993,0.48979591836734687,0.9015015015015015,0.5428571428571428
SHP100087,2025-01-27 09:53:17.664720,WH-Delhi,North,Carrier C,Road,536.3,450.6,125,1110,7960.27,1.4,0,0.3037788991902358,0.3395750535004586,0.44090759244964556,0.48979591836734687,0.22142142142142143,0.5714285714285714
SHP100311,2025-04-05 09:58:05.904920,WH-Kolkata,Central,Carrier C,Air,312.8,250.9,96,4881,18033.09,0.4,0,0.1726323201502171,0.18694588810761234,0.985829307241758,0.08163265306122448,0.9763763763763764,0.15714285714285714
SHP100742,2025-08-14 06:15:54.795663,WH-Mumbai,North,Carrier B,Road,488.3,168.1,136,3700,5925.24,0.8,0,0.2756131909400305,0.123662488535616,0.33081607515325856,0.2448979591836735,0.7399399399399399,0.7285714285714285
SHP100816,2025-09-05 17:26:04.303586,WH-Delhi,North,Carrier A,Sea,432.5,159.7,135,3288,3500.74,1.1,0,0.24287055509916675,0.11724243350657289,0.19965492092698667,0.3673469387755102,0.6574574574574574,0.7142857142857143
SHP100471,2025-05-23 23:44:23.219349,WH-Mumbai,South,Carrier C,Road,360.6,94.1,124,4785,4150.9,0.8,0,0.2006806712827133,0.0671048608988077,0.23482742496153106,0.2448979591836735,0.9571571571571572,0.5571428571428572
SHP100186,2025-02-26 11:12:33.628023,WH-Bengaluru,North,Carrier C,Air,486.2,238.1,122,782,18295.03375,1.0,0,0.274380941204084,0.17716294711097522,1.0,0.32653061224489793,0.15575575575575576,0.5285714285714286
SHP101156,2025-12-17 22:41:56.096747,WH-Mumbai,South,Carrier C,Rail,561.4,76.8,120,1318,3846.77,0.7,0,0.3185072174627391,0.05388260470804035,0.21837453082466327,0.20408163265306117,0.26306306306306304,0.5
SHP100239,2025-03-14 13:22:16.113427,WH-Kolkata,West,Carrier B,Road,687.3,157.9,134,4933,7926.6,0.3,0,0.3923835230606736,0.1158667074289208,0.4390861051067713,0.040816326530612235,0.9867867867867868,0.7
SHP100840,2025-09-13 00:18:00.900750,WH-Delhi,East,Carrier A,Rail,263.5,71.3,118,3535,1855.4,0.9,0,0.14370379063490202,0.049678997248547845,0.11064494217068466,0.2857142857142857,0.7069069069069069,0.4714285714285714
SHP100101,2025-01-31 15:53:35.679733,WH-Delhi,West,Carrier C,Sea,611.8,256.4,123,990,2794.49,2.4,1,0.3480812111254547,0.1911494955671048,0.1614480472737367,0.8979591836734692,0.1973973973973974,0.5428571428571428
SHP100571,2025-06-23 08:20:49.040867,WH-Bengaluru,West,Carrier D,Road,306.1,271.6,111,362,4832.5,0.3,0,0.16870085670695928,0.20276673800061143,0.2717007772901048,0.040816326530612235,0.07167167167167167,0.37142857142857144
SHP100521,2025-06-08 04:02:36.130108,WH-Kolkata,East,Carrier C,Air,695.8,239.0,126,2515,18295.03375,0.5,0,0.3973712005633141,0.17785081014980125,1.0,0.12244897959183672,0.5027027027027027,0.5857142857142857
SHP101194,2025-12-29 11:34:10.708924,WH-Chennai,West,Carrier A,Road,706.2,200.9,122,268,8707.09,1.0,0,0.403473770684192,0.1487312748394986,0.4813092312202228,0.32653061224489793,0.05285285285285285,0.5285714285714286
SHP100198,2025-03-02 02:38:31.926605,WH-Chennai,South,Carrier A,Sea,332.6,160.3,135,2716,2163.44,1.1,0,0.18425067480342683,0.11770100886579027,0.12730936037974253,0.3673469387755102,0.542942942942943,0.7142857142857143
SHP100602,2025-07-02 18:12:54.645537,WH-Delhi,North,Carrier A,Rail,698.4,361.2,125,2648,5910.92,0.5,0,0.39889684309353357,0.2712473249770712,0.3300413885256982,0.12244897959183672,0.5293293293293293,0.5714285714285714
SHP100888,2025-09-27 14:01:54.095079,WH-Kolkata,West,Carrier C,Road,500.0,141.4,107,2192,5672.87,0.8,0,0.2824785823260181,0.10325588505044328,0.31716330530707,0.2448979591836735,0.43803803803803804,0.3142857142857143
SHP100978,2025-10-24 21:46:41.334445,WH-Delhi,South,Carrier B,Sea,1248.4,277.0,113,2847,5878.98,2.6500000000000004,1,0.7216289167938036,0.2068939162335677,0.32831349111757807,1.0,0.5691691691691692,0.4
SHP100664,2025-07-21 13:57:05.854879,WH-Chennai,Central,Carrier C,Road,830.3,490.7,97,160,12068.5,1.2,0,0.4762938622227438,0.37022317334148575,0.6631555564121109,0.4081632653061224,0.03123123123123123,0.17142857142857143
SHP100382,2025-04-26 23:16:45.838198,WH-Delhi,South,Carrier C,Road,337.3,150.4,123,4312,4441.42,0.6,0,0.18700856706959276,0.11013451543870374,0.25054404221284743,0.16326530612244897,0.8624624624624625,0.5428571428571428
SHP100700,2025-08-01 12:15:00.750625,WH-Kolkata,South,Carrier A,Rail,334.1,146.3,126,1841,2884.9,0.9,0,0.18513085318624575,0.10700091715071842,0.16633906808363452,0.2857142857142857,0.36776776776776776,0.5857142857142857
SHP100204,2025-03-03 22:21:31.075896,WH-Kolkata,Central,Carrier D,Road,173.8,904.7,119,2938,3245.19,0.3,0,0.09106912334233072,0.6866401712014675,0.18583011871518063,0.040816326530612235,0.5873873873873874,0.4857142857142857
SHP100702,2025-08-02 02:49:20.467055,WH-Bengaluru,South,Carrier A,Road,280.4,176.2,129,721,3324.44,1.2,0,0.15362046708132845,0.12985325588505042,0.19011740329857185,0.4081632653061224,0.14354354354354354,0.6285714285714286
SHP100393,2025-04-30 07:25:34.278565,WH-Chennai,East,Carrier B,Rail,341.7,82.2,135,4922,3006.87,0.2,0,0.1895904236591949,0.05800978294099664,0.1729374289749434,0.0,0.9845845845845845,0.7142857142857143
SHP100935,2025-10-11 20:28:37.431192,WH-Delhi,South,Carrier A,Road,920.4,409.2,123,4812,12148.17,2.4,0,0.5291632437507334,0.30793335371446034,0.6674655622513384,0.8979591836734692,0.9625625625625626,0.5428571428571428
SHP100582,2025-06-26 16:29:37.481234,WH-Chennai,North,Carrier C,Air,980.7,220.6,124,630,18295.03375,0.6,0,0.564546414740054,0.1637878324671354,1.0,0.16326530612244897,0.12532532532532534,0.5571428571428572
SHP100512,2025-06-05 10:28:07.406171,WH-Bengaluru,East,Carrier D,Rail,645.1,226.4,129,1967,5119.57,0.2,0,0.3676211712240347,0.1682207276062366,0.28723075565419465,0.0,0.392992992992993,0.6285714285714286
SHP100041,2025-01-13 10:43:44.186822,WH-Mumbai,West,Carrier D,Air,999.2,71.8,110,469,18295.03375,0.2,0,0.5754019481281539,0.05006114338122898,1.0,0.0,0.09309309309309309,0.35714285714285715
SHP100283,2025-03-27 21:57:29.874895,WH-Delhi,North,Carrier C,Road,171.6,97.8,136,1532,2656.51,0.8,0,0.08977819504752962,0.06993274228064811,0.15398357374924054,0.2448979591836735,0.3059059059059059,0.7285714285714285
SHP100650,2025-07-17 07:56:47.839866,WH-Delhi,South,Carrier A,Road,1127.7,98.1,118,3546,13567.21,1.8,1,0.650803896256308,0.07016202996025679,0.7442331119701459,0.6530612244897959,0.7091091091091091,0.4714285714285714
SHP100639,2025-07-13 23:47:59.399499,WH-Kolkata,West,Carrier B,Rail,1291.0,243.4,129,2661,9693.83,0.7,0,0.7466259828658608,0.18121369611739527,0.5346901168961278,0.20408163265306117,0.5319319319319319,0.6285714285714286
SHP100620,2025-07-08 05:21:52.093411,WH-Chennai,East,Carrier B,Road,152.4,227.3,136,4979,2156.22,1.279504021036675,0,0.07851191174744748,0.16890859064506267,0.1269187711722714,0.44061388613741836,0.995995995995996,0.7285714285714285
SHP100455,2025-05-19 03:09:45.487906,WH-Bengaluru,South,Carrier B,Road,468.5,133.0,142,30,5308.06,0.5,0,0.2639948362868208,0.09683583002140018,0.29742773068414313,0.12244897959183672,0.005205205205205205,0.8142857142857143
SHP100868,2025-09-21 12:18:36.930775,WH-Chennai,West,Carrier B,Road,522.6,181.2,123,4559,7386.41,1.5,0,0.2957399366271564,0.13367471721186178,0.40986278322535663,0.5306122448979592,0.9119119119119119,0.5428571428571428
SHP100154,2025-02-16 18:03:18.165137,WH-Kolkata,North,Carrier B,Air,300.6,80.9,127,3521,16322.33,1.0,0,0.16547353596995656,0.05701620299602568,0.893280222397816,0.32653061224489793,0.7041041041041041,0.6
SHP100559,2025-06-19 16:54:50.742285,WH-Chennai,South,Carrier D,Road,111.3,209.9,115,1946,1712.17,0.9,0,0.054395024058209125,0.15560990522775908,0.10289645294823511,0.2857142857142857,0.3887887887887888,0.42857142857142855
SHP100776,2025-08-24 13:59:29.974979,WH-Kolkata,West,Carrier C,Road,434.9,752.8,131,4251,6507.42,0.9,0,0.244278840511677,0.570544176092938,0.3623109816360183,0.2857142857142857,0.8502502502502503,0.6571428571428571
SHP100111,2025-02-03 16:45:14.261884,WH-Delhi,North,Carrier A,Road,636.2,151.4,126,3692,8611.97,0.7,0,0.3623987794859758,0.11089880770406603,0.47616340775558963,0.20408163265306117,0.7383383383383383,0.5857142857142857
SHP100937,2025-10-12 11:02:57.147623,WH-Bengaluru,Central,Carrier D,Road,539.4,124.4,100,566,6855.12,1.8,1,0.3055979345147283,0.09026291653928463,0.3811209355747582,0.6530612244897959,0.11251251251251251,0.21428571428571427
SHP100880,2025-09-25 03:44:35.229357,WH-Delhi,West,Carrier B,Road,451.2,272.5,112,1965,6155.95,0.2,0,0.2538434456049759,0.20345460103943747,0.34329707737703385,0.0,0.3925925925925926,0.38571428571428573
SHP101158,2025-12-18 13:16:15.813177,WH-Kolkata,South,Carrier B,Rail,604.2,184.8,97,2773,5381.01,0.4,0,0.34362164065250556,0.136426169367166,0.3013741964299903,0.08163265306122448,0.5543543543543543,0.17142857142857143
SHP100903,2025-10-02 03:19:21.968306,WH-Bengaluru,East,Carrier A,Sea,620.1,29.0,110,2219,2705.91,1.5,1,0.3529515315103861,0.01734943442372363,0.1566560262214112,0.5306122448979592,0.44344344344344344,0.35714285714285715
SHP101101,2025-12-01 05:57:53.894912,WH-Mumbai,East,Carrier B,Road,1007.9,502.5,115,4042,13753.44,1.1,0,0.5805069827485037,0.3792418220727606,0.7543078250044041,0.3673469387755102,0.8084084084084084,0.42857142857142855
SHP100912,2025-10-04 20:53:50.692243,WH-Delhi,South,Carrier D,Road,1133.4,145.3,113,3942,13213.82,2.0,1,0.6541485741110199,0.10623662488535615,0.7251153391130528,0.7346938775510203,0.7883883883883884,0.4
SHP100864,2025-09-20 07:09:57.497914,WH-Mumbai,West,Carrier C,Road,416.5,200.3,133,338,6236.3,1.9,1,0.23348198568243161,0.14827269948028124,0.3476438700114249,0.693877551020408,0.06686686686686687,0.6857142857142857
SHP100769,2025-08-22 10:59:20.967472,WH-Delhi,Central,Carrier D,Rail,329.7,242.2,101,1275,3327.15,0.2,0,0.18254899659664356,0.18029654539896053,0.19026400949694397,0.0,0.25445445445445447,0.22857142857142856
SHP101098,2025-11-30 08:06:24.320266,WH-Kolkata,West,Carrier D,Road,124.7,187.7,117,535,1487.01,0.4,0,0.06225795094472479,0.13864261693671656,0.09071569589086764,0.08163265306122448,0.1063063063063063,0.45714285714285713
SHP100686,2025-07-28 06:14:42.735613,WH-Mumbai,East,Carrier B,Road,516.9,129.4,103,3181,6387.35,1.2,0,0.2923952587724445,0.094084377866096,0.3558154073782545,0.4081632653061224,0.6360360360360361,0.2571428571428571
SHP100855,2025-09-17 13:35:28.773978,WH-Bengaluru,Central,Carrier D,Rail,479.0,405.0,115,4286,3927.11,0.9,0,0.2701560849665532,0.3047233261999388,0.22272078247677243,0.2857142857142857,0.8572572572572572,0.42857142857142855
SHP101084,2025-11-26 02:06:06.305254,WH-Delhi,Central,Carrier C,Road,1384.2,389.6,111,1688,18295.03375,1.0,0,0.801314399718343,0.2929532253133598,1.0,0.32653061224489793,0.3371371371371371,0.37142857142857144
SHP100640,2025-07-14 07:05:09.257714,WH-Mumbai,Central,Carrier A,Rail,783.9,95.3,136,464,5558.28,2.0,0,0.4490670109142119,0.06802201161724243,0.31096418933974124,0.7346938775510203,0.0920920920920921,0.7285714285714285
SHP101185,2025-12-26 17:59:41.984987,WH-Mumbai,West,Carrier D,Road,241.6,168.7,122,937,3445.59,0.3,0,0.1308531862457458,0.12412106389483336,0.19667140364277183,0.040816326530612235,0.18678678678678678,0.5285714285714286
SHP100321,2025-04-08 10:49:44.487072,WH-Delhi,South,Carrier A,Sea,505.9,337.4,131,602,2251.92,2.2,1,0.2859406172984391,0.25305716906144904,0.13209597160924988,0.8163265306122448,0.11971971971971972,0.6571428571428571
SHP100163,2025-02-19 11:37:46.889074,WH-Chennai,East,Carrier A,Road,245.4,154.0,147,2451,3140.48,0.3,0,0.1330829714822204,0.11288596759400793,0.18016549324228603,0.040816326530612235,0.4898898898898899,0.8857142857142857
SHP100268,2025-03-23 08:40:02.001668,WH-Kolkata,North,Carrier B,Road,1320.1,458.4,115,1225,17484.82,1.0,0,0.7637014434925478,0.34553653317028427,0.956168871676636,0.32653061224489793,0.24444444444444444,0.42857142857142855
SHP100994,2025-10-29 18:21:19.065888,WH-Bengaluru,Central,Carrier B,Rail,708.1,257.4,125,4266,6155.23,0.8,0,0.40458866330242926,0.1919137878324671,0.34325812665274313,0.2448979591836735,0.8532532532532533,0.5714285714285714
SHP100078,2025-01-24 16:18:48.940783,WH-Chennai,North,Carrier B,Air,153.3,83.5,118,1830,9267.14,0.2,0,0.07904001877713884,0.059003362885967595,0.5116069439133238,0.0,0.3655655655655656,0.4714285714285714
SHP101013,2025-11-04 12:47:26.371976,WH-Chennai,West,Carrier C,Rail,291.1,229.0,118,3347,2162.73,0.7,0,0.1598990728787701,0.17020788749617852,0.12727095063773358,0.20408163265306117,0.6692692692692692,0.4714285714285714
SHP100775,2025-08-24 06:42:20.116763,WH-Delhi,South,Carrier C,Road,924.6,244.6,122,373,11179.06,1.0,0,0.5316277432226264,0.18213084683583,0.6150384283382749,0.32653061224489793,0.07387387387387387,0.5285714285714286
SHP100228,2025-03-11 05:13:27.673060,WH-Kolkata,Central,Carrier A,Sea,639.6,364.0,133,4521,4119.75,1.4,1,0.36439385048703204,0.2733873433200856,0.23314226515367445,0.48979591836734687,0.9043043043043043,0.6857142857142857
SHP100060,2025-01-19 05:09:51.492910,WH-Mumbai,East,Carrier C,Road,172.6,52.5,124,3166,1944.86,0.8,0,0.09036498063607558,0.035310302659737086,0.11548456966380993,0.2448979591836735,0.633033033033033,0.5571428571428572
SHP100867,2025-09-21 05:01:27.072560,WH-Bengaluru,East,Carrier B,Air,1091.5,171.9,104,78,18295.03375,0.2,0,0.6295622579509448,0.12656679914399266,1.0,0.0,0.014814814814814815,0.2714285714285714
SHP100990,2025-10-28 13:12:39.633027,WH-Chennai,North,Carrier D,Road,553.5,109.5,129,1416,6774.03,0.3,0,0.3138716113132261,0.07887496178538674,0.37673411025151277,0.040816326530612235,0.2826826826826827,0.6285714285714286
SHP101027,2025-11-08 18:47:44.386989,WH-Kolkata,North,Carrier C,Road,794.8,137.2,121,4848,10406.79,1.5,1,0.4554629738293627,0.10004585753592171,0.5732599896604762,0.5306122448979592,0.9697697697697698,0.5142857142857142
SHP100525,2025-06-09 09:11:15.562969,WH-Bengaluru,Central,Carrier D,Road,681.8,197.5,117,3356,9932.07,1.1,0,0.3891562023236709,0.14613268113726688,0.5475784787781104,0.3673469387755102,0.6710710710710711,0.45714285714285713
SHP101060,2025-11-18 19:14:09.708090,WH-Mumbai,North,Carrier D,Rail,135.7,370.6,117,1967,1690.13,1.3,0,0.06871259241873019,0.2784316722714766,0.10170412799911281,0.4489795918367347,0.392992992992993,0.45714285714285713
SHP100200,2025-03-02 17:12:51.643035,WH-Chennai,South,Carrier C,Rail,345.9,319.6,103,4482,3573.5,0.5,0,0.19205492313108788,0.23945276673800062,0.20359110800947938,0.12244897959183672,0.8964964964964965,0.2571428571428571
SHP101155,2025-12-17 15:24:46.238532,WH-Kolkata,North,Carrier D,Road,277.2,52.6,122,1769,2601.87,0.7,0,0.15174275319798144,0.03538673188627331,0.15102764656139828,0.20408163265306117,0.3533533533533533,0.5285714285714286
SHP100188,2025-02-27 01:46:53.344453,WH-Chennai,West,Carrier B,Rail,442.8,66.0,110,7,2991.0,0.4,0,0.24891444666118998,0.045628248242127786,0.17207889009370153,0.08163265306122448,0.0006006006006006006,0.35714285714285715
SHP100711,2025-08-04 20:23:49.190992,WH-Bengaluru,Central,Carrier C,Road,152.5,677.5,120,4816,2711.98,0.8,0,0.07857059030630208,0.5129929685111587,0.1569844024664735,0.2448979591836735,0.9633633633633634,0.5
SHP100828,2025-09-09 08:52:02.602168,WH-Bengaluru,South,Carrier D,Road,737.2,171.8,126,2584,9149.44,0.4,0,0.4216641239291163,0.12649036991745644,0.5052395824563504,0.08163265306122448,0.5165165165165165,0.5857142857142857
SHP101016,2025-11-05 10:38:55.946622,WH-Mumbai,East,Carrier D,Road,545.4,197.5,133,4715,6482.13,0.5,0,0.309118648046004,0.14613268113726688,0.36094283744530586,0.12244897959183672,0.9431431431431432,0.6857142857142857
SHP100710,2025-08-04 13:06:39.332777,WH-Kolkata,North,Carrier A,Air,552.1,433.2,109,3888,18295.03375,0.6,0,0.3130501114892618,0.32627636808315497,1.0,0.16326530612244897,0.7775775775775776,0.34285714285714286
SHP100979,2025-10-25 05:03:51.192660,WH-Kolkata,East,Carrier A,Road,474.3,558.6,117,2435,7841.7,1.2,0,0.2673981927003873,0.42211861815958424,0.43449316553415407,0.4081632653061224,0.4866866866866867,0.45714285714285713
SHP100062,2025-01-19 19:44:11.209341,WH-Delhi,East,Carrier C,Road,434.1,66.5,113,183,4894.53,0.5,0,0.24380941204084028,0.04601039437480892,0.275056490384209,0.12244897959183672,0.035835835835835834,0.4
SHP101146,2025-12-14 21:50:17.514595,WH-Mumbai,Central,Carrier D,Road,303.4,137.9,129,3220,3175.76,0.9,0,0.1671165356178852,0.10058086212167532,0.18207407873253265,0.2857142857142857,0.6438438438438439,0.6285714285714286
SHP100288,2025-03-29 10:23:19.165971,WH-Mumbai,Central,Carrier A,Sea,503.1,277.9,109,238,2455.0,1.3,0,0.2842976176505105,0.2075817792723937,0.14308223978836773,0.4489795918367347,0.04684684684684685,0.34285714285714286
SHP100813,2025-09-04 19:34:34.728940,WH-Kolkata,North,Carrier A,Road,403.1,301.9,135,2011,4934.71,1.0,0,0.22561905879591596,0.2259247936410883,0.2772301571925454,0.32653061224489793,0.4018018018018018,0.7142857142857143
SHP100099,2025-01-31 01:19:15.963302,WH-Delhi,West,Carrier D,Road,750.5,542.6,135,4246,10618.43,0.9,0,0.42946837225677736,0.40988994191378786,0.5847093386728285,0.2857142857142857,0.8492492492492493,0.7142857142857143
SHP100304,2025-04-03 06:57:56.897414,WH-Bengaluru,West,Carrier D,Rail,736.5,287.9,130,1221,6855.35,0.8,0,0.42125337401713414,0.21522470192601648,0.38113337816723997,0.2448979591836735,0.24364364364364363,0.6428571428571429
SHP100659,2025-07-20 01:31:16.563803,WH-Kolkata,Central,Carrier D,Road,271.6,304.3,118,111,4267.25,0.8,0,0.14845675390212418,0.2277590950779578,0.24112175381045942,0.2448979591836735,0.02142142142142142,0.4714285714285714
SHP100729,2025-08-10 07:32:46.638865,WH-Mumbai,East,Carrier D,Sea,819.7,140.8,124,4529,3929.38,1.1,0,0.4700739349841568,0.10279730969122591,0.22284358545474464,0.3673469387755102,0.9059059059059059,0.5571428571428572
SHP100647,2025-07-16 10:05:18.265221,WH-Mumbai,North,Carrier D,Sea,215.7,187.9,129,1374,1702.58,0.2,0,0.11565543950240581,0.13879547538978904,0.10237765093997363,0.0,0.27427427427427425,0.6285714285714286
SHP100076,2025-01-24 01:44:29.224353,WH-Chennai,South,Carrier D,Sea,243.7,118.5,131,3854,937.0,0.6,0,0.13208543598169228,0.0857535921736472,0.060961129408709756,0.16326530612244897,0.7707707707707707,0.6571428571428571
SHP100211,2025-03-06 01:21:40.083402,WH-Kolkata,East,Carrier C,Sea,581.2,102.6,124,2447,2533.84,2.0,1,0.33012557211594884,0.07360134515438703,0.14734734409820455,0.7346938775510203,0.4890890890890891,0.5571428571428572
SHP101164,2025-12-20 08:59:14.962468,WH-Delhi,West,Carrier C,Air,506.5,227.6,112,1403,18295.03375,0.2,0,0.2862926886515667,0.16913787832467134,1.0,0.0,0.28008008008008006,0.38571428571428573
SHP101144,2025-12-14 07:15:57.798165,WH-Kolkata,South,Carrier B,Road,604.8,278.7,130,3720,6507.42,0.9,0,0.3439737120056331,0.20819321308468355,0.3623109816360183,0.2857142857142857,0.7439439439439439,0.6428571428571429
SHP100443,2025-05-15 11:43:47.189324,WH-Chennai,North,Carrier C,Rail,687.0,139.5,111,1439,5039.46,0.3,0,0.3922074873841098,0.10180372974625496,0.28289694659456727,0.040816326530612235,0.2872872872872873,0.37142857142857144
SHP100244,2025-03-16 01:48:05.404503,WH-Kolkata,North,Carrier A,Road,1095.5,533.1,117,1078,14867.38,1.8,1,0.6319094003051285,0.40262916539284627,0.8145700053050076,0.6530612244897959,0.21501501501501502,0.45714285714285713
SHP100587,2025-06-28 04:55:26.772310,WH-Bengaluru,West,Carrier C,Rail,351.4,261.1,118,3667,3507.22,0.2,0,0.19528224386809057,0.19474166921430755,0.2000054774456034,0.0,0.7333333333333333,0.4714285714285714
SHP100336,2025-04-13 00:07:12.360300,WH-Delhi,West,Carrier A,Air,900.8,228.7,140,175,18295.03375,0.7,0,0.5176622462152329,0.16997859981656982,1.0,0.20408163265306117,0.03423423423423423,0.7857142857142857
SHP100205,2025-03-04 05:38:40.934111,WH-Kolkata,West,Carrier A,Road,298.3,410.7,132,905,4090.39,0.4,0,0.1641239291163009,0.3090797921125038,0.23155394117426292,0.08163265306122448,0.18038038038038037,0.6714285714285714
SHP100607,2025-07-04 06:38:43.936613,WH-Mumbai,Central,Carrier A,Road,560.8,371.6,124,4937,8454.12,0.3,0,0.3181551461096115,0.27919596453683887,0.46762400243712526,0.040816326530612235,0.9875875875875876,0.5571428571428572
SHP100927,2025-10-09 10:11:18.565471,WH-Chennai,West,Carrier D,Sea,388.2,146.7,122,507,1630.51,1.0,0,0.21687595352658137,0.10730663405686332,0.09847879163492622,0.32653061224489793,0.1007007007007007,0.5285714285714286
SHP100220,2025-03-08 18:56:08.807339,WH-Bengaluru,South,Carrier A,Road,287.9,354.9,111,1925,4103.1,0.2,0,0.15802135899542305,0.2664322837052889,0.23224152965445097,0.0,0.3845845845845846,0.37142857142857144
SHP100262,2025-03-21 12:57:02.852376,WH-Mumbai,North,Carrier C,Road,461.8,417.3,111,1418,6785.12,1.6,1,0.26006337284356296,0.3141241210638948,0.3773340596020467,0.5714285714285714,0.2830830830830831,0.37142857142857144
SHP100034,2025-01-11 07:43:35.179316,WH-Kolkata,East,Carrier B,Road,851.3,197.5,98,1597,10514.15,1.7,1,0.4886163595822086,0.14613268113726688,0.579067975438052,0.6122448979591836,0.31891891891891894,0.18571428571428572
SHP100085,2025-01-26 19:18:57.948290,WH-Kolkata,South,Carrier C,Sea,201.5,262.8,133,842,1543.52,1.4,1,0.1073230841450534,0.1960409660654234,0.09377278676540947,0.48979591836734687,0.16776776776776778,0.6857142857142857
SHP100857,2025-09-18 04:09:48.490408,WH-Mumbai,Central,Carrier C,Road,819.1,128.6,140,4718,9389.5,0.7,0,0.4697218636310292,0.09347294405380617,0.5182264031136236,0.20408163265306117,0.9437437437437437,0.7857142857142857
SHP100156,2025-02-17 08:37:37.881567,WH-Bengaluru,East,Carrier D,Road,745.6,277.6,114,3871,9770.51,1.0,0,0.42659312287290224,0.20735249159278507,0.5388383690330922,0.32653061224489793,0.7741741741741742,0.4142857142857143
SHP101124,2025-12-08 05:32:40.633861,WH-Kolkata,East,Carrier D,Road,292.6,144.9,130,398,3699.57,0.2,0,0.160779251261589,0.10593090797921124,0.2104112716363328,0.0,0.07887887887887887,0.6428571428571429
SHP100516,2025-06-06 15:36:46.839032,WH-Kolkata,East,Carrier D,Road,524.4,316.8,106,4901,7414.18,0.8,0,0.2967961506865391,0.23731274839498623,0.4113650910219595,0.2448979591836735,0.9803803803803803,0.3
SHP100861,2025-09-19 09:18:27.923269,WH-Mumbai,Central,Carrier C,Road,445.1,177.0,109,1787,18295.03375,0.2,0,0.25026405351484565,0.13046468969734024,1.0,0.0,0.35695695695695695,0.34285714285714286
SHP100554,2025-06-18 04:29:01.451209,WH-Delhi,South,Carrier B,Rail,307.4,180.7,108,1143,2570.51,0.2,0,0.169463677972069,0.13329257107918066,0.14933112612562355,0.0,0.22802802802802802,0.32857142857142857
SHP101115,2025-12-05 11:58:11.909924,WH-Delhi,South,Carrier D,Road,818.2,137.6,126,4751,10755.66,1.1,0,0.4691937566013379,0.10035157444206663,0.5921332385261885,0.3673469387755102,0.9503503503503503,0.5857142857142857
SHP100653,2025-07-18 05:48:17.414512,WH-Delhi,North,Carrier C,Road,202.0,83.1,126,1196,6507.42,0.7,0,0.10761647693932637,0.05869764597982268,0.3623109816360183,0.20408163265306117,0.23863863863863863,0.5857142857142857
SHP100766,2025-08-21 13:07:51.392827,WH-Mumbai,South,Carrier D,Road,416.9,72.6,109,710,6042.02,0.2,0,0.23371669991785,0.050672577193518795,0.33713366624030505,0.0,0.14134134134134135,0.34285714285714286
SHP100817,2025-09-06 00:43:14.161801,WH-Kolkata,Central,Carrier B,Road,567.9,63.8,125,2914,7195.72,0.7,0,0.3223213237882877,0.043946805258330786,0.3995467920934087,0.20408163265306117,0.5825825825825826,0.5714285714285714
SHP100537,2025-06-13 00:37:13.861551,WH-Mumbai,Central,Carrier A,Road,238.0,230.2,132,4766,3702.23,0.7,0,0.1287407581269804,0.17112503821461325,0.21055517292329584,0.20408163265306117,0.9533533533533534,0.6714285714285714
SHP100947,2025-10-15 11:54:35.729774,WH-Delhi,West,Carrier C,Road,373.8,114.0,124,1310,4886.81,0.2,0,0.20842624105151977,0.08231427697951696,0.2746388520626471,0.0,0.2614614614614615,0.5571428571428572
SHP100422,2025-05-09 02:43:20.166805,WH-Bengaluru,West,Carrier B,Sea,632.7,144.9,124,3987,2357.98,1.5,1,0.36034502992606504,0.10593090797921124,0.1378336296901896,0.5306122448979592,0.7973973973973973,0.5571428571428572
SHP100375,2025-04-24 20:16:36.830692,WH-Kolkata,Central,Carrier C,Sea,893.1,324.0,123,4078,5052.4,2.6500000000000004,1,0.5131439971834292,0.2428156527055946,0.283596977667237,1.0,0.8156156156156156,0.5428571428571428
SHP100481,2025-05-27 00:36:01.801501,WH-Bengaluru,Central,Carrier B,Road,219.8,182.9,126,2059,3369.63,0.2,0,0.11806126041544421,0.13497401406297768,0.19256210223009804,0.0,0.4114114114114114,0.5857142857142857
SHP100349,2025-04-16 22:50:20.517097,WH-Mumbai,South,Carrier D,Road,612.1,170.1,106,1801,8288.2,0.8,0,0.3482572468020185,0.12519107306634056,0.4586480244172354,0.2448979591836735,0.35975975975975977,0.3
SHP100408,2025-05-04 20:43:02.151793,WH-Mumbai,West,Carrier B,Road,1171.3,27.4,110,764,14072.36,1.6,1,0.6763877479169111,0.01612656679914399,0.7715608319360776,0.5714285714285714,0.15215215215215216,0.35714285714285715
SHP100790,2025-08-28 19:59:47.989991,WH-Delhi,East,Carrier A,Sea,307.1,193.4,123,1388,2229.8,2.5,1,0.16928764229550522,0.14299908284928156,0.13089931880187303,0.9387755102040815,0.27707707707707707,0.5428571428571428
SHP100613,2025-07-06 02:21:43.085904,WH-Mumbai,North,Carrier A,Road,220.4,215.3,129,2957,3314.53,1.4,1,0.11841333176857177,0.15973708346071536,0.18958128985729228,0.48979591836734687,0.5911911911911912,0.6285714285714286
SHP100548,2025-06-16 08:46:02.301918,WH-Chennai,North,Carrier C,Road,588.0,197.5,118,2803,7192.6,0.5,0,0.33411571411806124,0.14613268113726688,0.3993780056214822,0.12244897959183672,0.5603603603603604,0.4714285714285714
SHP100812,2025-09-04 12:17:24.870725,WH-Delhi,North,Carrier C,Sea,417.9,210.1,134,2437,1908.5,2.0,1,0.23430348550639593,0.15576276368083153,0.11351755808712724,0.7346938775510203,0.4870870870870871,0.7
SHP100403,2025-05-03 08:17:12.860717,WH-Kolkata,East,Carrier D,Road,342.2,28.6,108,2731,3825.51,0.7,0,0.18988381645346789,0.017043717517578723,0.21722440249352262,0.20408163265306117,0.5459459459459459,0.32857142857142857
SHP100530,2025-06-10 21:37:04.854045,WH-Delhi,Central,Carrier D,Road,302.2,505.3,116,4885,4678.01,1.0,0,0.16641239291163007,0.38138184041577494,0.26334314201833053,0.32653061224489793,0.9771771771771772,0.44285714285714284
SHP100134,2025-02-10 16:20:01.000834,WH-Bengaluru,South,Carrier D,Road,113.8,383.6,103,1918,2540.34,0.8,0,0.05586198802957398,0.28836747172118615,0.1476989825813849,0.2448979591836735,0.3831831831831832,0.2571428571428571
SHP100576,2025-06-24 20:46:38.331943,WH-Kolkata,North,Carrier A,Road,1020.0,338.8,103,84,12959.03,1.8,1,0.5876070883699096,0.2541271782329563,0.7113316515546648,0.6530612244897959,0.016016016016016016,0.2571428571428571
SHP101142,2025-12-13 16:41:38.081734,WH-Mumbai,East,Carrier A,Road,634.1,37.8,116,1176,7674.21,1.3,0,0.36116652975002933,0.024075206358911642,0.4254322532960191,0.4489795918367347,0.23463463463463463,0.44285714285714284
SHP100976,2025-10-24 07:12:21.618015,WH-Kolkata,East,Carrier C,Road,875.2,103.1,132,304,10556.42,0.8,0,0.5026405351484567,0.07398349128706817,0.5813547075432879,0.2448979591836735,0.06006006006006006,0.6714285714285714
SHP100010,2025-01-04 00:51:38.582151,WH-Chennai,East,Carrier A,Road,239.6,418.8,118,4784,4269.65,0.2,0,0.12967961506865391,0.3152705594619382,0.24125158955809523,0.0,0.9569569569569569,0.4714285714285714
SHP100482,2025-05-27 07:53:11.659716,WH-Delhi,Central,Carrier D,Air,601.4,428.6,134,1098,18295.03375,0.4,0,0.34197864100457687,0.32276062366248853,1.0,0.08163265306122448,0.21901901901901902,0.7
SHP100298,2025-04-01 11:14:57.748123,WH-Delhi,Central,Carrier C,Road,274.8,52.5,117,85,4089.62,1.3,0,0.1503344677854712,0.035310302659737086,0.23151228553856307,0.4489795918367347,0.016216216216216217,0.45714285714285713
SHP100575,2025-06-24 13:29:28.473728,WH-Kolkata,South,Carrier D,Sea,668.7,339.0,128,2306,4102.36,0.8,0,0.38146931111371907,0.2542800366860287,0.23220149696559655,0.2448979591836735,0.46086086086086087,0.6142857142857143
SHP100623,2025-07-09 03:13:21.668056,WH-Chennai,East,Carrier D,Sea,384.5,307.0,125,648,2499.16,1.5,0,0.21470484684896138,0.22982268419443594,0.1454712175448669,0.5306122448979592,0.12892892892892893,0.5714285714285714
SHP100838,2025-09-12 09:43:41.184320,WH-Kolkata,West,Carrier B,Road,284.3,113.6,136,135,3207.89,2.1,1,0.15590893087665766,0.08200856007337205,0.1838122548040072,0.7755102040816326,0.026226226226226227,0.7285714285714285
SHP101015,2025-11-05 03:21:46.088407,WH-Chennai,Central,Carrier A,Road,514.6,576.9,130,3675,8994.39,1.5,1,0.29104565191878884,0.43610516661571386,0.4968516521767944,0.5306122448979592,0.7349349349349349,0.6428571428571429
SHP100439,2025-05-14 06:35:07.756463,WH-Kolkata,North,Carrier C,Road,469.8,462.4,133,2025,7289.89,1.0,0,0.26475765755193054,0.34859370223173336,0.4046412222412693,0.32653061224489793,0.4046046046046046,0.6857142857142857
SHP100104,2025-02-01 13:45:05.254378,WH-Chennai,Central,Carrier D,Road,457.7,259.2,117,3907,5913.77,0.2,0,0.2576575519305246,0.1932895139101192,0.3301955684760157,0.0,0.7813813813813814,0.45714285714285713
SHP100872,2025-09-22 17:27:16.363636,WH-Chennai,East,Carrier B,Rail,647.3,373.8,128,4318,5671.7,0.6,0,0.36891209951883575,0.2808774075206359,0.3171000103800975,0.16326530612244897,0.8636636636636636,0.6142857142857143
SHP100853,2025-09-16 23:01:09.057547,WH-Kolkata,East,Carrier B,Road,676.1,274.5,127,1927,9118.32,1.1,0,0.38581152446895906,0.204983185570162,0.5035560455953392,0.3673469387755102,0.384984984984985,0.6
SHP100619,2025-07-07 22:04:42.235195,WH-Kolkata,East,Carrier D,Rail,193.0,581.8,114,4064,2057.73,0.2,0,0.10233540664241286,0.43985019871598896,0.12159063667866635,0.0,0.8128128128128128,0.4142857142857143
SHP100435,2025-05-13 01:26:28.323603,WH-Delhi,East,Carrier C,Sea,329.9,140.7,129,2945,1981.14,0.6,0,0.18266635371435275,0.10272088046468968,0.11744725338223813,0.16326530612244897,0.5887887887887888,0.6285714285714286
SHP100996,2025-10-30 08:55:38.782318,WH-Bengaluru,North,Carrier D,Rail,1007.6,104.0,111,4760,6601.66,0.8,0,0.5803309470719399,0.07467135432589422,0.3674091986598516,0.2448979591836735,0.9521521521521521,0.37142857142857144
SHP101184,2025-12-26 10:42:32.126772,WH-Kolkata,North,Carrier C,Rail,492.1,57.1,128,4492,2974.63,0.2,0,0.2778429761765051,0.03882604708040355,0.17119330209836886,0.0,0.8984984984984985,0.6142857142857143
SHP100325,2025-04-09 15:58:23.919933,WH-Kolkata,North,Carrier C,Road,605.5,195.5,127,4507,8612.95,1.2,0,0.3443844619176153,0.14460409660654233,0.47621642401920766,0.4081632653061224,0.9015015015015015,0.6
SHP100464,2025-05-21 20:44:14.211843,WH-Bengaluru,Central,Carrier B,Road,540.1,222.7,109,301,7374.18,1.5,1,0.3060086844267105,0.16539284622439618,0.4092011618946958,0.5306122448979592,0.05945945945945946,0.34285714285714286
SHP100998,2025-10-30 23:29:58.498748,WH-Bengaluru,East,Carrier B,Rail,979.5,124.7,118,2978,6934.51,1.2,0,0.5638422720337988,0.0904922042188933,0.38541579391009484,0.4081632653061224,0.5953953953953954,0.4714285714285714
SHP100139,2025-02-12 04:45:50.291909,WH-Kolkata,West,Carrier B,Air,493.5,215.3,127,4,18295.03375,1.1,0,0.2786644760004694,0.15973708346071536,1.0,0.3673469387755102,0.0,0.6
SHP101093,2025-11-28 19:40:35.029190,WH-Delhi,South,Carrier C,Road,373.8,82.9,117,2526,4271.58,1.4,1,0.20842624105151977,0.058544787526750235,0.2413559991384857,0.48979591836734687,0.5049049049049049,0.45714285714285713
SHP101045,2025-11-14 05:56:41.834862,WH-Kolkata,West,Carrier D,Road,616.8,223.4,132,2531,7262.29,1.3,0,0.35101513906818443,0.1659278508101498,0.40314811114345733,0.4489795918367347,0.5059059059059059,0.6714285714285714
SHP100165,2025-02-20 02:12:06.605504,WH-Bengaluru,Central,Carrier D,Air,500.8,172.8,120,338,18295.03375,0.2,0,0.28294801079685483,0.1272546621828187,1.0,0.0,0.06686686686686687,0.5
SHP100226,2025-03-10 14:39:07.956630,WH-Mumbai,Central,Carrier D,Rail,1269.6,63.5,116,2615,9343.53,1.6,1,0.7340687712709776,0.0437175175787221,0.5157395075641158,0.5714285714285714,0.5227227227227227,0.44285714285714284
SHP100909,2025-10-03 23:02:21.117598,WH-Bengaluru,West,Carrier B,Rail,314.1,220.0,136,2379,2901.63,0.2,0,0.17339514141532683,0.16332925710791804,0.16724413144111258,0.0,0.4754754754754755,0.7285714285714285
SHP100180,2025-02-24 15:29:34.478732,WH-Mumbai,East,Carrier C,Rail,515.3,266.1,132,4118,4218.67,1.0,0,0.291456401830771,0.19856313054111893,0.23849366188539764,0.32653061224489793,0.8236236236236236,0.6714285714285714
SHP100191,2025-02-27 23:38:22.919099,WH-Bengaluru,South,Carrier A,Air,907.2,215.3,142,3139,18295.03375,0.3,0,0.521417673981927,0.15973708346071536,1.0,0.040816326530612235,0.6276276276276276,0.8142857142857143
SHP100306,2025-04-03 21:32:16.613844,WH-Delhi,South,Carrier C,Rail,668.0,164.4,125,2804,5320.91,0.3,0,0.38105856120173687,0.12083460715377559,0.2981228929162765,0.040816326530612235,0.5605605605605606,0.5714285714285714
SHP100335,2025-04-12 16:50:02.502085,WH-Mumbai,South,Carrier C,Sea,163.4,278.7,137,3856,668.32,1.3,0,0.08496655322145288,0.20819321308468355,0.046426017460879376,0.4489795918367347,0.7711711711711712,0.7428571428571429
SHP100863,2025-09-19 23:52:47.639699,WH-Delhi,East,Carrier A,Road,1257.3,256.7,109,1336,16149.15,1.2,0,0.7268513085318624,0.1913787832467135,0.8839114912413278,0.4081632653061224,0.26666666666666666,0.34285714285714286
SHP101075,2025-11-23 08:31:37.581317,WH-Mumbai,Central,Carrier C,Road,624.0,87.7,108,541,7412.72,0.9,0,0.35523999530571526,0.06221339040048915,0.41128610760881434,0.2857142857142857,0.10750750750750751,0.32857142857142857
SHP100955,2025-10-17 22:11:54.595496,WH-Chennai,North,Carrier D,Sea,568.2,82.8,125,468,2681.0,2.5,1,0.32249735946485153,0.058468358300214,0.15530843935740773,0.9387755102040815,0.09289289289289289,0.5714285714285714
SHP100833,2025-09-10 21:17:51.893244,WH-Kolkata,West,Carrier B,Air,270.9,260.1,131,4383,15345.08,0.6,0,0.14804600399014198,0.19397737694894526,0.8404127289073545,0.16326530612244897,0.8766766766766767,0.6571428571428571
SHP100913,2025-10-05 04:11:00.550458,WH-Chennai,North,Carrier B,Rail,399.2,196.0,111,2590,3572.22,0.5,0,0.22333059500058677,0.14498624273922345,0.20352186227740693,0.12244897959183672,0.5177177177177177,0.37142857142857144
SHP100845,2025-09-14 12:43:50.191826,WH-Kolkata,East,Carrier C,Road,126.2,186.6,136,380,2461.66,0.2,0,0.06313812932754372,0.13780189544481808,0.14344253398805715,0.0,0.07527527527527528,0.7285714285714285
SHP100783,2025-08-26 16:59:38.982485,WH-Chennai,South,Carrier D,Road,708.1,351.5,142,3123,9455.43,1.7,0,0.40458866330242926,0.2638336900030571,0.521793099297636,0.6122448979591836,0.6244244244244245,0.8142857142857143
SHP100345,2025-04-15 17:41:41.084236,WH-Mumbai,North,Carrier C,Road,405.0,106.7,109,3271,4757.52,0.8,0,0.22673395141415326,0.07673494344237236,0.26764449214104896,0.2448979591836735,0.654054054054054,0.34285714285714286
SHP100785,2025-08-27 07:33:58.698915,WH-Kolkata,North,Carrier B,Sea,1434.3,226.9,113,4158,5492.25,2.6500000000000004,1,0.8307123577044948,0.16860287373891775,0.3073920833329107,1.0,0.8316316316316317,0.4
SHP101054,2025-11-16 23:31:10.558799,WH-Kolkata,North,Carrier C,Rail,225.4,260.7,110,4787,2558.4,0.3,0,0.12134725971130149,0.1944359523081626,0.14867599658234446,0.040816326530612235,0.9575575575575576,0.35714285714285715
SHP100242,2025-03-15 11:13:45.688073,WH-Mumbai,Central,Carrier A,Road,155.5,81.7,123,2175,1766.68,0.6,0,0.08033094707193991,0.0576276368083155,0.10584534736641373,0.16326530612244897,0.43463463463463464,0.5428571428571428
SHP100017,2025-01-06 03:51:47.589658,WH-Kolkata,Central,Carrier A,Road,399.3,185.1,112,2395,5014.03,1.0,0,0.22338927355944135,0.13665545704677468,0.2815212286519093,0.32653061224489793,0.4786786786786787,0.38571428571428573
SHP100923,2025-10-08 05:02:39.132610,WH-Kolkata,Central,Carrier D,Sea,500.2,102.1,117,1622,2591.07,0.6,0,0.28259593944372724,0.0732191990217059,0.1504433856970371,0.16326530612244897,0.32392392392392394,0.45714285714285713
SHP100869,2025-09-21 19:35:46.788990,WH-Delhi,East,Carrier A,Road,125.3,48.5,115,2652,1404.2,0.2,0,0.06261002229785236,0.032253133598287985,0.08623582161514994,0.0,0.5301301301301301,0.42857142857142855
SHP100799,2025-08-31 13:34:16.713928,WH-Delhi,North,Carrier A,Rail,836.3,373.5,117,3214,6107.96,1.7,1,0.4798145757540194,0.28064811984102717,0.34070090340659925,0.6122448979591836,0.6426426426426426,0.45714285714285713
SHP100625,2025-07-09 17:47:41.384487,WH-Delhi,Central,Carrier B,Rail,1385.8,435.3,115,2142,10274.75,0.7,0,0.8022532566600165,0.32788138184041576,0.5661168596113787,0.20408163265306117,0.42802802802802803,0.42857142857142855
SHP100207,2025-03-04 20:13:00.650542,WH-Mumbai,East,Carrier D,Road,778.8,276.9,122,1976,9345.63,2.1,0,0.4460744044126276,0.20681748700703145,0.515853113843297,0.7755102040816326,0.3947947947947948,0.5285714285714286
SHP100859,2025-09-18 18:44:08.206839,WH-Kolkata,West,Carrier C,Rail,425.3,372.9,121,4681,4519.03,1.6,1,0.23864569886163595,0.28018954448180977,0.25474260570202084,0.5714285714285714,0.9363363363363363,0.5142857142857142
SHP101172,2025-12-22 19:16:33.828190,WH-Delhi,East,Carrier C,Rail,358.7,178.0,118,228,3229.0,0.2,0,0.19956577866447597,0.13122898196270252,0.18495426840092064,0.0,0.04484484484484484,0.4714285714285714
SHP100660,2025-07-20 08:48:26.422018,WH-Chennai,North,Carrier A,Road,315.6,164.6,116,682,4294.62,1.4,1,0.17427531979814576,0.12098746560684803,0.2426024223157896,0.48979591836734687,0.13573573573573575,0.44285714285714284
SHP101178,2025-12-24 14:59:32.977481,WH-Delhi,Central,Carrier C,Road,599.4,197.5,135,4349,7960.48,0.5,0,0.340805069827485,0.14613268113726688,0.4409189530775636,0.12244897959183672,0.8698698698698699,0.7142857142857143
SHP100951,2025-10-16 17:03:15.162635,WH-Kolkata,West,Carrier C,Air,608.7,240.5,129,4257,18295.03375,1.3,0,0.34626217580096236,0.17899724854784468,1.0,0.4489795918367347,0.8514514514514514,0.6285714285714286
SHP100971,2025-10-22 18:46:32.326939,WH-Mumbai,East,Carrier C,Road,720.2,496.7,133,2062,9724.93,1.3,0,0.4116887689238352,0.3748089269336594,0.5363725717925752,0.4489795918367347,0.412012012012012,0.6857142857142857
SHP100793,2025-08-29 17:51:17.564637,WH-Bengaluru,South,Carrier B,Rail,182.9,576.1,112,2928,2454.98,1.0,0,0.09640887219809882,0.43549373280342407,0.14308115782380412,0.32653061224489793,0.5853853853853854,0.38571428571428573
SHP101191,2025-12-28 13:42:41.134278,WH-Kolkata,East,Carrier B,Rail,659.4,303.8,132,4816,5726.33,1.0,0,0.3760122051402417,0.22737694894527666,0.32005539658565796,0.32653061224489793,0.9633633633633634,0.6714285714285714
SHP100340,2025-04-14 05:15:51.793160,WH-Chennai,South,Carrier A,Road,271.0,185.4,108,4697,3753.05,1.2,0,0.14810468254899659,0.13688474472638335,0.21330444487948438,0.4081632653061224,0.9395395395395395,0.32857142857142857
SHP100175,2025-02-23 03:03:45.187656,WH-Bengaluru,East,Carrier D,Rail,796.0,114.7,129,4468,5601.81,0.7,0,0.45616711653561787,0.08284928156527056,0.313319085212486,0.20408163265306117,0.8936936936936937,0.6285714285714286
SHP100986,2025-10-27 08:04:00.200166,WH-Mumbai,North,Carrier A,Sea,432.1,475.6,126,1333,2924.56,0.9,0,0.24263584086374837,0.35868236013451543,0.16848460381331648,0.2857142857142857,0.2660660660660661,0.5857142857142857
SHP100320,2025-04-08 03:32:34.628857,WH-Chennai,West,Carrier A,Road,323.5,290.2,128,3781,5169.22,1.4,0,0.1789109259476587,0.21698257413634972,0.2899167326834107,0.48979591836734687,0.7561561561561562,0.6142857142857143
SHP100772,2025-08-23 08:50:50.542118,WH-Mumbai,West,Carrier C,Rail,604.6,239.5,110,2993,4737.41,1.4,0,0.34385635488792393,0.1782329562824824,0.2665565767723171,0.48979591836734687,0.5983983983983984,0.35714285714285715
SHP100953,2025-10-17 07:37:34.879065,WH-Mumbai,Central,Carrier B,Rail,210.2,62.7,136,2228,1028.38,0.5,0,0.11242811876540311,0.04310608376643228,0.06590462549994372,0.12244897959183672,0.4452452452452452,0.7285714285714285
SHP100463,2025-05-21 13:27:04.353628,WH-Mumbai,Central,Carrier D,Road,1043.3,276.2,126,3149,12832.55,1.4,0,0.6012791925830302,0.20628248242127786,0.7044893076542569,0.48979591836734687,0.6296296296296297,0.5857142857142857
SHP100372,2025-04-23 22:25:07.256046,WH-Mumbai,North,Carrier D,Road,159.9,179.9,97,2093,2442.85,1.0,0,0.08291280366154208,0.13268113726689085,0.1424249463159614,0.32653061224489793,0.4182182182182182,0.17142857142857143
SHP101055,2025-11-17 06:48:20.417014,WH-Delhi,North,Carrier A,Sea,369.1,312.2,134,833,1578.79,1.8,0,0.20566834878535384,0.23379700397431974,0.09568083127337425,0.6530612244897959,0.16596596596596597,0.7
SHP100480,2025-05-26 17:18:51.943286,WH-Kolkata,Central,Carrier D,Road,419.8,53.5,122,527,5078.81,0.8,0,0.23541837812463326,0.03607459492509936,0.28502571187351294,0.2448979591836735,0.1047047047047047,0.5285714285714286
SHP100404,2025-05-03 15:34:22.718932,WH-Delhi,West,Carrier B,Road,859.1,127.4,125,2415,10841.08,0.8,0,0.49319328717286703,0.09255579333537145,0.5967543091774602,0.2448979591836735,0.48268268268268266,0.5714285714285714
SHP100801,2025-09-01 04:08:36.430358,WH-Delhi,West,Carrier C,Road,391.3,687.1,100,3766,5998.93,0.5,0,0.2186949888510738,0.5203301742586365,0.3348025735879602,0.12244897959183672,0.7531531531531531,0.21428571428571427
SHP101186,2025-12-27 01:16:51.843202,WH-Chennai,West,Carrier A,Road,415.9,402.5,129,439,5879.48,0.2,0,0.23312991432930405,0.3028125955365331,0.32834054023166886,0.0,0.08708708708708708,0.6285714285714286
SHP100426,2025-05-10 07:51:59.599666,WH-Chennai,Central,Carrier B,Road,193.6,300.6,115,2612,2115.27,1.6,1,0.10268747799554043,0.22493121369611738,0.12470344872823519,0.5714285714285714,0.5221221221221222,0.42857142857142855
SHP100329,2025-04-10 21:07:03.352793,WH-Delhi,Central,Carrier A,Road,95.6,100.1,108,3467,1758.46,0.3,0,0.04518249031803779,0.07169061449098134,0.10540065993076105,0.040816326530612235,0.6932932932932933,0.32857142857142857
SHP100531,2025-06-11 04:54:14.712260,WH-Delhi,South,Carrier D,Road,333.7,374.0,122,594,6507.42,0.3,0,0.18489613895082735,0.28103026597370834,0.3623109816360183,0.040816326530612235,0.11811811811811812,0.5285714285714286
SHP100326,2025-04-09 23:15:33.778148,WH-Kolkata,North,Carrier A,Road,366.6,112.2,135,527,4035.16,1.4,1,0.20420138481398897,0.08093855090186487,0.2285660960317935,0.48979591836734687,0.1047047047047047,0.7142857142857143
SHP100858,2025-09-18 11:26:58.348623,WH-Kolkata,West,Carrier A,Road,216.5,242.5,121,2918,2941.19,1.3,0,0.11612486797324258,0.18052583307856923,0.16938425734797638,0.4489795918367347,0.5833833833833834,0.5142857142857142
SHP100744,2025-08-14 20:50:14.512093,WH-Chennai,Central,Carrier D,Air,472.7,580.1,133,2399,18295.03375,0.6,0,0.2664593357587137,0.43855090186487317,1.0,0.16326530612244897,0.4794794794794795,0.6857142857142857
SHP101189,2025-12-27 23:08:21.417848,WH-Delhi,Central,Carrier D,Air,749.5,107.7,116,3345,18295.03375,1.1,0,0.4288815866682314,0.07749923570773463,1.0,0.3673469387755102,0.6688688688688689,0.44285714285714284
SHP100059,2025-01-18 21:52:41.634695,WH-Delhi,North,Carrier B,Road,560.9,591.5,129,4061,8131.77,1.1,0,0.3182138246684661,0.44726383369000305,0.4501854385827888,0.3673469387755102,0.8122122122122122,0.6285714285714286
SHP100013,2025-01-04 22:43:08.156797,WH-Delhi,West,Carrier D,Sea,416.6,388.4,114,1145,3547.5,1.5,1,0.23354066424128622,0.29203607459492503,0.20218455407675795,0.5306122448979592,0.22842842842842842,0.4142857142857143
SHP100432,2025-05-12 03:34:58.748957,WH-Chennai,Central,Carrier B,Road,861.1,180.0,97,2381,10518.81,1.2,0,0.4943668583499589,0.13275756649342707,0.5793200731813782,0.4081632653061224,0.4758758758758759,0.17142857142857143
SHP100418,2025-05-07 21:34:40.733944,WH-Delhi,North,Carrier A,Road,285.6,189.0,131,700,4618.82,1.4,1,0.1566717521417674,0.13963619688168755,0.260141067892262,0.48979591836734687,0.13933933933933934,0.6571428571428571
SHP100535,2025-06-12 10:02:54.145120,WH-Kolkata,North,Carrier A,Air,167.8,159.8,132,3555,9478.0,1.5,0,0.08754840981105505,0.11731886273310914,0.5230140963076946,0.5306122448979592,0.710910910910911,0.6714285714285714
SHP100940,2025-10-13 08:54:26.722268,WH-Bengaluru,South,Carrier C,Road,980.8,326.6,115,3787,12714.34,1.3,0,0.5646050932989085,0.24480281259553652,0.6980943561009109,0.4489795918367347,0.7573573573573573,0.42857142857142855
SHP100699,2025-08-01 04:57:50.892410,WH-Bengaluru,West,Carrier A,Road,438.1,118.6,119,4257,5903.09,1.5,1,0.24615655439502404,0.08583002140018342,0.3296177993990363,0.5306122448979592,0.8514514514514514,0.4857142857142857
SHP100091,2025-01-28 15:01:57.097581,WH-Chennai,West,Carrier B,Rail,572.7,445.8,113,1169,5089.05,0.7,0,0.3251378946133083,0.33590645062671964,0.28557967773009246,0.20408163265306117,0.23323323323323322,0.4
SHP101118,2025-12-06 09:49:41.484570,WH-Mumbai,East,Carrier B,Rail,648.3,238.6,120,3940,4525.55,0.9,0,0.3694988851073817,0.17754509324365636,0.2550953261497649,0.2857142857142857,0.787987987987988,0.5
SHP100322,2025-04-08 18:06:54.345287,WH-Delhi,South,Carrier A,Sea,435.7,585.3,124,439,3294.45,0.8,0,0.24474826898251376,0.44252522164475694,0.18849499743540588,0.2448979591836735,0.08708708708708708,0.5571428571428572
SHP100520,2025-06-07 20:45:26.271893,WH-Delhi,West,Carrier D,Road,493.8,171.4,109,1675,6134.91,0.2,0,0.2788405116770332,0.12618465301131152,0.34215885065609314,0.0,0.3345345345345345,0.34285714285714286
SHP100331,2025-04-11 11:41:23.069224,WH-Chennai,West,Carrier C,Sea,485.4,193.4,104,703,2879.52,1.5,1,0.27391151273324726,0.14299908284928156,0.16604801961601756,0.5306122448979592,0.13993993993993994,0.2714285714285714
SHP100644,2025-07-15 12:13:48.690575,WH-Delhi,North,Carrier B,Road,883.8,195.0,108,1773,11052.94,2.0,1,0.5076868912099518,0.1442219504738612,0.6082155598000124,0.7346938775510203,0.35415415415415413,0.32857142857142857
SHP100473,2025-05-24 14:18:42.935779,WH-Kolkata,North,Carrier A,Air,366.8,242.7,125,3898,18295.03375,0.2,0,0.20431874193169813,0.18067869153164168,1.0,0.0,0.7795795795795796,0.5714285714285714
SHP100053,2025-01-17 02:09:42.485404,WH-Kolkata,East,Carrier D,Road,583.3,33.1,118,1672,6799.74,0.2,0,0.3313578218518953,0.020483032711708957,0.3781249756980615,0.0,0.33393393393393395,0.4714285714285714
SHP100746,2025-08-15 11:24:34.228523,WH-Chennai,Central,Carrier B,Road,483.0,151.5,108,1172,6521.47,1.1,0,0.272503227320737,0.11097523693060224,0.36307106174196974,0.3673469387755102,0.23383383383383383,0.32857142857142857
SHP100003,2025-01-01 21:51:29.574645,WH-Chennai,North,Carrier C,Road,414.4,104.5,112,4511,5363.71,2.3,0,0.23224973594648513,0.07505350045857535,0.30043829708244874,0.857142857142857,0.9023023023023024,0.38571428571428573
SHP100479,2025-05-26 10:01:42.085070,WH-Mumbai,South,Carrier B,Rail,831.4,266.7,123,331,6546.08,1.2,0,0.4769393263701443,0.19902170590033627,0.3644024191375187,0.4081632653061224,0.06546546546546547,0.5428571428571428
SHP100494,2025-05-30 23:19:09.958298,WH-Chennai,East,Carrier B,Air,1225.0,202.9,113,4091,18295.03375,0.2,0,0.7078981340218284,0.15025985937022315,1.0,0.0,0.8182182182182182,0.4
SHP100256,2025-03-19 17:14:03.703085,WH-Mumbai,Central,Carrier C,Rail,133.2,224.4,134,171,1371.47,0.2,0,0.06724562844736533,0.16669214307551206,0.0844651866067664,0.0,0.033433433433433433,0.7
SHP100048,2025-01-15 13:43:53.194328,WH-Bengaluru,East,Carrier B,Road,418.3,172.0,120,761,5398.52,0.2,0,0.23453819974181433,0.12664322837052888,0.30232145640545,0.0,0.15155155155155156,0.5
SHP101187,2025-12-27 08:34:01.701417,WH-Kolkata,Central,Carrier D,Rail,243.0,54.6,121,2358,2466.99,0.2,0,0.13167468606971014,0.03691531641699786,0.14373087754426503,0.0,0.4712712712712713,0.5142857142857142
SHP100866,2025-09-20 21:44:17.214345,WH-Chennai,South,Carrier C,Rail,1274.4,1017.4,113,1196,11967.67,0.9,0,0.7368853420959982,0.7727759095077957,0.6577008320645609,0.2857142857142857,0.23863863863863863,0.4
SHP100215,2025-03-07 06:30:19.516263,WH-Delhi,West,Carrier D,Road,548.9,286.9,131,3604,8012.4,0.9,0,0.31117239760591475,0.2144604096606542,0.443727733084752,0.2857142857142857,0.7207207207207207,0.6571428571428571
SHP100486,2025-05-28 13:01:51.092577,WH-Delhi,North,Carrier B,Road,340.2,9.0,143,2330,3837.59,0.6,0,0.18871024527637598,0.002063589116478141,0.21787790908995625,0.16326530612244897,0.46566566566566564,0.8285714285714286
SHP100577,2025-06-25 04:03:48.190158,WH-Bengaluru,Central,Carrier A,Road,806.3,551.7,110,1824,11723.47,0.8,0,0.4622110080976411,0.41684500152858456,0.6444900447426158,0.2448979591836735,0.36436436436436437,0.35714285714285715
SHP100072,2025-01-22 20:35:49.791492,WH-Kolkata,North,Carrier C,Road,900.4,41.5,113,3336,10672.62,0.6,0,0.5174275319798145,0.026903087740752063,0.5876409216579891,0.16326530612244897,0.6670670670670671,0.4
SHP101122,2025-12-07 14:58:20.917431,WH-Kolkata,North,Carrier A,Sea,868.3,138.2,112,2944,4179.62,1.1,0,0.4985917145874897,0.10081014980128399,0.2363811260749064,0.3673469387755102,0.5885885885885885,0.38571428571428573
SHP100674,2025-07-24 14:48:44.437030,WH-Mumbai,North,Carrier D,Rail,244.1,64.9,133,302,1895.91,0.7,0,0.13232015021711066,0.04478752675022929,0.11283646139432098,0.20408163265306117,0.05965965965965966,0.6857142857142857
SHP100002,2025-01-01 14:34:19.716430,WH-Chennai,East,Carrier C,Air,414.4,50.5,132,3177,18295.03375,1.2,0,0.23224973594648513,0.03378171812901253,1.0,0.4081632653061224,0.6352352352352353,0.6714285714285714
SHP101113,2025-12-04 21:23:52.193494,WH-Chennai,East,Carrier D,Air,318.3,357.0,127,916,18295.03375,0.2,0,0.1758596408872198,0.2680372974625497,1.0,0.0,0.1825825825825826,0.6
SHP100890,2025-09-28 04:36:13.811509,WH-Delhi,Central,Carrier D,Road,151.6,609.9,115,245,4160.2,0.6,0,0.07804248327661073,0.4613268113726689,0.23533053848361987,0.16326530612244897,0.04824824824824825,0.42857142857142855
SHP100241,2025-03-15 03:56:35.829858,WH-Kolkata,Central,Carrier C,Road,647.6,789.0,118,4125,9020.19,0.9,0,0.36908813519539957,0.5982115560990523,0.49824738646387956,0.2857142857142857,0.8250250250250251,0.4714285714285714
SHP100661,2025-07-20 16:05:36.280233,WH-Delhi,West,Carrier B,Sea,186.7,88.2,103,1161,706.9,1.0,0,0.0986386574345734,0.06259553653317028,0.048513127104125225,0.32653061224489793,0.23163163163163164,0.2571428571428571
SHP100950,2025-10-16 09:46:05.304420,WH-Bengaluru,North,Carrier C,Sea,1080.4,167.8,100,4736,4915.41,2.0,0,0.6230489379180848,0.12343320085600733,0.27618606138864066,0.7346938775510203,0.9473473473473474,0.21428571428571427
SHP101025,2025-11-08 04:13:24.670558,WH-Kolkata,East,Carrier B,Road,524.5,11.4,132,3357,6328.83,1.1,0,0.2968548292453937,0.0038978905533476,0.35264957906506766,0.3673469387755102,0.6712712712712713,0.6714285714285714
SHP101042,2025-11-13 08:05:12.260216,WH-Chennai,North,Carrier C,Sea,528.5,8.9,118,3930,2323.03,1.2,0,0.2992019715995775,0.001987159889941914,0.13594289661524295,0.4081632653061224,0.785985985985986,0.4714285714285714
SHP100597,2025-07-01 05:47:05.354462,WH-Bengaluru,Central,Carrier C,Road,1107.2,411.8,126,4134,14569.67,1.1,0,0.6387747916911162,0.3099205136044023,0.7984644217930655,0.3673469387755102,0.8268268268268268,0.5857142857142857
SHP100959,2025-10-19 03:20:34.028356,WH-Mumbai,North,Carrier D,Rail,241.9,200.6,107,1436,1758.9,0.8,0,0.1310292219223096,0.1485019871598899,0.10542446315116094,0.2448979591836735,0.2866866866866867,0.3142857142857143
SHP100509,2025-06-04 12:36:37.831526,WH-Kolkata,Central,Carrier D,Road,675.4,132.9,113,1634,8551.12,0.8,0,0.38540077455697686,0.09675940079486396,0.4728715305707398,0.2448979591836735,0.3263263263263263,0.4
SHP100780,2025-08-25 19:08:09.407839,WH-Delhi,East,Carrier D,Rail,144.8,211.8,123,2398,1123.31,0.2,0,0.0740523412744983,0.1570620605319474,0.07104017030122232,0.0,0.47927927927927927,0.5428571428571428
SHP100886,2025-09-26 23:27:34.378648,WH-Bengaluru,East,Carrier C,Road,61.9,241.9,117,4352,915.32,0.9,0,0.02540781598403943,0.18006725771935186,0.05978827982173282,0.2857142857142857,0.8704704704704704,0.45714285714285713
SHP100117,2025-02-05 12:28:13.411175,WH-Chennai,Central,Carrier D,Sea,158.2,379.4,126,1771,2559.07,0.7,0,0.08191526816101397,0.28515744420666456,0.14871224239522612,0.20408163265306117,0.35375375375375373,0.5857142857142857
SHP101092,2025-11-28 12:23:25.170975,WH-Mumbai,South,Carrier B,Road,576.4,238.7,133,2366,6981.08,1.5,0,0.32730900129092827,0.17762152247019258,0.3879351483965116,0.5306122448979592,0.4728728728728729,0.6857142857142857
SHP100893,2025-09-29 02:27:43.386155,WH-Mumbai,North,Carrier D,Air,197.7,105.9,133,865,11849.21,0.9,0,0.1050932989085788,0.07612350963008255,0.6512923559541693,0.2857142857142857,0.17237237237237238,0.6857142857142857
SHP101116,2025-12-05 19:15:21.768140,WH-Mumbai,North,Carrier B,Road,647.2,93.0,135,2114,7872.31,1.3,0,0.36885342095998125,0.0662641394069092,0.43614911229879266,0.4489795918367347,0.42242242242242245,0.7142857142857143
SHP100367,2025-04-22 09:59:17.964970,WH-Bengaluru,North,Carrier D,Road,239.7,237.7,115,4133,2581.63,1.0,0,0.1297382936275085,0.1768572302048303,0.14993269842300286,0.32653061224489793,0.8266266266266267,0.42857142857142855
SHP100005,2025-01-02 12:25:49.291075,WH-Kolkata,West,Carrier C,Road,742.8,48.3,126,3881,9011.8,1.5,1,0.42495012322497355,0.03210027514521553,0.4977935023294359,0.5306122448979592,0.7761761761761762,0.5857142857142857
SHP101140,2025-12-13 02:07:18.365304,WH-Chennai,West,Carrier B,Road,544.3,132.1,121,3924,6923.59,0.6,0,0.3084731838986034,0.09614796698257412,0.3848250412583518,0.16326530612244897,0.7847847847847848,0.5142857142857142
SHP100875,2025-09-23 15:18:45.938281,WH-Bengaluru,West,Carrier A,Road,1212.1,320.1,138,827,15878.49,1.9,0,0.7003285999295857,0.23983491287068173,0.869269264801698,0.693877551020408,0.16476476476476476,0.7571428571428571
SHP100651,2025-07-17 15:13:57.698081,WH-Mumbai,Central,Carrier C,Road,626.0,380.8,123,3977,9016.54,0.3,0,0.35641356648280714,0.2862274533781718,0.49804992793101677,0.040816326530612235,0.7953953953953954,0.5428571428571428
SHP101007,2025-11-02 17:04:27.222685,WH-Kolkata,West,Carrier B,Road,303.9,244.8,109,3837,4664.17,0.7,0,0.16740992841215815,0.18228370528890248,0.26259442254029725,0.20408163265306117,0.7673673673673673,0.34285714285714286
SHP100330,2025-04-11 04:24:13.211009,WH-Chennai,Central,Carrier A,Road,240.5,153.9,122,1361,2886.79,0.7,0,0.13020772209834527,0.1128095383674717,0.16644131373489773,0.20408163265306117,0.27167167167167167,0.5285714285714286
SHP100943,2025-10-14 06:45:56.296914,WH-Kolkata,South,Carrier C,Road,971.1,422.0,112,3547,12622.55,1.4,0,0.5589132730900129,0.31771629471109747,0.6931286797361224,0.48979591836734687,0.7093093093093094,0.38571428571428573
SHP100011,2025-01-04 08:08:48.440366,WH-Chennai,South,Carrier C,Rail,578.4,278.6,103,2058,4889.29,0.9,0,0.32848257246802015,0.20811678385814736,0.27477301566853746,0.2857142857142857,0.41121121121121124,0.2571428571428571
SHP101145,2025-12-14 14:33:07.656380,WH-Chennai,North,Carrier D,Road,345.4,558.9,90,4880,5469.33,0.9,0,0.1917615303368149,0.4223479058391929,0.30615215194298856,0.2857142857142857,0.9761761761761761,0.07142857142857142
SHP100982,2025-10-26 02:55:20.767306,WH-Mumbai,Central,Carrier D,Road,229.6,153.7,120,3936,3041.53,0.3,0,0.12381175918319445,0.11265667991439925,0.17481247356371743,0.040816326530612235,0.7871871871871872,0.5
SHP100693,2025-07-30 09:14:51.743119,WH-Mumbai,North,Carrier A,Road,948.1,677.2,122,2275,13770.27,2.5,1,0.5454172045534561,0.51276368083155,0.7552182981847002,0.9387755102040815,0.45465465465465466,0.5285714285714286
SHP100264,2025-03-22 03:31:22.568807,WH-Chennai,North,Carrier D,Sea,340.4,79.8,130,3372,2033.33,1.8,1,0.18882760239408516,0.05617548150412718,0.12027063991103547,0.6530612244897959,0.6742742742742742,0.6428571428571429
SHP100894,2025-09-29 09:44:53.244370,WH-Kolkata,North,Carrier A,Rail,630.6,325.7,132,2087,4926.93,0.2,0,0.3591127801901185,0.24411494955671045,0.27680927297729263,0.0,0.41701701701701704,0.6714285714285714
SHP100056,2025-01-18 00:01:12.060050,WH-Bengaluru,Central,Carrier B,Rail,301.8,94.0,147,4939,2477.39,0.7,0,0.1661776786762117,0.06702843167227147,0.1442934991173536,0.20408163265306117,0.987987987987988,0.8857142857142857
SHP100250,2025-03-17 21:31:04.553794,WH-Delhi,Central,Carrier C,Road,863.2,186.7,127,3358,10911.68,0.5,0,0.4955991080859054,0.1378783246713543,0.6005736440870806,0.12244897959183672,0.6714714714714715,0.6
SHP100612,2025-07-05 19:04:33.227689,WH-Chennai,South,Carrier A,Rail,381.2,247.9,122,1255,3484.58,0.2,0,0.21276845440675973,0.1846530113115255,0.19878069355957215,0.0,0.25045045045045045,0.5285714285714286
SHP101170,2025-12-22 04:42:14.111759,WH-Bengaluru,East,Carrier B,Sea,335.7,236.1,123,1210,2736.95,1.3,0,0.18606971012791923,0.17563436258025067,0.15833523522416784,0.4489795918367347,0.24144144144144145,0.5428571428571428
SHP100054,2025-01-17 09:26:52.343619,WH-Mumbai,West,Carrier A,Road,509.1,338.8,114,2836,7662.46,1.5,0,0.2878183311817862,0.2541271782329563,0.4247965991148854,0.5306122448979592,0.5669669669669669,0.4142857142857143
SHP100589,2025-06-28 19:29:46.488740,WH-Kolkata,Central,Carrier C,Air,330.3,474.4,113,1648,18295.03375,0.2,0,0.18290106794977115,0.35776520941608064,1.0,0.0,0.3291291291291291,0.4
SHP100233,2025-03-12 17:39:16.964136,WH-Mumbai,East,Carrier A,Sea,998.1,89.2,110,4353,4457.21,2.4,1,0.5747564839807534,0.06335982879853255,0.2513982532358348,0.8979591836734692,0.8706706706706707,0.35714285714285715
SHP100084,2025-01-26 12:01:48.090075,WH-Chennai,East,Carrier A,Road,761.0,139.7,123,190,10270.22,1.2,0,0.43562962093650975,0.1019565881993274,0.565871794637716,0.4081632653061224,0.037237237237237236,0.5428571428571428
SHP100488,2025-05-29 03:36:10.809007,WH-Chennai,West,Carrier D,Road,921.2,139.9,127,1032,11920.33,0.9,1,0.5296326722215703,0.10210944665239986,0.6551398219424442,0.2857142857142857,0.20580580580580582,0.6
SHP100944,2025-10-14 14:03:06.155129,WH-Delhi,West,Carrier A,Sea,473.3,82.0,114,3251,1498.14,0.9,0,0.2668114071118413,0.05785692448792418,0.09131780917052877,0.2857142857142857,0.65005005005005,0.4142857142857143
SHP100495,2025-05-31 06:36:19.816513,WH-Chennai,West,Carrier C,Road,321.5,260.4,129,443,4568.09,0.2,0,0.17773735477056682,0.19420666462855393,0.25739666477660983,0.0,0.08788788788788789,0.6285714285714286
SHP100125,2025-02-07 22:45:32.276897,WH-Kolkata,Central,Carrier A,Road,861.2,214.6,136,3957,10848.6,1.3,0,0.4944255369088135,0.15920207887496177,0.5971611278533857,0.4489795918367347,0.7913913913913914,0.7285714285714285
SHP100672,2025-07-24 00:14:24.720600,WH-Kolkata,West,Carrier D,Rail,290.7,46.0,112,4750,4218.67,0.2,0,0.15966435864335168,0.030342402934882298,0.23849366188539764,0.0,0.9501501501501501,0.38571428571428573
SHP100187,2025-02-26 18:29:43.486238,WH-Delhi,Central,Carrier C,Rail,581.7,307.1,120,4055,4966.48,1.7,1,0.3304189649102218,0.22989911342097216,0.27894885790187457,0.6122448979591836,0.811011011011011,0.5
SHP101168,2025-12-21 14:07:54.395329,WH-Chennai,East,Carrier B,Road,480.2,313.9,126,4881,6629.73,0.2,0,0.2708602276728083,0.23509630082543562,0.3689277359249089,0.0,0.9763763763763764,0.5857142857142857
SHP100701,2025-08-01 19:32:10.608840,WH-Kolkata,North,Carrier C,Road,179.5,130.8,106,4800,6507.42,0.2,0,0.0944138011970426,0.09515438703760318,0.3623109816360183,0.0,0.9601601601601601,0.3
SHP100151,2025-02-15 20:11:48.590492,WH-Mumbai,Central,Carrier A,Road,1413.0,326.9,124,148,18078.78,1.0,0,0.8182138246684661,0.24503210027514516,0.9883010552873749,0.32653061224489793,0.02882882882882883,0.5571428571428572
SHP101018,2025-11-06 01:13:15.663052,WH-Kolkata,North,Carrier A,Sea,870.8,29.4,121,3300,2533.84,1.2,0,0.5000586785588546,0.01765515132986854,0.14734734409820455,0.4081632653061224,0.6598598598598598,0.5142857142857142
SHP100673,2025-07-24 07:31:34.578815,WH-Bengaluru,South,Carrier A,Sea,402.1,40.8,111,3107,903.35,1.5,1,0.22503227320737001,0.02636808315499847,0.059140724030399154,0.5306122448979592,0.6212212212212213,0.37142857142857144
SHP100388,2025-04-28 18:59:44.987489,WH-Delhi,North,Carrier C,Rail,285.7,55.2,117,2674,2379.76,1.2,0,0.15673043070062198,0.03737389177621522,0.13901188909998471,0.4081632653061224,0.5345345345345346,0.45714285714285713
SHP100137,2025-02-11 14:11:30.575479,WH-Mumbai,West,Carrier C,Road,298.9,197.5,105,1405,3715.92,0.7,0,0.16447600046942845,0.14613268113726688,0.21129577766710184,0.20408163265306117,0.28048048048048047,0.2857142857142857
SHP101197,2025-12-30 09:25:40.283569,WH-Kolkata,Central,Carrier B,Road,1094.5,360.9,119,1388,13787.59,1.9,1,0.6313226147165826,0.2710180372974625,0.7561552794968054,0.693877551020408,0.27707707707707707,0.4857142857142857
SHP100172,2025-02-22 05:12:15.613010,WH-Mumbai,North,Carrier D,Rail,319.2,108.5,133,4076,2663.27,0.3,0,0.17638774791691114,0.07811066952002445,0.1543492777717481,0.040816326530612235,0.8152152152152152,0.6857142857142857
SHP100887,2025-09-27 06:44:44.236864,WH-Kolkata,West,Carrier B,Road,789.6,412.5,106,184,9967.94,1.4,1,0.45241168876892385,0.3104555181901559,0.5495189822229842,0.48979591836734687,0.036036036036036036,0.3
SHP100965,2025-10-20 23:03:33.177648,WH-Delhi,East,Carrier C,Road,706.1,147.4,112,1840,6507.42,0.4,0,0.4034150921253374,0.10784163864261692,0.3623109816360183,0.08163265306122448,0.3675675675675676,0.38571428571428573
SHP101181,2025-12-25 12:51:02.552126,WH-Delhi,West,Carrier B,Road,1142.8,220.6,99,3459,14418.36,1.7,1,0.6596643586433517,0.1637878324671354,0.7902788188869088,0.6122448979591836,0.6916916916916916,0.2
SHP100966,2025-10-21 06:20:43.035863,WH-Bengaluru,South,Carrier B,Rail,1283.0,200.6,108,850,9958.68,1.2,0,0.7419316981574933,0.1485019871598899,0.5490180326300226,0.4081632653061224,0.16936936936936936,0.32857142857142857
SHP100223,2025-03-09 16:47:38.381984,WH-Chennai,South,Carrier A,Road,87.2,71.3,126,2637,1142.95,1.1,0,0.04025349137425185,0.049678997248547845,0.0721026595027088,0.3673469387755102,0.5271271271271272,0.5857142857142857
SHP100899,2025-09-30 22:10:42.535446,WH-Mumbai,Central,Carrier C,Road,498.4,108.7,140,532,6757.17,0.8,0,0.2815397253843445,0.07826352797309691,0.37582201412437116,0.2448979591836735,0.1057057057057057,0.7857142857142857
SHP100177,2025-02-23 17:38:04.904086,WH-Mumbai,West,Carrier D,Road,275.2,228.5,115,3041,6507.42,0.5,0,0.15056918202088954,0.16982574136349737,0.3623109816360183,0.12244897959183672,0.608008008008008,0.42857142857142855
SHP100655,2025-07-18 20:22:37.130942,WH-Delhi,Central,Carrier A,Air,1008.6,215.3,103,796,18295.03375,0.5,0,0.5809177326604859,0.15973708346071536,1.0,0.12244897959183672,0.15855855855855855,0.2571428571428571
SHP101128,2025-12-09 10:41:20.066722,WH-Delhi,North,Carrier D,Road,545.5,136.4,124,2216,6674.85,1.0,0,0.3091773266048586,0.09943442372363191,0.37136864798046243,0.32653061224489793,0.44284284284284287,0.5571428571428572
SHP100604,2025-07-03 08:47:14.361968,WH-Bengaluru,North,Carrier B,Road,1058.0,220.5,113,1102,12694.22,1.6,1,0.6099049407346556,0.16371140324059918,0.6970058997498971,0.5714285714285714,0.21981981981981982,0.4
SHP100374,2025-04-24 12:59:26.972477,WH-Delhi,Central,Carrier B,Road,1254.4,552.5,114,304,16564.96,0.9,0,0.7251496303250793,0.41745643534087434,0.906406075501516,0.2857142857142857,0.06006006006006006,0.4142857142857143
SHP100491,2025-05-30 01:27:40.383653,WH-Kolkata,North,Carrier D,Road,335.3,260.8,104,4686,5362.56,1.2,0,0.18583499589250088,0.19451238153469885,0.3003760841200399,0.4081632653061224,0.9373373373373374,0.2714285714285714
SHP100924,2025-10-08 12:19:48.990825,WH-Chennai,Central,Carrier B,Rail,776.8,208.2,119,4957,6050.56,0.6,0,0.4449008332355357,0.1543106083766432,0.3375956651089758,0.16326530612244897,0.9915915915915916,0.4857142857142857
SHP101003,2025-11-01 11:55:47.789824,WH-Chennai,Central,Carrier A,Road,1170.5,125.0,107,545,14394.28,1.9,1,0.6759183194460744,0.09072149189850198,0.788976133552296,0.693877551020408,0.1083083083083083,0.3142857142857143
SHP100541,2025-06-14 05:45:53.294412,WH-Chennai,West,Carrier A,Road,697.6,151.3,119,1844,8453.36,0.9,0,0.3984274146226969,0.1108223784775298,0.46758288778370727,0.2857142857142857,0.3683683683683684,0.4857142857142857
SHP100299,2025-04-01 18:32:07.606338,WH-Kolkata,South,Carrier D,Road,413.1,299.5,110,2493,5676.31,1.2,0,0.23148691468137542,0.22409049220421887,0.3173494032120147,0.4081632653061224,0.4982982982982983,0.35714285714285715
SHP100860,2025-09-19 02:01:18.065054,WH-Chennai,East,Carrier C,Road,456.1,457.7,136,472,7293.31,0.3,0,0.2567186949888511,0.3450015285845307,0.40482623818165037,0.040816326530612235,0.0936936936936937,0.7285714285714285
SHP100528,2025-06-10 07:02:45.137614,WH-Bengaluru,North,Carrier C,Road,539.3,115.5,109,3841,6413.42,2.6500000000000004,1,0.30553925595587367,0.08346071537756038,0.3572257481869486,1.0,0.7681681681681681,0.34285714285714286
SHP100050,2025-01-16 04:18:12.910758,WH-Bengaluru,Central,Carrier A,Rail,279.4,427.6,122,2355,2446.89,0.5,0,0.15303368149278251,0.32199633139712625,0.14264350315781502,0.12244897959183672,0.47067067067067064,0.5285714285714286
SHP100874,2025-09-23 08:01:36.080066,WH-Chennai,South,Carrier C,Road,472.0,104.6,120,1256,5320.13,0.8,0,0.2660485858467316,0.07512992968511158,0.2980806962982949,0.2448979591836735,0.2506506506506507,0.5
SHP100774,2025-08-23 23:25:10.258548,WH-Kolkata,West,Carrier C,Road,671.2,190.3,111,2099,8589.09,2.3,1,0.38293627508508393,0.1406297768266585,0.47492564029479484,0.857142857142857,0.4194194194194194,0.37142857142857144
SHP100932,2025-10-10 22:37:07.856547,WH-Kolkata,West,Carrier A,Road,1026.3,197.5,107,289,13576.87,1.0,0,0.5913038375777491,0.14613268113726688,0.7447557008543801,0.32653061224489793,0.057057057057057055,0.3142857142857143
SHP100032,2025-01-10 17:09:15.462885,WH-Bengaluru,Central,Carrier D,Road,307.3,119.8,100,1473,4717.67,0.6,0,0.1694049994132144,0.08674717211861815,0.2654886777480125,0.16326530612244897,0.2940940940940941,0.21428571428571427
SHP100257,2025-03-20 00:31:13.561301,WH-Bengaluru,South,Carrier C,Road,463.9,197.5,106,4142,5582.61,0.5,0,0.2612956225795094,0.14613268113726688,0.3122803992313994,0.12244897959183672,0.8284284284284285,0.3
SHP100238,2025-03-14 06:05:06.255212,WH-Chennai,Central,Carrier C,Rail,359.5,165.5,147,3833,3103.53,0.2,0,0.20003520713531273,0.12167532864567408,0.1781665637109762,0.0,0.7665665665665665,0.8857142857142857
SHP101078,2025-11-24 06:23:07.155963,WH-Mumbai,North,Carrier A,Air,693.0,56.1,110,4937,18295.03375,0.2,0,0.3957282009153855,0.038061754815041274,1.0,0.0,0.9875875875875876,0.35714285714285715
SHP100496,2025-05-31 13:53:29.674728,WH-Chennai,South,Carrier A,Air,374.8,93.2,124,4174,18295.03375,0.5,0,0.2090130266400657,0.06641699785998166,1.0,0.12244897959183672,0.8348348348348348,0.5571428571428572
SHP100895,2025-09-29 17:02:03.102585,WH-Delhi,South,Carrier B,Road,469.6,92.2,119,600,5729.85,0.2,0,0.2646403004342213,0.06565270559461939,0.3202458223488572,0.0,0.11931931931931931,0.4857142857142857
SHP100534,2025-06-12 02:45:44.286905,WH-Delhi,West,Carrier B,Air,460.9,78.0,120,1496,18295.03375,0.2,0,0.2595352658138716,0.05479975542647508,1.0,0.0,0.2986986986986987,0.5
SHP100825,2025-09-08 11:00:33.027522,WH-Kolkata,Central,Carrier C,Road,486.3,153.4,119,2087,6378.1,0.3,0,0.2744396197629386,0.11242739223479058,0.3553149987675748,0.040816326530612235,0.41701701701701704,0.4857142857142857
SHP100572,2025-06-23 15:37:58.899082,WH-Kolkata,Central,Carrier B,Air,241.7,82.3,117,3938,13978.93,0.4,0,0.1309118648046004,0.05808621216753286,0.7665064344770713,0.08163265306122448,0.7875875875875876,0.45714285714285713
SHP100354,2025-04-18 11:16:09.808173,WH-Kolkata,West,Carrier D,Sea,219.4,163.0,124,2348,1322.77,0.2,0,0.11782654618002582,0.1197645979822684,0.08183060289432284,0.0,0.46926926926926926,0.5571428571428572
SHP100939,2025-10-13 01:37:16.864053,WH-Kolkata,East,Carrier B,Road,531.2,495.2,134,1987,7289.85,1.0,0,0.3007862926886516,0.37366248853561596,0.4046390583121421,0.32653061224489793,0.396996996996997,0.7
SHP100683,2025-07-27 08:23:13.160967,WH-Mumbai,Central,Carrier A,Air,621.5,645.4,136,4778,18295.03375,0.5,0,0.3537730313343504,0.48845918679302963,1.0,0.12244897959183672,0.9557557557557558,0.7285714285714285
SHP100474,2025-05-24 21:35:52.793994,WH-Kolkata,East,Carrier C,Road,401.8,175.1,121,4113,6507.42,0.8,0,0.22485623753080622,0.1290125343931519,0.3623109816360183,0.2448979591836735,0.8226226226226226,0.5142857142857142
SHP100472,2025-05-24 07:01:33.077564,WH-Mumbai,East,Carrier A,Rail,1046.5,205.4,132,1881,18295.03375,1.4,1,0.6031569064663772,0.15217059003362884,1.0,0.48979591836734687,0.37577577577577576,0.6714285714285714
SHP100484,2025-05-27 22:27:31.376146,WH-Delhi,South,Carrier D,Road,639.8,367.4,124,1714,8500.16,1.8,1,0.3645112076047412,0.2759859370223173,0.47011468486260577,0.6530612244897959,0.34234234234234234,0.5571428571428572
SHP101154,2025-12-17 08:07:36.380316,WH-Mumbai,East,Carrier B,Road,183.1,435.3,116,1707,3843.76,1.4,0,0.096526229315808,0.32788138184041576,0.21821169515783667,0.48979591836734687,0.34094094094094096,0.44285714285714284
SHP100759,2025-08-19 10:07:42.385321,WH-Kolkata,West,Carrier C,Air,321.3,93.0,130,2539,17659.4,0.2,0,0.17761999765285763,0.0662641394069092,0.9656133403525786,0.0,0.5075075075075075,0.6428571428571429
SHP100368,2025-04-22 17:16:27.823185,WH-Kolkata,West,Carrier C,Sea,139.4,245.1,108,628,760.69,1.9,1,0.0708836990963502,0.18251299296851115,0.051423070798013115,0.693877551020408,0.12492492492492492,0.32857142857142857
SHP100713,2025-08-05 10:58:08.907422,WH-Mumbai,North,Carrier B,Road,598.6,69.3,126,2629,7391.84,1.9,0,0.3403356413566483,0.04815041271782329,0.4101565366043827,0.693877551020408,0.5255255255255256,0.5857142857142857
SHP100503,2025-06-02 16:53:38.682235,WH-Mumbai,East,Carrier C,Rail,343.4,115.3,93,3318,3014.96,0.6,0,0.190587959159723,0.08330785692448792,0.1733750836409325,0.16326530612244897,0.6634634634634634,0.11428571428571428
SHP100834,2025-09-11 04:35:01.751459,WH-Kolkata,Central,Carrier C,Road,1157.2,104.8,132,3936,14473.8,0.8,0,0.6681140711184134,0.07528278813818404,0.7932780246572962,0.2448979591836735,0.7871871871871872,0.6714285714285714
SHP101026,2025-11-08 11:30:34.528773,WH-Mumbai,North,Carrier D,Road,1127.0,197.5,124,4971,13367.22,0.7,0,0.6503931463443258,0.14613268113726688,0.7334140073161092,0.20408163265306117,0.9943943943943944,0.5571428571428572
SHP100842,2025-09-13 14:52:20.617180,WH-Kolkata,South,Carrier A,Rail,1187.6,243.4,106,2890,8248.6,1.9,0,0.6859523530102101,0.18121369611739527,0.45650573458124427,0.693877551020408,0.5777777777777777,0.3
SHP100550,2025-06-16 23:20:22.018348,WH-Delhi,North,Carrier B,Sea,694.8,182.2,149,4950,3030.5,0.9,0,0.3967844149747682,0.13443900947722406,0.17421577010687445,0.2857142857142857,0.9901901901901902,0.9142857142857143
SHP100303,2025-04-02 23:40:47.039199,WH-Bengaluru,South,Carrier D,Road,509.8,313.4,111,3456,6350.25,0.6,0,0.2882290810937683,0.23471415469275447,0.35380836311271735,0.16326530612244897,0.6910910910910911,0.37142857142857144
SHP100763,2025-08-20 15:16:21.818181,WH-Bengaluru,North,Carrier A,Sea,816.7,39.1,110,2132,3730.97,1.5,1,0.46831357821851893,0.025068786303882606,0.2121099560012348,0.5306122448979592,0.426026026026026,0.35714285714285715
SHP100946,2025-10-15 04:37:25.871559,WH-Mumbai,East,Carrier C,Road,659.3,175.6,118,1012,8826.41,0.5,0,0.3759535265813871,0.12939468052583306,0.4877642318068504,0.12244897959183672,0.2018018018018018,0.4714285714285714
SHP100478,2025-05-26 02:44:32.226855,WH-Chennai,South,Carrier C,Road,552.2,567.2,113,4455,7864.14,0.7,0,0.3131087900481164,0.4286915316416998,0.435707129774549,0.20408163265306117,0.8910910910910911,0.4
SHP101023,2025-11-07 13:39:04.954128,WH-Delhi,East,Carrier B,Air,645.6,197.4,125,3247,18295.03375,1.3,0,0.3679145640183077,0.14605625191073066,1.0,0.4489795918367347,0.6492492492492492,0.5714285714285714
SHP100638,2025-07-13 16:30:49.541284,WH-Delhi,West,Carrier C,Road,319.0,94.6,118,155,4431.97,0.6,0,0.17627039079920195,0.06748700703148884,0.25003281395653143,0.16326530612244897,0.03023023023023023,0.4714285714285714
SHP100561,2025-06-20 07:29:10.458715,WH-Delhi,South,Carrier B,Sea,61.9,261.8,114,2376,1141.34,1.3,0,0.02540781598403943,0.19527667380006114,0.07201556135533643,0.4489795918367347,0.4748748748748749,0.4142857142857143
SHP100919,2025-10-06 23:53:59.699749,WH-Mumbai,South,Carrier C,Road,514.1,99.0,115,4208,6283.23,1.6,1,0.2907522591245159,0.07084989299908284,0.350182699859987,0.5714285714285714,0.8416416416416417,0.42857142857142855
SHP101005,2025-11-02 02:30:07.506255,WH-Chennai,West,Carrier A,Road,187.2,602.4,111,2286,3624.86,0.2,0,0.09893205022884638,0.4555946193824518,0.206369593008886,0.0,0.45685685685685684,0.37142857142857144
SHP100671,2025-07-23 16:57:14.862385,WH-Mumbai,West,Carrier D,Road,567.5,78.6,140,1915,6247.57,2.3,1,0.3220866095528694,0.05525833078569244,0.3482535570430314,0.857142857142857,0.3825825825825826,0.7857142857142857
SHP101162,2025-12-19 18:24:55.246038,WH-Mumbai,West,Carrier A,Road,823.4,375.0,115,3036,10442.45,0.8,0,0.4722450416617767,0.28179455823907057,0.5751891324774319,0.2448979591836735,0.607007007007007,0.42857142857142855
SHP100958,2025-10-18 20:03:24.170141,WH-Delhi,North,Carrier C,Air,183.1,215.3,105,1139,10696.47,0.2,0,0.096526229315808,0.15973708346071536,0.5889311644001199,0.0,0.22722722722722724,0.2857142857142857
SHP101065,2025-11-20 07:39:58.999165,WH-Bengaluru,Central,Carrier C,Air,615.7,157.3,116,111,18295.03375,0.3,0,0.35036967492078397,0.11540813206970345,1.0,0.040816326530612235,0.02142142142142142,0.44285714285714284
SHP100768,2025-08-22 03:42:11.109257,WH-Mumbai,North,Carrier D,Air,739.5,106.0,134,38,18295.03375,1.0,0,0.42301373078277194,0.07619993885661877,1.0,0.32653061224489793,0.006806806806806807,0.7
SHP100160,2025-02-18 13:46:17.314428,WH-Chennai,North,Carrier A,Rail,170.4,54.4,123,3289,989.21,1.3768605129189444,0,0.08907405234127451,0.0367624579639254,0.06378559790207072,0.48035122976283445,0.6576576576576577,0.5428571428571428
SHP100628,2025-07-10 15:39:10.959132,WH-Kolkata,North,Carrier D,Road,459.3,101.7,110,1545,5893.43,0.2,0,0.2585964088721981,0.07291348211556099,0.3290952105148021,0.0,0.3085085085085085,0.35714285714285715
SHP100433,2025-05-12 10:52:08.607172,WH-Chennai,Central,Carrier D,Road,640.1,224.8,113,4127,18295.03375,0.9,0,0.36468724328130503,0.16699785998165698,1.0,0.2857142857142857,0.8254254254254254,0.4
SHP100941,2025-10-13 16:11:36.580483,WH-Delhi,North,Carrier A,Sea,980.6,193.4,135,3865,3384.62,1.6,0,0.5644877361811994,0.14299908284928156,0.1933730346705401,0.5714285714285714,0.772972972972973,0.7142857142857143
SHP101190,2025-12-28 06:25:31.276063,WH-Mumbai,Central,Carrier C,Road,486.6,92.3,126,4130,5990.97,0.4,0,0.2746156554395024,0.06572913482115561,0.3343719516916347,0.08163265306122448,0.826026026026026,0.5857142857142857
SHP100989,2025-10-28 05:55:29.774812,WH-Chennai,Central,Carrier C,Road,255.8,152.3,99,3205,3849.33,0.2,0,0.13918554160309823,0.11158667074289208,0.21851302228880815,0.0,0.6408408408408408,0.2
SHP100926,2025-10-09 02:54:08.707256,WH-Kolkata,East,Carrier A,Road,850.9,179.1,98,1932,10490.49,0.5,0,0.48838164534679024,0.132069703454601,0.5777880113592755,0.12244897959183672,0.385985985985986,0.18571428571428572
SHP100815,2025-09-05 10:08:54.445371,WH-Delhi,South,Carrier A,Road,328.2,91.4,113,3044,3985.39,0.8,0,0.18166881821382463,0.06504127178232956,0.22587362721519566,0.2448979591836735,0.6086086086086087,0.4
SHP100492,2025-05-30 08:44:50.241868,WH-Kolkata,North,Carrier B,Sea,691.1,16.2,97,2138,2671.9,1.6,1,0.3946133082971482,0.007566493427086516,0.15481614548095524,0.5714285714285714,0.4272272272272272,0.17142857142857143
SHP100385,2025-04-27 21:08:15.412844,WH-Bengaluru,West,Carrier D,Road,947.3,571.7,108,4856,12487.29,2.0,1,0.5449477760826194,0.4321308468358301,0.6858113533922803,0.7346938775510203,0.9713713713713714,0.32857142857142857
SHP100281,2025-03-27 07:23:10.158465,WH-Bengaluru,South,Carrier D,Road,250.4,149.9,118,1257,3403.43,1.4,0,0.13601689942495013,0.10975236930602261,0.19439062234263588,0.48979591836734687,0.25085085085085085,0.4714285714285714
SHP100483,2025-05-27 15:10:21.517931,WH-Bengaluru,North,Carrier D,Air,530.6,127.5,121,211,18295.03375,0.2,0,0.300434221335524,0.09263222256190767,1.0,0.0,0.04144144144144144,0.5142857142857142
SHP100282,2025-03-27 14:40:20.016680,WH-Kolkata,Central,Carrier C,Road,290.2,61.8,136,2291,4152.69,0.2,0,0.15937096584907873,0.04241822072760623,0.2349242607899761,0.0,0.4578578578578579,0.7285714285714285
SHP100437,2025-05-13 16:00:48.040033,WH-Bengaluru,South,Carrier B,Road,903.3,350.9,110,1165,11719.94,0.5,0,0.5191292101865977,0.2633751146438398,0.6442990779971349,0.12244897959183672,0.23243243243243245,0.35714285714285715
SHP100567,2025-06-22 03:12:09.608006,WH-Mumbai,West,Carrier D,Road,213.7,316.9,114,2240,4017.04,0.3,0,0.11448186832531393,0.23738917762152242,0.22758583613714306,0.040816326530612235,0.44764764764764764,0.4142857142857143
SHP101141,2025-12-13 09:24:28.223519,WH-Bengaluru,East,Carrier D,Road,349.5,320.9,122,1623,5384.39,0.8,0,0.1941673512498533,0.24044634668297152,0.3015570484412441,0.2448979591836735,0.3241241241241241,0.5285714285714286
SHP100741,2025-08-13 22:58:44.937447,WH-Delhi,Central,Carrier D,Road,290.4,154.8,122,638,3658.47,1.0674434448955474,0,0.15948832296678792,0.11349740140629776,0.20818783445806932,0.35405854893695815,0.12692692692692692,0.5285714285714286
SHP101166,2025-12-20 23:33:34.678899,WH-Chennai,North,Carrier A,Road,684.7,183.1,121,303,8318.27,1.1,0,0.39085788053045417,0.13512687251605013,0.46027475813865587,0.3673469387755102,0.05985985985985986,0.5142857142857142
SHP101029,2025-11-09 09:22:04.103419,WH-Mumbai,West,Carrier B,Air,298.1,91.5,118,1037,15794.2,0.2,0,0.1640065719985917,0.06511770100886578,0.8647093251482715,0.0,0.2068068068068068,0.4714285714285714
SHP101159,2025-12-18 20:33:25.671392,WH-Chennai,South,Carrier C,Road,450.3,126.8,96,2990,5086.67,1.7,1,0.2533153385752846,0.09209721797615407,0.28545092394702026,0.6122448979591836,0.5977977977977978,0.15714285714285714
SHP100121,2025-02-06 17:36:52.844036,WH-Delhi,Central,Carrier B,Rail,526.6,288.7,119,1064,4015.25,0.2,0,0.29808707898134024,0.2158361357383063,0.227489000308698,0.0,0.2122122122122122,0.4857142857142857
SHP100836,2025-09-11 19:09:21.467889,WH-Mumbai,West,Carrier D,Rail,924.6,28.6,111,4507,6237.53,0.6,0,0.5316277432226264,0.017043717517578723,0.3477104108320882,0.16326530612244897,0.9015015015015015,0.37142857142857144
SHP100016,2025-01-05 20:34:37.731442,WH-Kolkata,West,Carrier A,Rail,324.2,357.2,138,1566,3556.93,1.6,1,0.17932167585964087,0.2681901559156221,0.20269470036851037,0.5714285714285714,0.3127127127127127,0.7571428571428571
SHP100907,2025-10-03 08:28:01.401167,WH-Chennai,Central,Carrier C,Road,428.2,263.2,116,2596,5983.72,0.6,0,0.24034737706841916,0.1963466829715683,0.33397973953731813,0.16326530612244897,0.518918918918919,0.44285714285714284
SHP101182,2025-12-25 20:08:12.410341,WH-Delhi,South,Carrier D,Road,389.7,270.4,134,2269,5204.51,0.6,0,0.21775613190940027,0.20184958728217667,0.29182585915593917,0.16326530612244897,0.45345345345345345,0.7
SHP100707,2025-08-03 15:15:09.758131,WH-Bengaluru,South,Carrier A,Sea,239.2,230.4,117,3767,1823.01,0.4,0,0.12944490083323554,0.1712778966676857,0.10889270055988284,0.08163265306122448,0.7533533533533534,0.45714285714285713
SHP100835,2025-09-11 11:52:11.609674,WH-Mumbai,West,Carrier C,Road,605.6,196.0,116,1699,7145.88,1.2,0,0.3444431404764699,0.14498624273922345,0.3968505364008381,0.4081632653061224,0.33933933933933935,0.44285714285714284
SHP100293,2025-03-30 22:49:08.457047,WH-Chennai,East,Carrier B,Sea,175.1,116.5,121,3079,529.14,0.7,0,0.09183194460744044,0.08422500764292265,0.038896626062565276,0.20408163265306117,0.6156156156156156,0.5142857142857142
SHP100670,2025-07-23 09:40:05.004170,WH-Bengaluru,East,Carrier A,Road,739.4,91.9,121,4592,8925.97,1.8,1,0.4229550522239173,0.0654234179150107,0.4931502514046098,0.6530612244897959,0.9185185185185185,0.5142857142857142
SHP100719,2025-08-07 06:41:08.056713,WH-Chennai,South,Carrier B,Road,172.8,138.3,113,1643,2334.41,0.6,0,0.09048233775378478,0.10088657902782024,0.13655853445194946,0.16326530612244897,0.32812812812812814,0.4
SHP100106,2025-02-02 04:19:24.970809,WH-Chennai,West,Carrier D,Air,483.8,194.3,124,1080,18295.03375,0.7,0,0.27297265579157376,0.1436869458881076,1.0,0.20408163265306117,0.21541541541541542,0.5571428571428572
SHP100023,2025-01-07 23:34:46.738949,WH-Chennai,North,Carrier C,Rail,540.2,24.2,114,330,3426.25,1.1,0,0.3060673629855651,0.013680831549984711,0.1956251439097398,0.3673469387755102,0.06526526526526527,0.4142857142857143
SHP100069,2025-01-21 22:44:20.216847,WH-Kolkata,North,Carrier B,Road,1629.1,222.6,125,1796,6507.42,1.4,1,0.9450181903532449,0.16531641699785996,0.3623109816360183,0.48979591836734687,0.35875875875875873,0.5714285714285714
SHP100679,2025-07-26 03:14:33.728106,WH-Delhi,South,Carrier D,Road,417.0,457.3,112,4768,5008.28,1.5,1,0.2337753784767046,0.3446958116783858,0.2812101638398652,0.5306122448979592,0.9537537537537537,0.38571428571428573
SHP100885,2025-09-26 16:10:24.520433,WH-Kolkata,West,Carrier D,Road,404.6,127.2,129,4826,5604.11,0.3,0,0.22649923717873488,0.09240293488229899,0.3134435111373036,0.040816326530612235,0.9653653653653653,0.6285714285714286
SHP100697,2025-07-31 14:23:31.175979,WH-Chennai,East,Carrier D,Air,612.2,258.6,121,2543,18295.03375,0.5,0,0.34831592536087314,0.19283093855090186,1.0,0.12244897959183672,0.5083083083083083,0.5142857142857142
SHP100103,2025-02-01 06:27:55.396163,WH-Bengaluru,North,Carrier D,Road,290.8,82.6,136,2299,18295.03375,0.2,0,0.1597230372022063,0.05831549984714154,1.0,0.0,0.4594594594594595,0.7285714285714285
SHP101043,2025-11-13 15:22:22.118432,WH-Chennai,South,Carrier D,Road,236.9,271.8,115,4380,3184.95,0.9,0,0.12809529397957986,0.20291959645368388,0.18257124144952144,0.2857142857142857,0.8760760760760761,0.42857142857142855
SHP100809,2025-09-03 14:25:55.296080,WH-Chennai,East,Carrier D,Rail,273.2,108.9,119,3144,2215.13,0.2,0,0.14939561084379768,0.07841638642616937,0.13010569779444905,0.0,0.6286286286286287,0.4857142857142857
SHP100636,2025-07-13 01:56:29.824854,WH-Kolkata,South,Carrier B,Sea,885.0,243.3,121,371,4372.74,1.3,0,0.508391033916207,0.18113726689085904,0.24682857590133564,0.4489795918367347,0.07347347347347348,0.5142857142857142
SHP101151,2025-12-16 10:16:06.805671,WH-Mumbai,East,Carrier B,Rail,527.1,562.1,109,2788,5718.11,0.7,0,0.29838047177561317,0.4247936410883522,0.3196107091500052,0.20408163265306117,0.5573573573573574,0.34285714285714286
SHP100074,2025-01-23 11:10:09.507923,WH-Bengaluru,South,Carrier C,Road,1021.7,244.8,127,1507,12997.57,0.6,0,0.5886046238704378,0.18228370528890248,0.7134165972687834,0.16326530612244897,0.3009009009009009,0.6
SHP100507,2025-06-03 22:02:18.115095,WH-Delhi,South,Carrier A,Road,709.6,147.1,109,2030,8825.44,0.4,0,0.4054688416852482,0.10761235096300824,0.48771175652551435,0.08163265306122448,0.4056056056056056,0.34285714285714286
SHP101106,2025-12-02 18:23:43.185988,WH-Bengaluru,East,Carrier B,Rail,424.3,111.8,108,449,3450.63,0.6,0,0.23805891327309,0.08063283399571995,0.19694405871280707,0.16326530612244897,0.0890890890890891,0.32857142857142857
SHP100218,2025-03-08 04:21:49.090909,WH-Delhi,West,Carrier A,Air,641.8,144.8,113,20,18295.03375,0.5,0,0.3656847787818331,0.10585447875267502,1.0,0.12244897959183672,0.0032032032032032033,0.4
SHP101083,2025-11-25 18:48:56.447039,WH-Chennai,West,Carrier D,Sea,735.1,435.6,107,3904,4178.78,1.0,0,0.4204318741931698,0.32811066952002443,0.23633568356323387,0.32653061224489793,0.7807807807807807,0.3142857142857143
SHP100767,2025-08-21 20:25:01.251042,WH-Bengaluru,Central,Carrier A,Rail,657.4,299.5,132,4304,5514.45,0.9,0,0.3748386339631498,0.22409049220421887,0.308593063998542,0.2857142857142857,0.8608608608608609,0.6714285714285714
SHP100265,2025-03-22 10:48:32.427022,WH-Delhi,Central,Carrier C,Rail,282.6,285.6,98,2723,2245.68,0.7,0,0.15491139537612955,0.21346682971568326,0.1317583986653967,0.20408163265306117,0.5443443443443443,0.18571428571428572
SHP100631,2025-07-11 13:30:40.533778,WH-Delhi,East,Carrier C,Road,456.7,469.7,126,4089,7385.13,1.5,0,0.2570707663419786,0.354173035768878,0.40979353749328423,0.5306122448979592,0.8178178178178178,0.5857142857142857
SHP100579,2025-06-25 18:38:07.906588,WH-Kolkata,Central,Carrier B,Road,313.8,124.1,124,307,4290.0,0.2,0,0.17321910573876304,0.09003362885967593,0.24235248850159063,0.0,0.06066066066066066,0.5571428571428572
SHP100434,2025-05-12 18:09:18.465387,WH-Delhi,South,Carrier C,Road,536.4,334.3,126,4963,7640.82,0.9,0,0.3038375777490904,0.250687863038826,0.42362591345703565,0.2857142857142857,0.9927927927927928,0.5857142857142857
SHP100110,2025-02-03 09:28:04.403669,WH-Mumbai,West,Carrier B,Road,229.0,55.1,108,1600,3163.05,1.0,0,0.12345968783006689,0.037297462549679,0.1813864902523446,0.32653061224489793,0.3195195195195195,0.32857142857142857
SHP100217,2025-03-07 21:04:39.232693,WH-Delhi,West,Carrier B,Rail,487.2,96.2,119,434,3320.76,1.2,0,0.27496772679262993,0.06870987465606848,0.18991832181886362,0.4081632653061224,0.08608608608608609,0.4857142857142857
SHP100040,2025-01-13 03:26:34.328607,WH-Mumbai,Central,Carrier C,Air,760.6,194.9,133,4425,18295.03375,0.2,0,0.43539490670109143,0.14414552124732496,1.0,0.0,0.8850850850850851,0.6857142857142857
SHP100720,2025-08-07 13:58:17.914929,WH-Kolkata,West,Carrier D,Road,294.6,71.5,123,4849,6507.42,0.9,0,0.1619528224386809,0.0498318557016203,0.3623109816360183,0.2857142857142857,0.96996996996997,0.5428571428571428
SHP100276,2025-03-25 18:57:20.867389,WH-Kolkata,South,Carrier C,Road,158.2,374.2,118,441,2237.46,0.3,0,0.08191526816101397,0.2811831244267808,0.13131371122974403,0.040816326530612235,0.08748748748748748,0.4714285714285714
SHP100339,2025-04-13 21:58:41.934945,WH-Mumbai,North,Carrier C,Road,357.2,486.4,114,305,5027.35,0.5,0,0.19868560028165705,0.3669367166004279,0.2822418170512882,0.12244897959183672,0.06026026026026026,0.4142857142857143
SHP101000,2025-10-31 14:04:18.215179,WH-Delhi,East,Carrier B,Road,146.3,220.8,101,2410,2233.44,1.1,0,0.07493251965731722,0.16394069092020788,0.13109623635245402,0.3673469387755102,0.4816816816816817,0.22857142857142856
SHP100568,2025-06-22 10:29:19.466221,WH-Mumbai,South,Carrier B,Rail,417.9,90.1,126,400,3186.51,0.2,0,0.23430348550639593,0.0640476918373586,0.18265563468548476,0.0,0.07927927927927927,0.5857142857142857
SHP100185,2025-02-26 03:55:23.769808,WH-Kolkata,South,Carrier B,Road,975.1,705.7,137,4750,14351.54,0.6,0,0.5612604154441967,0.5345460103943749,0.7866639752798147,0.16326530612244897,0.9501501501501501,0.7428571428571429
SHP100755,2025-08-18 04:59:02.952460,WH-Kolkata,South,Carrier C,Sea,678.8,107.5,130,298,3271.56,1.4,1,0.387395845558033,0.07734637725466217,0.18725668899232922,0.48979591836734687,0.05885885885885886,0.6428571428571429
SHP100854,2025-09-17 06:18:18.915763,WH-Chennai,West,Carrier B,Road,277.4,328.7,117,2165,4214.09,0.2,0,0.1518601103156906,0.2464078263527973,0.23824589200032595,0.0,0.43263263263263263,0.45714285714285713
SHP100061,2025-01-19 12:27:01.351125,WH-Chennai,East,Carrier B,Sea,366.7,98.5,110,1319,1636.53,0.3,0,0.20426006337284353,0.07046774686640171,0.0988044629685794,0.040816326530612235,0.26326326326326327,0.35714285714285715
SHP100678,2025-07-25 19:57:23.869891,WH-Kolkata,North,Carrier A,Road,245.3,212.9,113,3245,3010.0,0.9,0,0.13302429292336582,0.15790278202384592,0.1731067564291518,0.2857142857142857,0.6488488488488489,0.4
SHP100387,2025-04-28 11:42:35.129274,WH-Mumbai,East,Carrier C,Road,173.8,236.8,125,1053,2699.21,0.2,0,0.09106912334233072,0.17616936716600426,0.15629356809259454,0.0,0.21001001001001002,0.5714285714285714
SHP100952,2025-10-17 00:20:25.020850,WH-Delhi,West,Carrier B,Road,472.9,506.3,122,1982,7262.48,1.6,0,0.26657669287642294,0.38214613268113723,0.40315838980681185,0.5714285714285714,0.395995995995996,0.5285714285714286
SHP101102,2025-12-01 13:15:03.753127,WH-Mumbai,South,Carrier B,Road,862.1,55.1,121,375,11012.44,1.0,0,0.4949536439385049,0.037297462549679,0.6060245815586579,0.32653061224489793,0.07427427427427427,0.5142857142857142
SHP100251,2025-03-18 04:48:14.412010,WH-Chennai,Central,Carrier A,Road,126.4,189.4,102,2438,2759.29,0.2,0,0.0632554864452529,0.13994191378783244,0.15954378964174465,0.0,0.48728728728728726,0.24285714285714285
SHP101053,2025-11-16 16:14:00.700583,WH-Delhi,North,Carrier C,Air,138.4,459.9,137,1707,9187.21,0.4,0,0.07029691350780426,0.34668297156832767,0.5072828725347691,0.08163265306122448,0.34094094094094096,0.7428571428571429
SHP100685,2025-07-27 22:57:32.877397,WH-Chennai,South,Carrier A,Road,1003.0,381.3,122,3830,12850.34,1.8,1,0.5776317333646286,0.2866095995108529,0.7054517151336075,0.6530612244897959,0.765965965965966,0.5285714285714286
SHP100307,2025-04-04 04:49:26.472060,WH-Delhi,West,Carrier B,Road,142.9,242.7,115,1226,2773.09,0.2,0,0.072937448656261,0.18067869153164168,0.16029034519065063,0.0,0.24464464464464464,0.42857142857142855
SHP100193,2025-02-28 14:12:42.635529,WH-Bengaluru,West,Carrier C,Rail,476.4,332.5,115,4051,4529.36,1.2,0,0.2686304424363337,0.24931213696117394,0.2553014403991367,0.4081632653061224,0.8102102102102102,0.42857142857142855
SHP100502,2025-06-02 09:36:28.824020,WH-Chennai,Central,Carrier A,Road,1224.3,63.9,110,3385,14796.45,2.6500000000000004,1,0.7074873841098462,0.04402323448486701,0.8107328179800872,1.0,0.6768768768768769,0.35714285714285715
SHP100033,2025-01-11 00:26:25.321100,WH-Delhi,West,Carrier A,Road,683.2,257.0,122,4734,8451.31,0.8,0,0.3899777021476353,0.1916080709263222,0.4674719864159349,0.2448979591836735,0.9469469469469469,0.5285714285714286
SHP100822,2025-09-07 13:09:03.452877,WH-Kolkata,South,Carrier C,Rail,607.3,122.6,99,3006,4570.2,1.3,0,0.34544067597699796,0.08888719046163251,0.25751081203807297,0.4489795918367347,0.601001001001001,0.2
SHP100057,2025-01-18 07:18:21.918265,WH-Bengaluru,West,Carrier A,Air,390.0,145.9,135,3644,18295.03375,0.4,0,0.21793216758596407,0.10669520024457352,1.0,0.08163265306122448,0.7287287287287287,0.7142857142857143
SHP100791,2025-08-29 03:16:57.848206,WH-Kolkata,Central,Carrier A,Road,380.4,105.7,119,2197,5014.18,1.1,0,0.21229902593592298,0.07597065117701009,0.2815293433861366,0.3673469387755102,0.439039039039039,0.4857142857142857
SHP100358,2025-04-19 16:24:49.241034,WH-Mumbai,West,Carrier C,Air,632.3,75.1,115,4062,18295.03375,0.6,0,0.3601103156906466,0.052583307856924486,1.0,0.16326530612244897,0.8124124124124125,0.42857142857142855
SHP100045,2025-01-14 15:52:23.619683,WH-Bengaluru,Central,Carrier B,Rail,1102.4,626.4,107,4055,9811.79,0.7,0,0.6359582208660957,0.47393763375114645,0.5410715438924285,0.20408163265306117,0.811011011011011,0.3142857142857143
SHP100988,2025-10-27 22:38:19.916597,WH-Delhi,East,Carrier A,Air,908.9,251.1,111,174,18295.03375,1.3,0,0.5224152094824551,0.1870987465606848,1.0,0.4489795918367347,0.03403403403403404,0.37142857142857144
SHP100802,2025-09-01 11:25:46.288573,WH-Mumbai,South,Carrier B,Air,410.0,57.3,119,4111,18295.03375,0.8,0,0.229667879356883,0.038978905533476,1.0,0.2448979591836735,0.8222222222222222,0.4857142857142857
SHP100068,2025-01-21 15:27:10.358632,WH-Delhi,Central,Carrier D,Rail,497.9,144.4,134,3140,4507.15,0.5,0,0.28124633259007153,0.1055487618465301,0.2540999187512235,0.12244897959183672,0.6278278278278279,0.7
SHP100318,2025-04-07 12:58:14.912427,WH-Chennai,East,Carrier A,Road,422.8,62.2,108,429,5260.25,0.4,0,0.23717873489027108,0.042723937633751145,0.29484129439478113,0.08163265306122448,0.08508508508508508,0.32857142857142857
SHP100291,2025-03-30 08:14:48.740617,WH-Mumbai,South,Carrier A,Road,426.2,330.3,128,3016,5819.2,1.3,0,0.23917380589132728,0.24763069397737694,0.3250794990368825,0.4489795918367347,0.603003003003003,0.6142857142857143
SHP100046,2025-01-14 23:09:33.477898,WH-Kolkata,Central,Carrier A,Rail,506.0,164.1,114,3679,4638.24,0.4,0,0.2859992958572937,0.1206053194741669,0.26119165548354856,0.08163265306122448,0.7357357357357357,0.4142857142857143
SHP100277,2025-03-26 02:14:30.725604,WH-Delhi,West,Carrier D,Air,1004.3,87.7,118,270,18295.03375,0.2,0,0.5783945546297382,0.06221339040048915,1.0,0.0,0.05325325325325325,0.4714285714285714
SHP101129,2025-12-09 17:58:29.924937,WH-Delhi,Central,Carrier B,Road,701.0,379.5,129,1707,9614.97,0.3,0,0.40042248562375304,0.28523387343320084,0.5304239306217273,0.040816326530612235,0.34094094094094096,0.6285714285714286
SHP100297,2025-04-01 03:57:47.889908,WH-Mumbai,East,Carrier B,Rail,494.4,245.1,126,3741,4187.3,1.2,0,0.27919258303016076,0.18251299296851115,0.23679660046734108,0.4081632653061224,0.7481481481481481,0.5857142857142857
SHP100224,2025-03-10 00:04:48.240200,WH-Mumbai,South,Carrier B,Road,341.5,725.5,114,389,7189.37,0.5,0,0.1894730665414857,0.5496789972485479,0.3992032683444556,0.12244897959183672,0.07707707707707707,0.4142857142857143
SHP100846,2025-09-14 20:01:00.050041,WH-Kolkata,South,Carrier B,Road,156.7,197.5,109,1528,2193.79,0.4,0,0.08103508977819504,0.14613268113726688,0.12895124160505386,0.08163265306122448,0.3051051051051051,0.34285714285714286
SHP100918,2025-10-06 16:36:49.841534,WH-Bengaluru,West,Carrier A,Sea,291.2,50.5,116,1835,709.35,1.1,0,0.15995775143762467,0.03378171812901253,0.048645667763170135,0.3673469387755102,0.36656656656656655,0.44285714285714284
SHP100364,2025-04-21 12:07:48.390325,WH-Bengaluru,Central,Carrier C,Road,878.8,190.9,136,1597,10624.51,1.3,0,0.5047529632672221,0.14108835218587587,0.5850382559001726,0.4489795918367347,0.31891891891891894,0.7285714285714285
SHP101022,2025-11-07 06:21:55.095913,WH-Chennai,East,Carrier B,Road,562.9,246.8,132,4027,7142.51,0.8,0,0.319387395845558,0.18381228981962702,0.39666822537186613,0.2448979591836735,0.8054054054054054,0.6714285714285714
SHP100366,2025-04-22 02:42:08.106755,WH-Delhi,West,Carrier B,Road,365.1,151.1,130,252,4870.35,0.3,0,0.20332120643117005,0.11066952002445733,0.2737483952267781,0.040816326530612235,0.04964964964964965,0.6428571428571429
SHP100000,2025-01-01 00:00:00.000000,WH-Delhi,East,Carrier B,Road,641.3,218.9,119,2900,8284.64,0.3,0,0.3653913859875601,0.16248853561601956,0.45845543472490885,0.040816326530612235,0.5797797797797798,0.4857142857142857
SHP100066,2025-01-21 00:52:50.642201,WH-Kolkata,West,Carrier A,Sea,108.1,193.4,133,4088,-189.86,0.2,0,0.0525173101748621,0.14299908284928156,0.0,0.0,0.8176176176176176,0.6857142857142857
SHP101135,2025-12-11 13:41:29.074228,WH-Bengaluru,North,Carrier D,Air,692.0,210.0,126,4435,18295.03375,0.8,0,0.39514141532683955,0.1556863344542953,1.0,0.2448979591836735,0.8870870870870871,0.5857142857142857
SHP100031,2025-01-10 09:52:05.604670,WH-Chennai,West,Carrier C,Road,375.5,221.2,132,1266,4676.78,0.9,0,0.20942377655204786,0.16424640782635277,0.2632766011976671,0.2857142857142857,0.25265265265265263,0.6714285714285714
SHP100807,2025-09-02 23:51:35.579649,WH-Bengaluru,East,Carrier B,Rail,645.3,612.1,107,4364,6044.48,0.4,0,0.36773852834174386,0.4630082543564659,0.3372667478816317,0.08163265306122448,0.8728728728728729,0.3142857142857143
SHP100294,2025-03-31 06:06:18.315262,WH-Delhi,South,Carrier C,Rail,665.2,282.7,110,2258,4652.92,0.5,0,0.37941556155380823,0.21125038214613265,0.26198581747325433,0.12244897959183672,0.45125125125125126,0.35714285714285715
SHP100113,2025-02-04 07:19:33.978315,WH-Kolkata,West,Carrier B,Rail,721.9,201.7,129,683,5722.05,0.6,0,0.4126863044243633,0.14934270865178842,0.31982385616904074,0.16326530612244897,0.13593593593593595,0.6285714285714286
SHP100245,2025-03-16 09:05:15.262718,WH-Kolkata,North,Carrier D,Road,514.8,188.0,123,3551,5072.41,1.0,0,0.291163009036498,0.13887190461632526,0.28467948321315073,0.32653061224489793,0.7101101101101102,0.5428571428571428
SHP100415,2025-05-06 23:43:11.159299,WH-Bengaluru,North,Carrier D,Rail,532.0,1314.7,104,3185,7313.38,0.8,0,0.3012557211594883,1.0,0.4059119896212549,0.2448979591836735,0.6368368368368368,0.2714285714285714
SHP100161,2025-02-18 21:03:27.172643,WH-Chennai,Central,Carrier B,Air,1040.5,271.4,130,4833,18295.03375,0.2,0,0.5996361929351015,0.20261387954753893,1.0,0.0,0.9667667667667668,0.6428571428571429
SHP100411,2025-05-05 18:34:31.726438,WH-Kolkata,Central,Carrier C,Sea,514.4,133.3,102,4302,2147.42,1.0,0,0.2909282948010797,0.09706511770100887,0.1264427067642734,0.32653061224489793,0.8604604604604604,0.24285714285714285
SHP100897,2025-09-30 07:36:22.819015,WH-Chennai,West,Carrier A,Sea,279.1,297.0,110,2056,1993.8,0.5,0,0.15285764581621875,0.22217976154081318,0.1181321369510171,0.12244897959183672,0.41081081081081083,0.35714285714285715
SHP100761,2025-08-20 00:42:02.101751,WH-Chennai,West,Carrier D,Rail,528.8,127.6,128,3854,4218.67,0.4,0,0.2993780072761412,0.0927086517884439,0.23849366188539764,0.08163265306122448,0.7707707707707707,0.6142857142857143
SHP100694,2025-07-30 16:32:01.601334,WH-Kolkata,West,Carrier D,Road,273.9,146.2,118,1494,4035.11,0.7,0,0.14980636075577983,0.10692448792418219,0.22856339112038448,0.20408163265306117,0.2982982982982983,0.4714285714285714
SHP101138,2025-12-12 11:32:58.648874,WH-Bengaluru,West,Carrier B,Road,188.9,8.6,130,3177,2002.72,0.5,0,0.09992958572937449,0.0017578722103332313,0.1186146931463969,0.12244897959183672,0.6352352352352353,0.6428571428571429
SHP100992,2025-10-29 03:46:59.349457,WH-Delhi,East,Carrier A,Sea,642.9,18.8,125,4853,2867.72,2.3,1,0.3663302429292336,0.009553653317028432,0.16540966052347475,0.857142857142857,0.9707707707707708,0.5714285714285714
SHP100247,2025-03-16 23:39:34.979149,WH-Kolkata,North,Carrier B,Road,1202.9,67.2,125,545,14236.61,0.8,0,0.6949301725149631,0.04654539896056252,0.7804464659149043,0.2448979591836735,0.1083083083083083,0.5714285714285714
SHP101123,2025-12-07 22:15:30.775646,WH-Chennai,West,Carrier A,Rail,433.6,246.6,105,3936,3830.97,0.7,0,0.2435160192465673,0.18365943136655455,0.21751977881939408,0.20408163265306117,0.7871871871871872,0.2857142857142857
SHP101120,2025-12-07 00:24:01.201000,WH-Kolkata,South,Carrier A,Road,737.6,234.2,136,2795,9739.15,1.6,1,0.42189883816453466,0.17418220727606235,0.5371418485973175,0.5714285714285714,0.5587587587587588,0.7285714285714285
SHP100092,2025-01-28 22:19:06.955796,WH-Kolkata,South,Carrier B,Air,306.6,294.5,101,2200,17692.92,0.4,0,0.16899424950123224,0.22026903087740748,0.9674267129612254,0.08163265306122448,0.43963963963963965,0.22857142857142856
SHP100381,2025-04-26 15:59:35.979983,WH-Kolkata,West,Carrier B,Road,470.4,350.2,122,1024,6017.47,1.4,0,0.2651097289050581,0.26284011005808616,0.3358055547384469,0.48979591836734687,0.2042042042042042,0.5285714285714286
SHP100114,2025-02-04 14:36:43.836530,WH-Chennai,Central,Carrier D,Road,633.0,303.0,123,3083,8094.64,0.4,0,0.36052106560262875,0.22676551513298682,0.4481767713704062,0.08163265306122448,0.6164164164164164,0.5428571428571428
SHP100786,2025-08-27 14:51:08.557130,WH-Chennai,Central,Carrier C,Road,323.1,374.8,110,508,4475.07,0.9,0,0.17867621171224035,0.2816416997859981,0.252364447591158,0.2857142857142857,0.1009009009009009,0.35714285714285715
SHP100254,2025-03-19 02:39:43.986655,WH-Chennai,East,Carrier B,Air,1135.5,23.1,103,3343,18295.03375,0.9,0,0.6553808238469664,0.012840110058086211,1.0,0.2857142857142857,0.6684684684684684,0.2571428571428571
SHP100429,2025-05-11 05:43:29.174311,WH-Kolkata,South,Carrier C,Rail,321.8,422.0,131,1790,4218.67,0.2,0,0.17791339044713061,0.31771629471109747,0.23849366188539764,0.0,0.3575575575575576,0.6571428571428571
SHP100588,2025-06-28 12:12:36.630525,WH-Mumbai,East,Carrier A,Road,650.7,509.8,95,726,7748.08,0.3,0,0.370907170519892,0.3848211556099052,0.42942848941179335,0.040816326530612235,0.14454454454454455,0.14285714285714285
SHP100178,2025-02-24 00:55:14.762301,WH-Bengaluru,South,Carrier C,Road,333.5,269.0,107,530,4819.82,0.2,0,0.18477878183311816,0.2007795781106695,0.2710148117567622,0.0,0.10530530530530531,0.3142857142857143
SHP100646,2025-07-16 02:48:08.407005,WH-Chennai,East,Carrier D,Road,1138.0,89.1,109,2103,13971.46,1.3,0,0.6568477878183312,0.06328339957199633,0.7661023207125548,0.4489795918367347,0.4202202202202202,0.34285714285714286
SHP100389,2025-04-29 02:16:54.845704,WH-Mumbai,Central,Carrier B,Road,810.9,225.2,112,2567,10705.12,1.1,0,0.46491022180495245,0.16730357688780187,0.5893991140738908,0.3673469387755102,0.5131131131131131,0.38571428571428573
SHP100132,2025-02-10 01:45:41.284403,WH-Chennai,East,Carrier D,Road,413.7,175.1,122,3281,5435.22,0.2,0,0.23183898603450295,0.1290125343931519,0.30430686137971447,0.0,0.6560560560560561,0.5285714285714286
SHP100764,2025-08-20 22:33:31.676397,WH-Kolkata,South,Carrier A,Sea,162.5,86.3,114,1709,1111.07,1.0,0,0.08443844619176154,0.061143381228981955,0.07037800798827962,0.32653061224489793,0.34134134134134136,0.4142857142857143
SHP101149,2025-12-15 19:41:47.089241,WH-Kolkata,West,Carrier D,Road,890.7,194.3,108,3562,10999.46,2.1,0,0.5117357117709189,0.1436869458881076,0.6053223865568608,0.7755102040816326,0.7123123123123123,0.32857142857142857
SHP100862,2025-09-19 16:35:37.781484,WH-Bengaluru,West,Carrier B,Road,237.5,238.7,114,113,3762.89,0.8,0,0.12844736533270742,0.17762152247019258,0.21383677144479124,0.2448979591836735,0.02182182182182182,0.4142857142857143
SHP100289,2025-03-29 17:40:29.024186,WH-Chennai,Central,Carrier C,Rail,268.7,285.3,111,914,3064.49,1.2,0,0.1467550756953409,0.2132375420360746,0.17605456888276677,0.4081632653061224,0.18218218218218218,0.37142857142857144
SHP100246,2025-03-16 16:22:25.120934,WH-Bengaluru,Central,Carrier B,Air,1376.3,406.2,109,2352,18295.03375,1.2,0,0.79667879356883,0.30564047691837354,1.0,0.4081632653061224,0.47007007007007007,0.34285714285714286
SHP100552,2025-06-17 13:54:41.734778,WH-Mumbai,North,Carrier C,Rail,540.1,115.5,127,551,4170.07,0.8,0,0.3060086844267105,0.08346071537756038,0.2358644879957722,0.2448979591836735,0.10950950950950951,0.6
SHP100089,2025-01-28 00:27:37.381150,WH-Chennai,West,Carrier D,Road,748.4,106.3,120,61,8682.06,0.5,0,0.4282361225208309,0.07642922653622745,0.4799551525688375,0.12244897959183672,0.011411411411411412,0.5
SHP100192,2025-02-28 06:55:32.777314,WH-Chennai,East,Carrier C,Road,752.3,130.9,134,3789,10465.43,1.1,0,0.43052458631616003,0.0952308162641394,0.5764323097610449,0.3673469387755102,0.7577577577577578,0.7
SHP100920,2025-10-07 07:11:09.557964,WH-Mumbai,East,Carrier B,Road,169.2,271.3,128,3526,2741.58,0.5,0,0.08836990963501935,0.20253745032100273,0.15858571002064864,0.12244897959183672,0.7051051051051052,0.6142857142857143
SHP101199,2025-12-31 00:00:00.000000,WH-Mumbai,South,Carrier C,Sea,495.1,153.7,118,3273,2251.82,0.9,0,0.27960333294214296,0.11265667991439925,0.13209056178643172,0.2857142857142857,0.6544544544544545,0.4714285714285714
SHP100436,2025-05-13 08:43:38.181818,WH-Mumbai,East,Carrier B,Rail,516.8,99.3,114,3569,3391.78,0.6,0,0.2923365802135899,0.07107918067869153,0.19376037798432033,0.16326530612244897,0.7137137137137137,0.4142857142857143
SHP101127,2025-12-09 03:24:10.208507,WH-Delhi,West,Carrier D,Air,110.8,232.0,117,2995,7360.07,0.9,0,0.05410163126393615,0.17250076429226535,0.4084378358950535,0.2857142857142857,0.5987987987987988,0.45714285714285713
SHP101087,2025-11-26 23:57:35.879899,WH-Delhi,Central,Carrier C,Rail,1316.4,149.7,113,4670,10130.83,1.3,0,0.7615303368149279,0.10959951085295014,0.5583310426114838,0.4489795918367347,0.9341341341341342,0.4
SHP100146,2025-02-14 07:45:59.299416,WH-Bengaluru,West,Carrier A,Air,782.1,223.8,119,3342,18295.03375,0.2,0,0.44801079685482925,0.1662335677162947,1.0,0.0,0.6682682682682682,0.4857142857142857
SHP100118,2025-02-05 19:45:23.269391,WH-Delhi,South,Carrier B,Road,545.7,138.2,114,4200,7131.42,1.7,1,0.3092946837225678,0.10081014980128399,0.39606827602133227,0.6122448979591836,0.8400400400400401,0.4142857142857143
SHP101171,2025-12-22 11:59:23.969974,WH-Chennai,North,Carrier D,Sea,203.2,32.1,118,3034,1047.87,1.1,0,0.1083206196455815,0.019718740446346684,0.06695899996720295,0.3673469387755102,0.6066066066066066,0.4714285714285714
SHP100771,2025-08-23 01:33:40.683903,WH-Delhi,West,Carrier B,Air,336.7,440.1,126,1436,18295.03375,0.9,0,0.18665649571646517,0.3315499847141547,1.0,0.2857142857142857,0.2866866866866867,0.5857142857142857
SHP100692,2025-07-30 01:57:41.884904,WH-Mumbai,Central,Carrier D,Road,398.4,466.3,115,3065,6074.77,0.3,0,0.22286116652975,0.3515744420666463,0.3389053832132522,0.040816326530612235,0.6128128128128129,0.42857142857142855
SHP100752,2025-08-17 07:07:33.377814,WH-Kolkata,West,Carrier A,Air,499.2,100.4,127,862,18295.03375,0.6,0,0.28200915385518127,0.07191990217059004,1.0,0.16326530612244897,0.17177177177177178,0.6
SHP100675,2025-07-24 22:05:54.295246,WH-Delhi,East,Carrier A,Road,223.2,133.3,134,4533,3389.73,0.2,0,0.1200563314165004,0.09706511770100887,0.19364947661654805,0.0,0.9067067067067067,0.7
SHP100026,2025-01-08 21:26:16.313594,WH-Mumbai,East,Carrier C,Road,446.8,161.8,140,2601,5585.0,1.6,0,0.25126158901537377,0.11884744726383369,0.31240969399675345,0.5714285714285714,0.5199199199199199,0.7857142857142857
SHP100014,2025-01-05 06:00:18.015012,WH-Kolkata,North,Carrier B,Road,337.1,106.1,124,910,4589.09,1.3,0,0.18689120995188357,0.076276368083155,0.25853272756842327,0.4489795918367347,0.18138138138138138,0.5571428571428572
SHP100500,2025-06-01 19:02:09.107589,WH-Mumbai,West,Carrier A,Road,281.5,392.4,121,1479,4529.27,0.8,0,0.154265931228729,0.2950932436563741,0.2552965715586004,0.2448979591836735,0.2952952952952953,0.5142857142857142
SHP100082,2025-01-25 21:27:28.373644,WH-Bengaluru,North,Carrier C,Road,284.6,44.1,104,4585,3016.71,1.0,0,0.15608496655322146,0.028890247630693977,0.1734697555402503,0.32653061224489793,0.9171171171171171,0.2714285714285714
SHP100737,2025-08-12 17:50:05.504587,WH-Delhi,South,Carrier D,Road,451.5,150.9,126,566,5879.83,1.3,0,0.2540194812815397,0.11051666157138489,0.3283594746115325,0.4489795918367347,0.11251251251251251,0.5857142857142857
SHP101028,2025-11-09 02:04:54.245204,WH-Delhi,Central,Carrier B,Road,84.6,291.5,96,2704,1441.58,0.2,0,0.03872784884403239,0.21797615408132068,0.08825801338457788,0.0,0.5405405405405406,0.15714285714285714
SHP100754,2025-08-17 21:41:53.094245,WH-Kolkata,East,Carrier B,Rail,205.0,265.0,104,2565,2350.57,2.1,1,0.1093768337049642,0.1977224090492204,0.137432761819364,0.7755102040816326,0.5127127127127127,0.2714285714285714
SHP100600,2025-07-02 03:38:34.929107,WH-Delhi,East,Carrier A,Road,872.0,84.8,120,829,11190.18,0.8,0,0.5007628212651097,0.059996942830938545,0.6156400006356543,0.2448979591836735,0.16516516516516516,0.5
SHP100273,2025-03-24 21:05:51.292743,WH-Delhi,Central,Carrier D,Rail,417.9,237.0,112,1982,3602.75,1.7,1,0.23430348550639593,0.1763222256190767,0.20517348118379097,0.6122448979591836,0.395995995995996,0.38571428571428573
SHP100819,2025-09-06 15:17:33.878231,WH-Delhi,Central,Carrier B,Sea,730.0,569.9,119,3391,3837.45,0.9,0,0.41743926769158546,0.4307551207581779,0.2178703353380108,0.2857142857142857,0.6780780780780781,0.4857142857142857
SHP100466,2025-05-22 11:18:33.928273,WH-Chennai,North,Carrier B,Road,791.9,235.8,115,2944,9388.21,0.8,0,0.4537612956225795,0.175405074900642,0.5181566163992692,0.2448979591836735,0.5885885885885885,0.42857142857142855
SHP101125,2025-12-08 12:49:50.492076,WH-Mumbai,West,Carrier C,Rail,282.7,186.8,126,1151,3197.35,0.2,0,0.15497007393498413,0.13795475389789055,0.1832420594789732,0.0,0.22962962962962963,0.5857142857142857
SHP101068,2025-11-21 05:31:28.573811,WH-Delhi,North,Carrier B,Road,454.5,425.4,137,3852,7114.46,1.2,0,0.2557798380471775,0.3203148884133292,0.39515077007137245,0.4081632653061224,0.7703703703703704,0.7428571428571429
SHP101080,2025-11-24 20:57:26.872393,WH-Kolkata,North,Carrier A,Road,283.7,434.3,115,2886,4595.73,0.2,0,0.15555685952353007,0.3271170895750535,0.258891939803549,0.0,0.576976976976977,0.42857142857142855
SHP100447,2025-05-16 16:52:26.622185,WH-Delhi,South,Carrier A,Rail,600.7,79.1,127,1129,4515.37,0.6,0,0.3415678910925948,0.05564047691837358,0.25454460618687624,0.16326530612244897,0.22522522522522523,0.6
SHP100371,2025-04-23 15:07:57.397831,WH-Delhi,Central,Carrier D,Rail,407.7,104.1,118,1725,18295.03375,0.8,0,0.22831827250322728,0.07474778355243045,1.0,0.2448979591836735,0.34454454454454453,0.4714285714285714
SHP100557,2025-06-19 02:20:31.025854,WH-Chennai,West,Carrier D,Road,306.4,149.4,113,168,4171.13,0.2,0,0.16887689238352302,0.10937022317334147,0.2359218321176447,0.0,0.03283283283283283,0.4
SHP100271,2025-03-24 06:31:31.576313,WH-Mumbai,South,Carrier D,Sea,545.7,446.3,138,85,3471.38,1.9,1,0.3092946837225678,0.33628859675940076,0.1980665969475751,0.693877551020408,0.016216216216216217,0.7571428571428571
SHP100605,2025-07-03 16:04:24.220183,WH-Kolkata,South,Carrier C,Sea,1010.7,347.5,116,2481,4495.6,1.5,1,0.5821499823964323,0.260776520941608,0.2534750842157262,0.5306122448979592,0.4958958958958959,0.44285714285714284
SHP100449,2025-05-17 07:26:46.338615,WH-Delhi,North,Carrier C,Rail,769.2,402.4,128,4456,4218.67,0.8,0,0.44044126276258655,0.3027361663099969,0.23849366188539764,0.2448979591836735,0.8912912912912913,0.6142857142857143
SHP101044,2025-11-13 22:39:31.976647,WH-Bengaluru,East,Carrier D,Road,825.1,167.1,118,4087,10470.47,0.5,0,0.4732425771623049,0.12289819627025372,0.57670496483108,0.12244897959183672,0.8174174174174175,0.4714285714285714
SHP100523,2025-06-08 18:36:55.846538,WH-Chennai,East,Carrier B,Road,557.1,214.6,133,4141,8041.79,0.2,0,0.31598403943199155,0.15920207887496177,0.44531768001100897,0.0,0.8282282282282283,0.6857142857142857
SHP100214,2025-03-06 23:13:09.658048,WH-Mumbai,South,Carrier B,Road,608.0,256.1,130,3959,18295.03375,1.0,0,0.34585142588898016,0.19092020788749617,1.0,0.32653061224489793,0.7917917917917918,0.6428571428571429
SHP100344,2025-04-15 10:24:31.226021,WH-Kolkata,Central,Carrier D,Air,345.2,290.9,123,1465,18295.03375,1.0,0,0.1916441732191057,0.21751757872210328,1.0,0.32653061224489793,0.2924924924924925,0.5428571428571428
SHP101064,2025-11-20 00:22:49.140950,WH-Kolkata,East,Carrier D,Road,279.2,147.9,100,2355,3999.25,0.4,0,0.15291632437507333,0.10822378477529807,0.22662342865779253,0.08163265306122448,0.47067067067067064,0.21428571428571427
SHP100147,2025-02-14 15:03:09.157631,WH-Bengaluru,North,Carrier A,Air,353.5,204.3,136,2574,18295.03375,0.8,0,0.19651449360403705,0.15132986854173033,1.0,0.2448979591836735,0.5145145145145145,0.7285714285714285
SHP100412,2025-05-06 01:51:41.584653,WH-Kolkata,West,Carrier C,Air,525.5,442.8,114,3995,18295.03375,0.2,0,0.29744161483393966,0.33361357383063284,1.0,0.0,0.798998998998999,0.4142857142857143
SHP101097,2025-11-30 00:49:14.462051,WH-Mumbai,North,Carrier D,Sea,471.4,416.7,136,12,2942.21,2.3,0,0.265696514493604,0.3136655457046774,0.1694394375407216,0.857142857142857,0.0016016016016016017,0.7285714285714285
SHP100342,2025-04-14 19:50:11.509591,WH-Mumbai,South,Carrier D,Sea,352.8,80.3,123,2203,1962.05,1.4,1,0.1961037436920549,0.056557627636808314,0.11641451820625152,0.48979591836734687,0.4402402402402402,0.5428571428571428
SHP100173,2025-02-22 12:29:25.471226,WH-Chennai,East,Carrier D,Rail,326.8,117.1,114,2006,2370.41,0.3,0,0.18084731838986035,0.08468358300214002,0.1385060706664868,0.040816326530612235,0.4008008008008008,0.4142857142857143
SHP101109,2025-12-03 16:15:12.760633,WH-Chennai,South,Carrier A,Road,474.5,196.7,112,1184,5729.6,0.9,0,0.26751554981809644,0.14552124732497704,0.3202322977918118,0.2857142857142857,0.23623623623623624,0.38571428571428573
SHP100708,2025-08-03 22:32:19.616346,WH-Mumbai,North,Carrier B,Road,490.1,441.9,111,2551,6684.25,1.8,1,0.2766694049994132,0.3329257107918067,0.3718771713253694,0.6530612244897959,0.5099099099099099,0.37142857142857144
SHP100305,2025-04-03 14:15:06.755629,WH-Chennai,South,Carrier B,Road,310.4,88.9,123,1763,4110.94,0.5,0,0.1712240347377068,0.06313054111892388,0.2326656597633946,0.12244897959183672,0.3521521521521522,0.5428571428571428
SHP100543,2025-06-14 20:20:13.010842,WH-Delhi,West,Carrier C,Road,304.0,427.0,115,94,4565.1,1.5,1,0.16746860697101276,0.32153775603790885,0.2572349110743469,0.5306122448979592,0.018018018018018018,0.42857142857142855
SHP100916,2025-10-06 02:02:30.125104,WH-Mumbai,West,Carrier D,Air,457.5,224.5,121,861,18295.03375,0.4,0,0.25754019481281537,0.16676857230204828,1.0,0.08163265306122448,0.17157157157157157,0.5142857142857142
SHP100726,2025-08-09 09:41:17.064220,WH-Delhi,South,Carrier D,Sea,538.7,569.8,126,2542,3284.17,1.8,1,0.3051871846027462,0.4306786915316417,0.1879388676496991,0.6530612244897959,0.5081081081081081,0.5857142857142857
SHP100881,2025-09-25 11:01:45.087572,WH-Bengaluru,South,Carrier B,Road,422.6,240.8,110,2427,5126.22,0.9,0,0.2370613777725619,0.17922653622745335,0.28759050887160226,0.2857142857142857,0.4850850850850851,0.35714285714285715
SHP100285,2025-03-28 12:31:49.591326,WH-Chennai,Central,Carrier D,Sea,227.1,120.2,125,4362,1795.18,1.2,0,0.12234479521182959,0.08705288902476306,0.10738714686958913,0.4081632653061224,0.8724724724724725,0.5714285714285714
SHP100221,2025-03-09 02:13:18.665554,WH-Bengaluru,Central,Carrier C,Road,1454.3,343.7,106,1472,18295.03375,1.5,1,0.8424480694754137,0.2578722103332314,1.0,0.5306122448979592,0.2938938938938939,0.3
SHP100730,2025-08-10 14:49:56.497080,WH-Chennai,South,Carrier C,Road,284.1,167.4,125,4303,4131.4,0.9,0,0.15579157375894848,0.12312748394986242,0.23377250951199,0.2857142857142857,0.8606606606606607,0.5714285714285714
SHP100022,2025-01-07 16:17:36.880733,WH-Bengaluru,North,Carrier B,Rail,185.9,151.4,114,3992,1347.32,1.5,1,0.09816922896373666,0.11089880770406603,0.08315871439618093,0.5306122448979592,0.7983983983983984,0.4142857142857143
SHP100917,2025-10-06 09:19:39.983319,WH-Bengaluru,North,Carrier B,Rail,573.3,62.8,114,1876,4696.44,0.4,0,0.3254899659664358,0.043182512992968505,0.26434017236371726,0.08163265306122448,0.3747747747747748,0.4142857142857143
SHP100116,2025-02-05 05:11:03.552960,WH-Chennai,Central,Carrier C,Road,271.6,26.2,118,332,3601.08,1.2,0,0.14845675390212418,0.01520941608070926,0.20508313714272772,0.4081632653061224,0.06566566566566566,0.4714285714285714
SHP100929,2025-10-10 00:45:38.281901,WH-Mumbai,West,Carrier C,Sea,250.4,119.0,119,3478,1429.83,0.5,0,0.13601689942495013,0.08613573830632834,0.08762235920344418,0.12244897959183672,0.6954954954954955,0.4857142857142857
SHP100361,2025-04-20 14:16:18.815679,WH-Bengaluru,East,Carrier D,Road,243.9,68.8,117,1617,2903.28,0.8,0,0.13220279309940147,0.047768266585142154,0.1673333935176122,0.2448979591836735,0.3229229229229229,0.45714285714285713
SHP100095,2025-01-29 20:10:36.530442,WH-Chennai,East,Carrier A,Road,299.2,230.1,111,486,3866.76,0.2,0,0.16465203614599222,0.17104860898807703,0.21945595440601331,0.0,0.0964964964964965,0.37142857142857144
SHP100984,2025-10-26 17:29:40.483736,WH-Delhi,South,Carrier A,Road,1178.8,262.9,124,2895,14954.25,2.6500000000000004,0,0.6807886398310058,0.1961173952919596,0.8192695183871426,1.0,0.5787787787787788,0.5571428571428572
SHP100261,2025-03-21 05:39:52.994161,WH-Mumbai,East,Carrier C,Road,253.3,197.5,123,452,3676.44,0.6,0,0.13771857763173337,0.14613268113726688,0.20915997961849256,0.16326530612244897,0.08968968968968968,0.5428571428571428
SHP100945,2025-10-14 21:20:16.013344,WH-Chennai,South,Carrier D,Road,771.9,150.5,115,1716,9155.21,0.4,0,0.4420255838516606,0.11021094466523997,0.5055517292329581,0.08163265306122448,0.34274274274274275,0.42857142857142855
SHP100995,2025-10-30 01:38:28.924103,WH-Mumbai,North,Carrier C,Air,646.5,271.5,109,1074,18295.03375,0.6,0,0.36844267104799905,0.20269030877407518,1.0,0.16326530612244897,0.21421421421421422,0.34285714285714286
SHP100778,2025-08-25 04:33:49.691409,WH-Kolkata,West,Carrier D,Road,264.1,190.8,119,1113,4016.72,0.6,0,0.14405586198802958,0.14101192295933965,0.22756852470412497,0.16326530612244897,0.222022022022022,0.4857142857142857
SHP100179,2025-02-24 08:12:24.620517,WH-Kolkata,South,Carrier D,Road,473.9,264.5,115,923,4655.92,1.9,0,0.26716347846496885,0.19734026291653925,0.2621481121577991,0.693877551020408,0.183983983983984,0.42857142857142855
SHP100102,2025-01-31 23:10:45.537948,WH-Bengaluru,South,Carrier D,Sea,411.4,130.0,104,4467,1636.59,0.4,0,0.23048937918084728,0.09454295322531335,0.0988077088622703,0.08163265306122448,0.8934934934934935,0.2714285714285714
SHP100574,2025-06-24 06:12:18.615512,WH-Kolkata,South,Carrier A,Road,330.9,75.5,104,3412,4210.27,0.2,0,0.1832531393028987,0.0528890247630694,0.23803923676867228,0.0,0.6822822822822823,0.2714285714285714
SHP100563,2025-06-20 22:03:30.175145,WH-Delhi,North,Carrier A,Sea,616.2,42.8,148,2883,3448.16,1.4,1,0.3506630677150569,0.02789666768572302,0.19681043608919851,0.48979591836734687,0.5763763763763764,0.9
SHP100184,2025-02-25 20:38:13.911592,WH-Kolkata,North,Carrier D,Road,761.0,374.5,127,813,10349.2,2.1,1,0.43562962093650975,0.28141241210638945,0.5701444726994983,0.7755102040816326,0.16196196196196197,0.6
SHP100467,2025-05-22 18:35:43.786488,WH-Bengaluru,West,Carrier D,Sea,504.6,179.2,103,1923,2347.37,1.1,0,0.28517779603332943,0.13214613268113723,0.1372596474891829,0.3673469387755102,0.3841841841841842,0.2571428571428571
SHP101009,2025-11-03 07:38:46.939115,WH-Mumbai,East,Carrier B,Road,456.0,197.5,118,883,6505.62,0.7,0,0.2566600164299965,0.14613268113726688,0.36221360482529147,0.20408163265306117,0.17597597597597597,0.4714285714285714
SHP100968,2025-10-21 20:55:02.752293,WH-Delhi,East,Carrier D,Rail,445.5,305.1,118,1191,4013.32,0.4,0,0.25049876775026403,0.22837052889024761,0.22738459072830758,0.08163265306122448,0.23763763763763765,0.4714285714285714
SHP100071,2025-01-22 13:18:39.933277,WH-Mumbai,South,Carrier C,Road,574.2,84.7,133,2055,7222.72,0.9,1,0.32601807299612723,0.05992051360440232,0.40100744425431173,0.2857142857142857,0.4106106106106106,0.6857142857142857
SHP101032,2025-11-10 07:13:33.678065,WH-Kolkata,North,Carrier A,Sea,531.3,127.9,124,105,2891.2,1.2,0,0.3008449712475061,0.09293793946805258,0.16667988692117855,0.4081632653061224,0.02022022022022022,0.5571428571428572
SHP101094,2025-11-29 02:57:44.887406,WH-Kolkata,North,Carrier D,Rail,686.9,112.9,121,366,5016.99,0.6,0,0.3921488088252552,0.08147355548761846,0.28168135940732686,0.16326530612244897,0.07247247247247247,0.5142857142857142
SHP100346,2025-04-16 00:58:50.942452,WH-Delhi,North,Carrier D,Rail,246.0,230.5,111,402,2007.57,0.3,0,0.13343504283534796,0.17135432589422192,0.11887706955307763,0.040816326530612235,0.07967967967967968,0.37142857142857144
SHP101188,2025-12-27 15:51:11.559633,WH-Mumbai,West,Carrier D,Sea,1595.7,91.5,140,2007,2533.84,2.4,1,0.9254195516958104,0.06511770100886578,0.14734734409820455,0.8979591836734692,0.401001001001001,0.7857142857142857
SHP101108,2025-12-03 08:58:02.902418,WH-Chennai,East,Carrier D,Rail,676.5,138.3,122,3212,4994.02,1.1,0,0.3860462387043774,0.10088657902782024,0.2804387231059957,0.3673469387755102,0.6422422422422422,0.5285714285714286
SHP100029,2025-01-09 19:17:45.888240,WH-Mumbai,North,Carrier C,Road,862.6,50.7,133,529,10429.91,1.7,1,0.4952470367327778,0.03393457658208499,0.5745107406960346,0.6122448979591836,0.10510510510510511,0.6857142857142857
SHP100039,2025-01-12 20:09:24.470391,WH-Mumbai,West,Carrier A,Air,427.5,156.4,121,4635,18295.03375,0.2,0,0.23993662715643702,0.1147202690308774,1.0,0.0,0.9271271271271271,0.5142857142857142
SHP100504,2025-06-03 00:10:48.540450,WH-Chennai,South,Carrier D,Rail,548.8,527.0,122,233,4681.8,1.2,0,0.31111371904706014,0.3979669825741364,0.26354817430313876,0.4081632653061224,0.04584584584584585,0.5285714285714286
SHP100157,2025-02-17 15:54:47.739783,WH-Bengaluru,Central,Carrier D,Road,18.6,243.7,110,1300,1041.63,0.8,0,0.0,0.18144298379700394,0.06662142702334982,0.2448979591836735,0.2594594594594595,0.35714285714285715
SHP100658,2025-07-19 18:14:06.705587,WH-Chennai,South,Carrier B,Road,1117.8,175.9,108,3249,13485.62,1.8,0,0.6449947189297031,0.12962396820544175,0.7398192375328099,0.6530612244897959,0.6496496496496497,0.32857142857142857
SHP100635,2025-07-12 18:39:19.966638,WH-Bengaluru,South,Carrier A,Road,440.1,417.8,141,3788,6890.21,1.4,1,0.24733012557211595,0.31450626719657593,0.38301924240165025,0.48979591836734687,0.7575575575575576,0.8
SHP101081,2025-11-25 04:14:36.730608,WH-Mumbai,West,Carrier A,Road,319.7,337.5,118,4614,4904.97,0.3,0,0.1766811407111841,0.2531335982879853,0.2756212758864248,0.040816326530612235,0.9229229229229229,0.4714285714285714
SHP100394,2025-04-30 14:42:44.136780,WH-Kolkata,West,Carrier B,Road,638.7,225.7,120,2894,8183.25,1.0,0,0.3638657434573407,0.167685723020483,0.45297041536957716,0.32653061224489793,0.5785785785785785,0.5
SHP100052,2025-01-16 18:52:32.627189,WH-Chennai,East,Carrier B,Road,802.5,197.5,125,2971,10584.54,1.3,0,0.4599812228611665,0.14613268113726688,0.5828759497197544,0.4489795918367347,0.593993993993994,0.5714285714285714
SHP100841,2025-09-13 07:35:10.758965,WH-Chennai,North,Carrier B,Rail,362.6,176.8,95,4854,2841.44,0.2,0,0.20185424245980518,0.1303118312442678,0.1639879590868625,0.0,0.970970970970971,0.14285714285714285
SHP100359,2025-04-19 23:41:59.099249,WH-Chennai,Central,Carrier B,Rail,1117.1,87.0,123,3967,7680.56,1.8,1,0.6445839690177209,0.06167838581473555,0.4257757770449722,0.6530612244897959,0.7933933933933934,0.5428571428571428
SHP100745,2025-08-15 04:07:24.370308,WH-Chennai,North,Carrier C,Rail,762.7,171.7,120,2670,6318.59,1.6,1,0.4366271564370379,0.12641394069092018,0.35209561320848815,0.5714285714285714,0.5337337337337338,0.5
SHP100402,2025-05-03 01:00:03.002502,WH-Bengaluru,East,Carrier B,Road,198.2,407.3,130,4239,3885.47,2.1,1,0.10538669170285177,0.30648119841027205,0.22046813225529088,0.7755102040816326,0.8478478478478478,0.6428571428571429
SHP100421,2025-05-08 19:26:10.308590,WH-Mumbai,West,Carrier C,Road,850.5,242.0,120,1593,10892.73,1.1,0,0.48814693111137186,0.1801436869458881,0.5995484826630394,0.3673469387755102,0.31811811811811813,0.5
SHP100448,2025-05-17 00:09:36.480400,WH-Bengaluru,North,Carrier B,Road,682.8,206.5,89,4378,8039.64,1.3,0,0.38974298791221684,0.15301131152552735,0.4452013688204186,0.4489795918367347,0.8756756756756757,0.05714285714285714
SHP100677,2025-07-25 12:40:14.011676,WH-Kolkata,West,Carrier D,Road,150.5,253.0,117,4281,2704.66,1.0,0,0.07739701912921018,0.1885509018648731,0.15658840343618421,0.32653061224489793,0.8562562562562562,0.45714285714285713
SHP100284,2025-03-28 05:14:39.733110,WH-Kolkata,North,Carrier C,Air,313.9,473.5,113,3422,17865.11,0.4,0,0.17327778429761762,0.35707734637725463,0.976741886871814,0.08163265306122448,0.6842842842842843,0.4
SHP100592,2025-06-29 17:21:16.063386,WH-Kolkata,Central,Carrier B,Road,491.3,86.3,134,4543,6507.42,1.6,1,0.27737354770566836,0.061143381228981955,0.3623109816360183,0.5714285714285714,0.9087087087087087,0.7
SHP100227,2025-03-10 21:56:17.814845,WH-Mumbai,West,Carrier A,Road,261.4,129.3,102,1354,3000.66,0.2,0,0.1424715408989555,0.09400794863955977,0.1726014789779357,0.0,0.2702702702702703,0.24285714285714285
SHP100353,2025-04-18 03:58:59.949958,WH-Chennai,East,Carrier B,Road,567.1,53.4,114,742,7003.36,0.2,0,0.321851895317451,0.03599816569856313,0.3891404569203975,0.0,0.14774774774774774,0.4142857142857143
SHP100009,2025-01-03 17:34:28.723936,WH-Kolkata,North,Carrier C,Sea,108.7,124.2,109,2646,1920.16,0.2,0,0.052869381527989666,0.09011005808621217,0.1141483434277246,0.0,0.528928928928929,0.34285714285714286
SHP101010,2025-11-03 14:55:56.797331,WH-Bengaluru,North,Carrier C,Sea,504.6,456.4,116,3956,2693.3,0.5,0,0.28517779603332943,0.3440079486395597,0.15597384756404134,0.12244897959183672,0.7911911911911912,0.44285714285714284
SHP100030,2025-01-10 02:34:55.746455,WH-Kolkata,South,Carrier A,Road,581.7,262.9,124,2892,7275.77,1.4,0,0.3304189649102218,0.1961173952919596,0.40387735525934526,0.48979591836734687,0.5781781781781782,0.5571428571428572
SHP101091,2025-11-28 05:06:15.312760,WH-Mumbai,South,Carrier B,Rail,631.0,177.4,105,477,4452.35,0.2,0,0.3593474944255369,0.13077040660348516,0.25113533584687225,0.0,0.0946946946946947,0.2857142857142857
SHP100691,2025-07-29 18:40:32.026688,WH-Kolkata,West,Carrier C,Sea,303.8,269.9,120,2160,2107.07,2.1,1,0.1673512498533036,0.20146744114949552,0.12425984325714615,0.7755102040816326,0.43163163163163165,0.5
SHP100956,2025-10-18 05:29:04.453711,WH-Kolkata,Central,Carrier B,Sea,407.8,57.5,148,4116,1579.95,1.4,0,0.2283769510620819,0.039131763986548454,0.09574358521806489,0.48979591836734687,0.8232232232232233,0.9
SHP100898,2025-09-30 14:53:32.677231,WH-Chennai,East,Carrier C,Road,239.0,197.5,108,2131,3035.78,1.3,0,0.12932754371552635,0.14613268113726688,0.17450140875167328,0.4489795918367347,0.42582582582582584,0.32857142857142857
SHP100334,2025-04-12 09:32:52.643869,WH-Delhi,South,Carrier C,Road,79.3,200.8,102,922,2452.19,0.3,0,0.035617885224738875,0.14865484561296238,0.14293022376717748,0.040816326530612235,0.1837837837837838,0.24285714285714285
SHP100462,2025-05-21 06:09:54.495412,WH-Delhi,East,Carrier C,Road,262.1,209.3,121,3600,2893.29,0.6,0,0.1428822908109377,0.15515132986854172,0.16679295221807808,0.16326530612244897,0.7199199199199199,0.5142857142857142
SHP100007,2025-01-03 03:00:09.007506,WH-Chennai,North,Carrier C,Rail,657.8,227.2,146,1544,5340.14,1.4,1,0.3750733481985682,0.16883216141852642,0.29916320184420864,0.48979591836734687,0.3083083083083083,0.8714285714285714
SHP100517,2025-06-06 22:53:56.697247,WH-Bengaluru,North,Carrier D,Road,596.7,277.8,123,1929,7699.96,1.3,0,0.339220748738411,0.20750535004585752,0.4268252826716951,0.4489795918367347,0.38538538538538536,0.5428571428571428
SHP100197,2025-03-01 19:21:22.068390,WH-Mumbai,East,Carrier D,Road,611.9,455.6,100,4578,8404.24,1.0,0,0.3481398896843093,0.3433965148272699,0.46492558281542734,0.32653061224489793,0.9157157157157158,0.21428571428571427
SHP100296,2025-03-31 20:40:38.031693,WH-Mumbai,East,Carrier B,Road,350.6,33.4,128,2991,4406.39,0.7,0,0.19481281539725384,0.020712320391317637,0.24864898127964627,0.20408163265306117,0.597997997997998,0.6142857142857143
SHP100392,2025-04-30 00:08:24.420350,WH-Bengaluru,West,Carrier A,Air,218.7,131.9,113,4587,12838.54,0.4,0,0.11741579626804365,0.09599510852950169,0.7048133560410648,0.08163265306122448,0.9175175175175175,0.4
SHP100798,2025-08-31 06:17:06.855713,WH-Chennai,North,Carrier A,Rail,723.9,147.1,105,29,5437.05,0.4,0,0.4138598756014552,0.10761235096300824,0.3044058611372868,0.08163265306122448,0.005005005005005005,0.2857142857142857
SHP101090,2025-11-27 21:49:05.454545,WH-Bengaluru,Central,Carrier D,Rail,558.5,125.1,125,3205,3965.5,0.2,0,0.31680553925595584,0.0907979211250382,0.22479761345666377,0.0,0.6408408408408408,0.5714285714285714
SHP100938,2025-10-12 18:20:07.005838,WH-Chennai,North,Carrier D,Road,383.5,115.3,119,1473,4714.9,0.5,0,0.21411806126041544,0.08330785692448792,0.26533882565594946,0.12244897959183672,0.2940940940940941,0.4857142857142857
SHP100823,2025-09-07 20:26:13.311092,WH-Bengaluru,South,Carrier C,Road,312.9,165.4,115,3039,4849.48,0.7,0,0.17269099870907167,0.12159889941913786,0.2726193652046282,0.20408163265306117,0.6076076076076076,0.42857142857142855
SHP100510,2025-06-04 19:53:47.689741,WH-Bengaluru,North,Carrier D,Rail,885.2,55.3,102,4133,5736.43,1.1,0,0.5085083910339162,0.03745032100275145,0.32060178869029204,0.3673469387755102,0.8266266266266267,0.24285714285714285
SHP100800,2025-08-31 20:51:26.572143,WH-Kolkata,North,Carrier B,Road,290.1,286.5,111,325,3257.35,1.2,0,0.15931228729022415,0.2141546927545093,0.1864879531698688,0.4081632653061224,0.06426426426426426,0.37142857142857144
SHP100122,2025-02-07 00:54:02.702251,WH-Chennai,Central,Carrier A,Rail,497.3,403.6,101,888,5076.82,0.4,0,0.280894261236944,0.3036533170284317,0.2849180563994315,0.08163265306122448,0.17697697697697698,0.22857142857142856
SHP100688,2025-07-28 20:49:02.452043,WH-Kolkata,South,Carrier D,Road,301.8,214.0,110,998,4430.84,0.6,0,0.1661776786762117,0.1587435035157444,0.2499716829586862,0.16326530612244897,0.198998998998999,0.35714285714285715
SHP100378,2025-04-25 18:08:06.405337,WH-Delhi,Central,Carrier D,Road,497.6,329.8,103,2807,7035.15,0.5,0,0.2810702969135078,0.2472485478446958,0.39086023959429034,0.12244897959183672,0.5611611611611612,0.2571428571428571
SHP100038,2025-01-12 12:52:14.612176,WH-Mumbai,Central,Carrier C,Road,352.5,264.5,121,2742,5489.09,0.6,0,0.19592770801549111,0.19734026291653925,0.3072211329318569,0.16326530612244897,0.5481481481481482,0.5142857142857142
SHP101071,2025-11-22 03:22:58.148457,WH-Mumbai,West,Carrier B,Road,1119.9,205.8,115,2023,14030.34,1.4,1,0.6462269686656497,0.15247630693977376,0.7692876243878871,0.48979591836734687,0.4042042042042042,0.42857142857142855
SHP100805,2025-09-02 09:17:15.863219,WH-Chennai,East,Carrier D,Rail,807.6,243.0,128,2426,5658.97,1.3,0,0.46297382936275083,0.18090797921125035,0.31641133993534587,0.4489795918367347,0.4848848848848849,0.6142857142857143
SHP100765,2025-08-21 05:50:41.534612,WH-Delhi,East,Carrier B,Road,179.9,181.6,130,990,3463.47,0.2,0,0.09464851543246099,0.1339804341180067,0.19763867996265871,0.0,0.1973973973973974,0.6428571428571429
SHP100162,2025-02-19 04:20:37.030859,WH-Kolkata,Central,Carrier D,Road,169.6,385.1,109,3853,3497.31,0.2,0,0.08860462387043774,0.28951391011922956,0.1994693640043238,0.0,0.7705705705705705,0.34285714285714286
SHP100067,2025-01-21 08:10:00.500417,WH-Bengaluru,South,Carrier B,Air,472.2,337.7,109,1432,18295.03375,0.2,0,0.2661659429644408,0.25328645674105776,1.0,0.0,0.28588588588588587,0.34285714285714286
SHP100124,2025-02-07 15:28:22.418682,WH-Bengaluru,Central,Carrier A,Road,873.9,150.1,110,320,11473.36,1.3,0,0.501877713883347,0.10990522775909506,0.6309595368921177,0.4489795918367347,0.06326326326326326,0.35714285714285715
SHP100551,2025-06-17 06:37:31.876563,WH-Chennai,Central,Carrier B,Road,986.3,125.5,103,4476,12948.07,1.2,0,0.5678324140359112,0.09110363803118313,0.7107387349737945,0.4081632653061224,0.8952952952952953,0.2571428571428571
SHP100004,2025-01-02 05:08:39.432860,WH-Chennai,Central,Carrier A,Air,1109.9,181.6,106,2604,18295.03375,0.2,0,0.6403591127801902,0.1339804341180067,1.0,0.0,0.5205205205205206,0.3
SHP101077,2025-11-23 23:05:57.297748,WH-Kolkata,North,Carrier A,Road,523.3,126.8,118,2449,6915.24,0.9,0,0.29615068653913856,0.09209721797615407,0.3843733210530355,0.2857142857142857,0.4894894894894895,0.4714285714285714
SHP101011,2025-11-03 22:13:06.655546,WH-Bengaluru,West,Carrier B,Road,166.4,436.9,119,3094,2642.43,0.6,0,0.08672690998709072,0.3291042494649954,0.1532218706964437,0.16326530612244897,0.6186186186186187,0.4857142857142857
SHP100300,2025-04-02 01:49:17.464553,WH-Delhi,West,Carrier B,Rail,259.6,200.6,138,4715,1950.6,0.8,0,0.14141532683957284,0.1485019871598899,0.1157950934935723,0.2448979591836735,0.9431431431431432,0.7571428571428571
SHP100611,2025-07-05 11:47:23.369474,WH-Kolkata,South,Carrier C,Road,35.2,237.2,124,3684,1627.56,0.6,0,0.009740640769862693,0.17647508407214915,0.09831920186179054,0.16326530612244897,0.7367367367367368,0.5571428571428572
SHP100747,2025-08-15 18:41:44.086738,WH-Delhi,South,Carrier D,Road,188.4,201.1,130,1720,2803.87,0.2,0,0.09963619293510152,0.14888413329257105,0.16195548865408005,0.0,0.34354354354354355,0.6428571428571429
SHP100287,2025-03-29 03:06:09.307756,WH-Chennai,North,Carrier C,Road,788.6,218.7,124,4988,9540.0,0.4,0,0.4518249031803779,0.16233567716294708,0.5263681864549533,0.08163265306122448,0.9977977977977978,0.5571428571428572
SHP100748,2025-08-16 01:58:53.944954,WH-Kolkata,Central,Carrier C,Road,322.2,201.9,108,104,3118.64,2.0,1,0.17814810468254896,0.1494955671048609,0.17898398793880002,0.7346938775510203,0.02002002002002002,0.32857142857142857
SHP100427,2025-05-10 15:09:09.457881,WH-Mumbai,South,Carrier D,Road,648.8,556.7,121,3137,9347.33,1.3,0,0.3697922779016547,0.42066646285539594,0.5159450808312058,0.4489795918367347,0.6272272272272272,0.5142857142857142
SHP100608,2025-07-04 13:55:53.794829,WH-Delhi,East,Carrier B,Road,472.5,259.5,133,2079,6277.81,0.2,0,0.26634197864100456,0.1935188015897279,0.34988948746324283,0.0,0.41541541541541543,0.6857142857142857
SHP100906,2025-10-03 01:10:51.542952,WH-Bengaluru,Central,Carrier D,Road,1374.3,154.8,121,3307,16969.94,1.9,1,0.795505222391738,0.11349740140629776,0.9283147759504974,0.693877551020408,0.6612612612612613,0.5142857142857142
SHP100969,2025-10-22 04:12:12.610508,WH-Bengaluru,West,Carrier B,Road,339.2,130.2,103,3920,4733.2,0.7,0,0.18812345968783004,0.0946958116783858,0.2663288232316726,0.20408163265306117,0.783983983983984,0.2571428571428571
SHP100831,2025-09-10 06:43:32.176814,WH-Bengaluru,North,Carrier D,Road,202.6,318.2,126,4745,3075.25,0.2,0,0.10796854829245393,0.23838275756649338,0.17663666581800072,0.0,0.9491491491491492,0.5857142857142857
SHP100506,2025-06-03 14:45:08.256880,WH-Mumbai,North,Carrier C,Sea,340.3,75.2,109,2691,2151.21,1.2,0,0.18876892383523058,0.052659737083460716,0.12664773904908164,0.4081632653061224,0.537937937937938,0.34285714285714286
SHP100356,2025-04-19 01:50:29.524603,WH-Delhi,South,Carrier A,Air,726.5,186.9,121,750,18295.03375,2.6500000000000004,1,0.4153855181316747,0.13803118312442678,1.0,1.0,0.14934934934934935,0.5142857142857142
SHP100399,2025-05-02 03:08:33.427856,WH-Chennai,Central,Carrier C,Road,676.3,254.3,110,3613,9241.18,1.5,1,0.38592888158666816,0.18954448180984407,0.5102025539097297,0.5306122448979592,0.7225225225225225,0.35714285714285715
SHP100934,2025-10-11 13:11:27.572977,WH-Bengaluru,East,Carrier A,Road,617.2,60.7,108,2209,7814.01,2.3,0,0.35124985330360287,0.041577499235707735,0.4329951855958058,0.857142857142857,0.44144144144144143,0.32857142857142857
SHP100352,2025-04-17 20:41:50.091743,WH-Chennai,West,Carrier B,Road,1067.7,172.5,135,4544,13374.88,1.2,0,0.6155967609435513,0.12702537450321,0.7338283997439802,0.4081632653061224,0.908908908908909,0.7142857142857143
SHP101126,2025-12-08 20:07:00.350291,WH-Chennai,South,Carrier B,Road,395.0,252.3,109,3792,5400.14,0.2,0,0.2208660955286938,0.18801589727911952,0.3024090955351042,0.0,0.7583583583583584,0.34285714285714286
SHP100991,2025-10-28 20:29:49.491242,WH-Delhi,North,Carrier C,Road,827.5,126.1,127,1987,9883.35,1.0,0,0.47465086257481515,0.09156221339040048,0.5449428131011033,0.32653061224489793,0.396996996996997,0.6
SHP100698,2025-07-31 21:40:41.034195,WH-Bengaluru,North,Carrier C,Road,493.0,167.0,130,4126,6242.24,1.4,1,0.2783710832061964,0.1228217670437175,0.3479652134868235,0.48979591836734687,0.8252252252252252,0.6428571428571429
SHP101004,2025-11-01 19:12:57.648040,WH-Bengaluru,East,Carrier B,Rail,293.2,247.2,106,4999,2497.85,0.6,0,0.16113132261471655,0.18411800672577192,0.145400348865949,0.16326530612244897,1.0,0.3
SHP100667,2025-07-22 11:48:35.429524,WH-Mumbai,East,Carrier A,Sea,140.6,126.4,123,277,902.78,0.9,0,0.07158784180260533,0.09179150107000918,0.05910988804033564,0.2857142857142857,0.054654654654654654,0.5428571428571428
SHP100260,2025-03-20 22:22:43.135946,WH-Bengaluru,South,Carrier C,Rail,596.0,171.6,124,2254,5102.15,0.7,0,0.3388099988264288,0.12633751146438396,0.2862883645192713,0.20408163265306117,0.45045045045045046,0.5571428571428572
SHP101024,2025-11-07 20:56:14.812343,WH-Bengaluru,South,Carrier C,Road,351.6,264.6,113,4415,5407.71,1.0,0,0.19539960098579978,0.1974166921430755,0.30281861912243885,0.32653061224489793,0.883083083083083,0.4
SHP100333,2025-04-12 02:15:42.785654,WH-Delhi,East,Carrier A,Road,767.4,331.4,97,364,10130.68,1.0,0,0.43938504870320383,0.2484714154692754,0.5583229278772566,0.32653061224489793,0.07207207207207207,0.17142857142857143
SHP100153,2025-02-16 10:46:08.306922,WH-Chennai,West,Carrier A,Road,957.0,197.5,148,869,11344.99,0.6,0,0.550639596291515,0.14613268113726688,0.6240149473404466,0.16326530612244897,0.17317317317317318,0.9
SHP100396,2025-05-01 05:17:03.853211,WH-Mumbai,North,Carrier B,Rail,378.0,166.0,121,3661,3199.69,0.4,0,0.21089074052341272,0.12205747477835523,0.18336864933291816,0.08163265306122448,0.7321321321321321,0.5142857142857142
SHP100787,2025-08-27 22:08:18.415346,WH-Kolkata,South,Carrier A,Sea,973.3,158.2,102,2339,3906.78,2.6500000000000004,0,0.560204201384814,0.11609599510852947,0.22162096549784066,1.0,0.4674674674674675,0.24285714285714285
SHP100501,2025-06-02 02:19:18.965804,WH-Bengaluru,Central,Carrier C,Road,470.3,153.8,121,3037,6507.42,0.2,0,0.26505105034620347,0.11273310914093548,0.3623109816360183,0.0,0.6072072072072072,0.5142857142857142
SHP101147,2025-12-15 05:07:27.372810,WH-Delhi,North,Carrier C,Road,369.5,241.2,134,3259,5046.67,0.3,0,0.2059030630207722,0.17953225313359825,0.28328699481975655,0.040816326530612235,0.6516516516516516,0.7
SHP100721,2025-08-07 21:15:27.773144,WH-Delhi,North,Carrier A,Air,942.7,215.3,117,23,18295.03375,0.2,0,0.542248562375308,0.15973708346071536,1.0,0.0,0.0038038038038038036,0.45714285714285713
SHP100373,2025-04-24 05:42:17.114261,WH-Chennai,Central,Carrier C,Road,464.2,122.3,132,1701,5585.92,0.5,0,0.2614716582560732,0.08865790278202385,0.3124594643666805,0.12244897959183672,0.33973973973973975,0.6714285714285714
SHP100590,2025-06-29 02:46:56.346955,WH-Chennai,South,Carrier A,Road,1187.9,47.6,149,4312,13674.1,1.3,0,0.686128388686774,0.03156527055946194,0.7500156715804764,0.4489795918367347,0.8624624624624625,0.9142857142857143
SHP100312,2025-04-05 17:15:15.763135,WH-Kolkata,West,Carrier D,Sea,494.1,378.2,129,4435,2816.56,2.4,1,0.279016547353597,0.2842402934882299,0.16264199516970446,0.8979591836734692,0.8870870870870871,0.6285714285714286
SHP100598,2025-07-01 13:04:15.212677,WH-Chennai,East,Carrier A,Road,549.0,144.7,118,1602,6650.81,0.5,0,0.31123107616476936,0.10577804952613877,0.37006812657497695,0.12244897959183672,0.3199199199199199,0.4714285714285714
SHP100042,2025-01-13 18:00:54.045037,WH-Kolkata,South,Carrier B,Road,594.3,286.5,115,3830,7529.33,0.8,0,0.33781246332590065,0.2141546927545093,0.4175945019970699,0.2448979591836735,0.765965965965966,0.42857142857142855
SHP100645,2025-07-15 19:30:58.548790,WH-Mumbai,East,Carrier A,Road,920.3,622.5,132,116,12586.64,1.5,0,0.5291045651918789,0.4709568939162336,0.6911860123621214,0.5306122448979592,0.02242242242242242,0.6714285714285714
SHP100028,2025-01-09 12:00:36.030025,WH-Delhi,East,Carrier C,Road,356.9,283.8,114,4289,4823.32,0.8,0,0.19850956460509328,0.21209110363803116,0.27120415555539773,0.2448979591836735,0.8578578578578578,0.4142857142857143
SHP100522,2025-06-08 11:19:45.988323,WH-Mumbai,North,Carrier C,Road,1438.0,33.9,118,1677,6507.42,1.0,0,0.8328834643821148,0.021094466523998774,0.3623109816360183,0.32653061224489793,0.3349349349349349,0.4714285714285714
SHP100963,2025-10-20 08:29:13.461217,WH-Delhi,Central,Carrier A,Road,691.8,301.9,103,3006,9158.72,0.8,0,0.39502405820913034,0.2259247936410883,0.5057416140138755,0.2448979591836735,0.601001001001001,0.2571428571428571
SHP100762,2025-08-20 07:59:11.959966,WH-Chennai,East,Carrier D,Sea,480.9,77.2,131,3118,2124.94,0.5,0,0.27127097758479046,0.05418832161418526,0.1252265785947512,0.12244897959183672,0.6234234234234234,0.6571428571428571
SHP101036,2025-11-11 12:22:13.110925,WH-Kolkata,West,Carrier B,Air,818.2,318.3,124,2192,18295.03375,0.2,0,0.4691937566013379,0.23845918679302963,1.0,0.0,0.43803803803803804,0.5571428571428572
SHP100140,2025-02-12 12:03:00.150125,WH-Delhi,South,Carrier B,Sea,312.8,166.0,116,1168,1519.71,0.8,0,0.1726323201502171,0.12205747477835523,0.09248470795240574,0.2448979591836735,0.23303303303303302,0.44285714285714284
SHP100826,2025-09-08 18:17:42.885738,WH-Chennai,West,Carrier C,Road,554.3,248.2,104,1184,6947.97,1.0,0,0.31434103978406286,0.18488229899113418,0.3861439560614191,0.32653061224489793,0.23623623623623624,0.2714285714285714
SHP100704,2025-08-02 17:23:40.183486,WH-Delhi,West,Carrier C,Rail,667.4,132.7,111,445,4218.67,1.3,0,0.3807064898486093,0.09660654234179149,0.23849366188539764,0.4489795918367347,0.08828828828828829,0.37142857142857144
SHP101020,2025-11-06 15:47:35.379482,WH-Chennai,South,Carrier C,Road,300.4,155.6,123,3179,3632.03,1.5,1,0.16535617885224735,0.11410883521858757,0.206757477304948,0.5306122448979592,0.6356356356356356,0.5428571428571428
SHP101157,2025-12-18 05:59:05.954962,WH-Chennai,West,Carrier C,Road,539.2,457.8,119,3379,7810.94,1.2,0,0.3054805773970191,0.3450779578110669,0.43282910403528824,0.4081632653061224,0.6756756756756757,0.4857142857142857
SHP101014,2025-11-04 20:04:36.230191,WH-Chennai,East,Carrier C,Rail,112.9,28.8,114,3071,1151.44,1.0,0,0.05533388099988265,0.017196575970651176,0.07256195345997053,0.32653061224489793,0.614014014014014,0.4142857142857143
SHP100921,2025-10-07 14:28:19.416180,WH-Bengaluru,North,Carrier B,Road,1268.0,295.3,104,1685,16407.8,2.3,1,0.7331299143293041,0.22088046468969733,0.8979039979604968,0.857142857142857,0.33653653653653653,0.2714285714285714
SHP100970,2025-10-22 11:29:22.468723,WH-Kolkata,South,Carrier A,Sea,453.9,178.3,129,4628,2486.27,0.7,0,0.25542776669405,0.13145826964231122,0.14477389138360616,0.20408163265306117,0.9257257257257258,0.6285714285714286
SHP100136,2025-02-11 06:54:20.717264,WH-Chennai,South,Carrier C,Air,876.5,145.2,116,1865,18295.03375,0.2,0,0.5034033564135665,0.10616019565881991,1.0,0.0,0.3725725725725726,0.44285714285714284
SHP100948,2025-10-15 19:11:45.587989,WH-Mumbai,Central,Carrier C,Road,256.7,170.2,98,4570,3600.91,0.6,0,0.13971364863278957,0.12526750229287678,0.20507394044393684,0.16326530612244897,0.9141141141141141,0.18571428571428572
SHP100876,2025-09-23 22:35:55.796497,WH-Mumbai,East,Carrier C,Road,323.9,179.3,123,2718,4042.38,1.1,0,0.17914564018307708,0.13222256190767348,0.22895668523926463,0.3673469387755102,0.5433433433433433,0.5428571428571428
SHP100782,2025-08-26 09:42:29.124270,WH-Chennai,Central,Carrier A,Air,855.1,110.9,131,1265,18295.03375,1.3,0,0.4908461448186832,0.07994497095689392,1.0,0.4489795918367347,0.25245245245245246,0.6571428571428571
SHP100445,2025-05-16 02:18:06.905754,WH-Kolkata,East,Carrier C,Sea,458.5,170.8,111,868,2374.38,1.4,1,0.25812698040136134,0.12572607765209415,0.13872084063236773,0.48979591836734687,0.17297297297297298,0.37142857142857144
SHP100669,2025-07-23 02:22:55.145954,WH-Delhi,South,Carrier A,Road,665.6,197.5,128,1556,8221.29,0.3,0,0.3796502757892266,0.14613268113726688,0.455028311969605,0.040816326530612235,0.3107107107107107,0.6142857142857143
SHP100743,2025-08-14 13:33:04.653878,WH-Chennai,East,Carrier C,Road,477.3,270.9,114,4167,6888.44,1.1,0,0.2691585494660251,0.2022317334148578,0.3829234885377688,0.3673469387755102,0.8334334334334335,0.4142857142857143
SHP100272,2025-03-24 13:48:41.434528,WH-Mumbai,Central,Carrier D,Sea,447.7,302.8,132,1677,2502.17,2.2,1,0.2517896960450651,0.22661265667991437,0.14563405321169348,0.8163265306122448,0.3349349349349349,0.6714285714285714
SHP101152,2025-12-16 17:33:16.663886,WH-Kolkata,Central,Carrier C,Rail,765.7,256.1,125,4876,5852.42,0.3,0,0.43838751320267577,0.19092020788749617,0.326876642177075,0.040816326530612235,0.9753753753753753,0.5714285714285714
SHP100519,2025-06-07 13:28:16.413678,WH-Kolkata,North,Carrier C,Rail,538.4,214.2,96,2779,4602.96,2.0,0,0.30501114892618236,0.15889636196881685,0.259283069993302,0.7346938775510203,0.5555555555555556,0.15714285714285714
SHP100814,2025-09-05 02:51:44.587155,WH-Kolkata,Central,Carrier C,Road,780.0,309.4,117,425,10152.41,1.9,0,0.4467785471188827,0.23165698563130538,0.5594984823756426,0.693877551020408,0.08428428428428428,0.45714285714285713
SHP100818,2025-09-06 08:00:24.020016,WH-Chennai,West,Carrier B,Sea,639.3,245.4,112,1239,3250.89,1.3,0,0.3642178148104682,0.18274228064811981,0.1861384786158157,0.4489795918367347,0.24724724724724725,0.38571428571428573
SHP100377,2025-04-25 10:50:56.547122,WH-Delhi,South,Carrier D,Sea,1703.3,160.3,97,4340,6529.09,2.5,1,0.9885576810233541,0.11770100886579027,0.36348329024071346,0.9387755102040815,0.868068068068068,0.17142857142857143
SHP100734,2025-08-11 19:58:35.929941,WH-Delhi,Central,Carrier D,Road,603.5,27.9,117,3174,7999.13,0.4,0,0.3432108907405234,0.016508712931825126,0.44300984959678225,0.08163265306122448,0.6346346346346347,0.45714285714285713
SHP100498,2025-06-01 04:27:49.391159,WH-Mumbai,West,Carrier C,Road,585.2,127.2,121,926,7473.75,1.3,0,0.3324727144701326,0.09240293488229899,0.41458772247473696,0.4489795918367347,0.18458458458458457,0.5142857142857142
SHP100614,2025-07-06 09:38:52.944120,WH-Kolkata,East,Carrier A,Road,191.2,100.0,107,3651,2368.42,1.0,0,0.10127919258303016,0.07161418526444512,0.13839841519240545,0.32653061224489793,0.7301301301301302,0.3142857142857143
SHP101153,2025-12-17 00:50:26.522101,WH-Mumbai,North,Carrier A,Rail,267.6,52.1,113,3708,2194.31,0.2,0,0.1461096115479404,0.03500458575359217,0.1289793726837083,0.0,0.7415415415415415,0.4
SHP101112,2025-12-04 14:06:42.335279,WH-Delhi,West,Carrier A,Road,609.9,320.2,124,4705,8218.04,2.2,1,0.34696631850721743,0.23991134209721796,0.4548524927280148,0.8163265306122448,0.9411411411411411,0.5571428571428572
SHP101073,2025-11-22 17:57:17.864887,WH-Mumbai,North,Carrier C,Road,388.4,450.2,129,2285,5293.2,0.7,0,0.21699331064429053,0.33926933659431363,0.2966238310133646,0.20408163265306117,0.45665665665665667,0.6285714285714286
SHP100891,2025-09-28 11:53:23.669724,WH-Bengaluru,South,Carrier C,Road,340.7,234.1,116,4086,5466.94,0.2,0,0.18900363807064896,0.17410577804952612,0.30602285717763456,0.0,0.8172172172172172,0.44285714285714284
SHP100676,2025-07-25 05:23:04.153461,WH-Bengaluru,West,Carrier C,Road,803.7,219.5,113,2773,10734.58,1.4,1,0.4606853655674217,0.1629471109752369,0.5909928478761205,0.48979591836734687,0.5543543543543543,0.4
SHP101165,2025-12-20 16:16:24.820683,WH-Kolkata,East,Carrier C,Air,540.4,366.9,133,740,18295.03375,0.2,0,0.30618472010327424,0.27560379088963616,1.0,0.0,0.14734734734734733,0.6857142857142857
SHP100097,2025-01-30 10:44:56.246872,WH-Mumbai,East,Carrier C,Rail,633.2,171.7,129,540,3986.14,0.2,0,0.36063842272033797,0.12641394069092018,0.22591420088633185,0.0,0.10730730730730731,0.6285714285714286
SHP100662,2025-07-20 23:22:46.138448,WH-Kolkata,East,Carrier C,Rail,1142.5,407.5,127,2379,9172.79,0.7,0,0.6594883229667879,0.3066340568633445,0.5065027760843906,0.20408163265306117,0.4754754754754755,0.6
SHP100128,2025-02-08 20:37:01.851542,WH-Kolkata,South,Carrier B,Road,647.9,123.0,104,2311,7460.03,1.1,0,0.36926417087196334,0.08919290736777744,0.4138454947840855,0.3673469387755102,0.46186186186186184,0.2714285714285714
SHP101089,2025-11-27 14:31:55.596330,WH-Kolkata,East,Carrier B,Road,449.5,197.5,123,1890,5536.74,0.2,0,0.2528459101044478,0.14613268113726688,0.3097989135047097,0.0,0.3775775775775776,0.5428571428571428
SHP100622,2025-07-08 19:56:11.809841,WH-Kolkata,West,Carrier D,Road,384.6,336.6,119,1112,5389.89,0.6,0,0.21476352540781599,0.25244573524915925,0.3018545886962429,0.16326530612244897,0.22182182182182184,0.4857142857142857
SHP100544,2025-06-15 03:37:22.869057,WH-Kolkata,West,Carrier A,Road,412.5,183.4,136,492,5181.29,0.9,0,0.23113484332824785,0.1353561601956588,0.2905696982975626,0.2857142857142857,0.09769769769769769,0.7285714285714285
SHP100379,2025-04-26 01:25:16.263552,WH-Mumbai,Central,Carrier C,Air,540.6,188.1,149,2886,18295.03375,1.4,1,0.30630207722098346,0.13894833384286148,1.0,0.48979591836734687,0.576976976976977,0.9142857142857143
SHP101012,2025-11-04 05:30:16.513761,WH-Chennai,East,Carrier B,Road,394.7,503.1,115,2365,6101.7,0.8,0,0.22069005985213,0.379700397431978,0.3403622484981825,0.2448979591836735,0.47267267267267266,0.42857142857142855
SHP100203,2025-03-03 15:04:21.217681,WH-Bengaluru,Central,Carrier D,Road,167.8,124.6,118,1376,2146.07,0.8,0,0.08754840981105505,0.09041577499235708,0.12636967415622827,0.2448979591836735,0.27467467467467466,0.4714285714285714
SHP100343,2025-04-15 03:07:21.367806,WH-Bengaluru,South,Carrier D,Road,854.1,289.7,128,4807,11164.14,2.3,1,0.4902593592301373,0.21660042800366858,0.6142312827738056,0.857142857142857,0.9615615615615616,0.6142857142857143
SHP101048,2025-11-15 03:48:11.409507,WH-Mumbai,Central,Carrier B,Road,1016.7,145.0,108,4474,12513.91,2.6500000000000004,1,0.585670695927708,0.10600733720574747,0.6872514482264742,1.0,0.8948948948948949,0.32857142857142857
SHP100654,2025-07-18 13:05:27.272727,WH-Kolkata,West,Carrier A,Road,397.7,327.8,134,3411,4478.59,1.2,0,0.22245041661776785,0.24571996331397125,0.2525548733543573,0.4081632653061224,0.6820820820820821,0.7
SHP101139,2025-12-12 18:50:08.507089,WH-Delhi,South,Carrier A,Rail,536.1,163.0,121,1825,4440.89,1.0,0,0.3036615420725267,0.1197645979822684,0.2505153701519112,0.32653061224489793,0.36456456456456454,0.5142857142857142
SHP100518,2025-06-07 06:11:06.555462,WH-Chennai,Central,Carrier B,Road,373.4,401.2,103,4900,4802.02,0.7,0,0.20819152681610137,0.30181901559156216,0.27005186329512987,0.20408163265306117,0.9801801801801802,0.2571428571428571
SHP100779,2025-08-25 11:50:59.549624,WH-Kolkata,West,Carrier C,Road,179.1,292.8,120,2726,3189.17,1.5,1,0.09417908696162422,0.21896973402629163,0.1827995359724478,0.5306122448979592,0.5449449449449449,0.5
SHP100234,2025-03-13 00:56:26.822351,WH-Mumbai,East,Carrier C,Road,447.1,206.6,106,3550,5337.46,0.9,0,0.25143762469193753,0.15308774075206358,0.2990182185926819,0.2857142857142857,0.7099099099099099,0.3
SHP100237,2025-03-13 22:47:56.396997,WH-Chennai,South,Carrier C,Sea,493.9,332.3,125,1110,3028.22,1.7,0,0.2788991902358878,0.2491592785081015,0.1740924261466204,0.6122448979591836,0.22142142142142143,0.5714285714285714
SHP100549,2025-06-16 16:03:12.160133,WH-Mumbai,North,Carrier D,Road,627.2,161.6,141,398,7726.12,1.1,0,0.3571177091890623,0.11869458881076121,0.42824049232092554,0.3673469387755102,0.07887887887887887,0.8
SHP100400,2025-05-02 10:25:43.286071,WH-Delhi,South,Carrier A,Sea,394.6,157.0,148,38,2201.97,0.4,0,0.22063138129327542,0.11517884439009475,0.1293937651115793,0.08163265306122448,0.006806806806806807,0.9
SHP100570,2025-06-23 01:03:39.182652,WH-Delhi,South,Carrier A,Road,410.9,354.8,99,2376,5495.58,0.2,0,0.23019598638657432,0.26635585447875265,0.3075722304327554,0.0,0.4748748748748749,0.2
SHP100232,2025-03-12 10:22:07.105921,WH-Kolkata,South,Carrier C,Rail,354.9,195.4,130,4500,3390.27,1.1,0,0.19733599342800137,0.1445276673800061,0.19367868965976612,0.3673469387755102,0.9001001001001001,0.6428571428571429
SHP100794,2025-08-30 01:08:27.422852,WH-Chennai,Central,Carrier B,Road,247.3,73.7,105,4799,2997.96,0.4,0,0.1341978641004577,0.051513298685417305,0.17245541376184542,0.08163265306122448,0.95995995995996,0.2857142857142857
SHP100682,2025-07-27 01:06:03.302752,WH-Delhi,West,Carrier B,Road,147.5,93.1,135,4006,6507.42,0.6,0,0.07563666236357235,0.06634056863344542,0.3623109816360183,0.16326530612244897,0.8012012012012012,0.7142857142857143
SHP100442,2025-05-15 04:26:37.331109,WH-Mumbai,South,Carrier D,Road,332.9,359.1,109,1965,5826.73,0.8,0,0.18442671047999057,0.26964231121981047,0.32548685869508986,0.2448979591836735,0.3925925925925926,0.34285714285714286
SHP101167,2025-12-21 06:50:44.537114,WH-Mumbai,South,Carrier C,Sea,928.0,193.4,105,1085,4080.9,1.3,1,0.5336228142236826,0.14299908284928156,0.2310405489888196,0.4489795918367347,0.21641641641641643,0.2857142857142857
SHP100718,2025-08-06 23:23:58.198498,WH-Delhi,South,Carrier A,Rail,531.5,106.6,118,1795,4093.62,0.3,0,0.3009623283652153,0.07665851421583612,0.23172867845128944,0.040816326530612235,0.35855855855855856,0.4714285714285714
SHP100796,2025-08-30 15:42:47.139282,WH-Delhi,East,Carrier B,Road,655.7,68.9,112,3658,7914.62,1.1,0,0.37384109846262176,0.04784469581167839,0.4384380083331558,0.3673469387755102,0.7315315315315315,0.38571428571428573
SHP100098,2025-01-30 18:02:06.105087,WH-Chennai,South,Carrier A,Rail,246.7,155.5,115,2060,2594.63,1.4,1,0.1338457927473301,0.11403240599205135,0.15063597538936357,0.48979591836734687,0.41161161161161164,0.42857142857142855
SHP100514,2025-06-06 01:02:27.122602,WH-Delhi,West,Carrier B,Road,697.0,223.1,115,561,9533.32,1.3,0,0.3980753432695693,0.1656985631305411,0.5260068102907003,0.4489795918367347,0.11151151151151151,0.42857142857142855
SHP100511,2025-06-05 03:10:57.547956,WH-Bengaluru,Central,Carrier D,Sea,763.8,240.8,123,1184,3957.31,2.1,0,0.4372726205844384,0.17922653622745335,0.22435454896785653,0.7755102040816326,0.23623623623623624,0.5428571428571428
SHP101057,2025-11-17 21:22:40.133444,WH-Delhi,West,Carrier D,Road,747.6,90.9,110,2471,8869.08,0.4,0,0.4277666940499941,0.06465912564964843,0.490072603203359,0.08163265306122448,0.4938938938938939,0.35714285714285715
SHP100360,2025-04-20 06:59:08.957464,WH-Delhi,East,Carrier C,Sea,344.9,109.7,116,213,1260.38,0.5,0,0.1914681375425419,0.07902782023845918,0.07845541443807327,0.12244897959183672,0.041841841841841844,0.44285714285714284
SHP100558,2025-06-19 09:37:40.884070,WH-Delhi,East,Carrier C,Rail,360.4,72.7,112,4805,3173.49,0.6,0,0.2005633141650041,0.05074900642005503,0.1819512757545604,0.16326530612244897,0.9611611611611611,0.38571428571428573
SHP100499,2025-06-01 11:44:59.249374,WH-Mumbai,North,Carrier A,Sea,429.8,226.2,118,622,2924.22,1.1,0,0.2412862340100927,0.16806786915316413,0.16846621041573473,0.3673469387755102,0.12372372372372373,0.4714285714285714
SHP101193,2025-12-29 04:17:00.850708,WH-Kolkata,Central,Carrier C,Road,723.6,308.9,106,518,9416.94,0.4,0,0.41368383992489144,0.23127483949862424,0.5197108584949265,0.08163265306122448,0.10290290290290291,0.3
SHP100225,2025-03-10 07:21:58.098415,WH-Mumbai,Central,Carrier D,Road,587.6,258.2,115,3413,6711.6,2.2,0,0.33388099988264286,0.1925252216447569,0.373356757866136,0.8163265306122448,0.6824824824824824,0.42857142857142855
SHP100018,2025-01-06 11:08:57.447873,WH-Delhi,South,Carrier C,Road,476.0,104.0,104,3005,5807.37,0.2,0,0.26839572820091534,0.07467135432589422,0.32443951699749424,0.0,0.6008008008008008,0.2714285714285714
SHP100168,2025-02-21 00:03:36.180150,WH-Chennai,Central,Carrier B,Rail,200.3,530.7,125,986,2757.44,0.5,0,0.10661894143879827,0.4007948639559768,0.15944370791960868,0.12244897959183672,0.1965965965965966,0.5714285714285714
SHP101047,2025-11-14 20:31:01.551292,WH-Kolkata,Central,Carrier C,Road,804.0,346.4,120,69,9745.64,1.6,1,0.46086140124398545,0.2599357994497095,0.5374929460982161,0.5714285714285714,0.013013013013013013,0.5
SHP100292,2025-03-30 15:31:58.598832,WH-Mumbai,North,Carrier D,Road,807.0,73.1,85,1460,10489.56,0.5,0,0.46262175800962324,0.05105472332619993,0.5777377000070666,0.12244897959183672,0.2914914914914915,0.0
SHP100900,2025-10-01 05:27:52.393661,WH-Bengaluru,North,Carrier D,Rail,533.8,110.7,124,2042,4171.55,0.7,0,0.30231193521887095,0.07979211250382146,0.23594455337348097,0.20408163265306117,0.408008008008008,0.5571428571428572
SHP100397,2025-05-01 12:34:13.711426,WH-Kolkata,North,Carrier A,Air,381.5,132.8,110,1636,18295.03375,0.2,0,0.21294449008332353,0.09668297156832774,1.0,0.0,0.3267267267267267,0.35714285714285715
SHP101070,2025-11-21 20:05:48.290241,WH-Bengaluru,South,Carrier C,Rail,407.9,332.5,119,2137,4390.06,0.8,0,0.22843562962093647,0.24931213696117394,0.24776555721344085,0.2448979591836735,0.42702702702702705,0.4857142857142857
SHP101076,2025-11-23 15:48:47.439532,WH-Mumbai,South,Carrier C,Rail,207.6,285.0,119,2665,1988.8,0.6,0,0.11090247623518366,0.2130082543564659,0.11786164581010913,0.16326530612244897,0.5327327327327327,0.4857142857142857
SHP100540,2025-06-13 22:28:43.436196,WH-Chennai,East,Carrier C,Road,784.8,267.6,140,914,9883.41,2.6500000000000004,1,0.4495951179439032,0.19970956893916234,0.5449460589947941,1.0,0.18218218218218218,0.7857142857142857
SHP100328,2025-04-10 13:49:53.494578,WH-Chennai,East,Carrier B,Road,390.4,279.5,114,2996,5892.9,1.0,0,0.21816688182138244,0.20880464689697337,0.32906653845386585,0.32653061224489793,0.598998998998999,0.4142857142857143
SHP100795,2025-08-30 08:25:37.281067,WH-Bengaluru,North,Carrier A,Sea,233.3,204.6,108,515,2253.76,2.2,0,0.12598286586081447,0.151559156221339,0.132195512349104,0.8163265306122448,0.1023023023023023,0.32857142857142857
SHP100848,2025-09-15 10:35:19.766472,WH-Chennai,South,Carrier B,Road,335.4,184.1,134,4571,4255.32,1.2,0,0.18589367445135543,0.1358911647814124,0.240476361948253,0.4081632653061224,0.9143143143143143,0.7
SHP100302,2025-04-02 16:23:37.180984,WH-Mumbai,North,Carrier C,Air,738.0,240.0,119,903,18295.03375,0.5,0,0.42213355239995304,0.17861510241516354,1.0,0.12244897959183672,0.17997997997997997,0.4857142857142857
SHP101175,2025-12-23 17:08:03.402835,WH-Kolkata,South,Carrier D,Sea,217.0,181.9,121,267,2160.67,1.3,0,0.11641826076751555,0.1342097217976154,0.12715950828767952,0.4489795918367347,0.052652652652652655,0.5142857142857142
SHP100931,2025-10-10 15:19:57.998331,WH-Delhi,Central,Carrier C,Road,487.2,397.2,113,1121,6425.43,0.6,0,0.27496772679262993,0.29876184653011306,0.35787546790740954,0.16326530612244897,0.22362362362362362,0.4
SHP100093,2025-01-29 05:36:16.814011,WH-Bengaluru,Central,Carrier C,Sea,551.6,56.0,107,4714,1998.16,1.4,1,0.31275671869498883,0.037985325588505044,0.11836800522588885,0.48979591836734687,0.9429429429429429,0.3142857142857143
SHP100213,2025-03-06 15:55:59.799833,WH-Mumbai,South,Carrier D,Rail,448.7,156.3,114,3556,3157.93,1.0,0,0.25237648163361104,0.11464383980434117,0.1811095073240548,0.32653061224489793,0.7111111111111111,0.4142857142857143
SHP100770,2025-08-22 18:16:30.825688,WH-Chennai,Central,Carrier B,Road,50.2,457.3,125,4857,1762.61,0.9,0,0.018542424598051874,0.3446958116783858,0.10562516757771463,0.2857142857142857,0.9715715715715716,0.5714285714285714
SHP100337,2025-04-13 07:24:22.218515,WH-Bengaluru,West,Carrier A,Road,691.1,78.8,132,935,8936.9,1.2,0,0.3946133082971482,0.0554111892387649,0.4937415450386346,0.4081632653061224,0.18638638638638638,0.6714285714285714
SHP100425,2025-05-10 00:34:49.741451,WH-Mumbai,North,Carrier A,Road,116.8,246.4,142,1230,1815.48,0.2,0,0.05762234479521182,0.1835065729134821,0.10848534090167547,0.0,0.24544544544544544,0.8142857142857143
SHP100803,2025-09-01 18:42:56.146788,WH-Chennai,West,Carrier C,Road,626.9,92.4,106,110,7986.38,0.3,0,0.3569416735124985,0.06580556404769183,0.44232009718746695,0.040816326530612235,0.02122122122122122,0.3
SHP100212,2025-03-06 08:38:49.941618,WH-Bengaluru,South,Carrier A,Road,275.6,247.8,111,991,4170.05,0.9,1,0.15080389625630794,0.18457658208498928,0.2358634060312086,0.2857142857142857,0.1975975975975976,0.37142857142857144
SHP100618,2025-07-07 14:47:32.376980,WH-Chennai,Central,Carrier D,Road,502.9,297.1,108,4830,6280.89,0.4,0,0.28418026053280127,0.22225619076734943,0.3500561100060421,0.08163265306122448,0.9661661661661661,0.32857142857142857
SHP100115,2025-02-04 21:53:53.694745,WH-Bengaluru,North,Carrier C,Road,458.9,256.3,111,3989,5921.99,1.8,1,0.25836169463677966,0.19107306634056861,0.3306402559116684,0.6530612244897959,0.7977977977977978,0.37142857142857144
SHP100158,2025-02-17 23:11:57.597998,WH-Delhi,Central,Carrier C,Road,237.5,369.3,109,2499,3522.06,1.2,0,0.12844736533270742,0.2774380923265056,0.20080829515181825,0.4081632653061224,0.4994994994994995,0.34285714285714286
SHP100112,2025-02-04 00:02:24.120100,WH-Delhi,East,Carrier C,Sea,417.3,269.1,130,3865,2607.03,0.7,0,0.2339514141532684,0.20085600733720574,0.1513067934188153,0.20408163265306117,0.772972972972973,0.6428571428571429
SHP100036,2025-01-11 22:17:54.895746,WH-Bengaluru,West,Carrier C,Sea,273.2,170.8,114,4793,1254.29,0.7,0,0.14939561084379768,0.12572607765209415,0.07812595622844735,0.20408163265306117,0.9587587587587587,0.4142857142857143
SHP100105,2025-02-01 21:02:15.112593,WH-Chennai,Central,Carrier A,Road,587.4,317.5,127,4288,6866.67,0.9,0,0.33376364276493364,0.23784775298073982,0.38174577011025557,0.2857142857142857,0.8576576576576577,0.6
SHP100362,2025-04-20 21:33:28.673894,WH-Chennai,North,Carrier C,Rail,444.0,284.9,139,2530,3728.35,0.3,0,0.2496185893674451,0.21293182512992964,0.21196821864339904,0.040816326530612235,0.5057057057057057,0.7714285714285715
SHP100850,2025-09-16 01:09:39.482902,WH-Kolkata,South,Carrier D,Sea,1090.9,407.4,110,848,6049.02,2.5,0,0.6292101865978172,0.30655762763680827,0.33751235383757616,0.9387755102040815,0.16896896896896896,0.35714285714285715
SHP100716,2025-08-06 08:49:38.482068,WH-Delhi,West,Carrier C,Air,663.5,490.2,106,4831,18295.03375,1.4,0,0.3784180260532801,0.36984102720880463,1.0,0.48979591836734687,0.9663663663663664,0.3
SHP100756,2025-08-18 12:16:12.810675,WH-Mumbai,West,Carrier B,Rail,420.0,256.8,107,2908,3902.14,0.5,0,0.23553573524234242,0.19145521247324976,0.22136994971907806,0.12244897959183672,0.5813813813813814,0.3142857142857143
SHP100733,2025-08-11 12:41:26.071726,WH-Delhi,North,Carrier C,Road,645.3,197.5,122,4464,10134.01,0.6,0,0.36773852834174386,0.14613268113726688,0.5585030749771013,0.16326530612244897,0.8928928928928929,0.5285714285714286
SHP100758,2025-08-19 02:50:32.527105,WH-Mumbai,West,Carrier C,Road,387.6,16.1,110,770,4935.37,0.9,1,0.2165238821734538,0.00749006420055029,0.27726586202314524,0.2857142857142857,0.15335335335335334,0.35714285714285715
SHP100365,2025-04-21 19:24:58.248540,WH-Delhi,South,Carrier C,Road,435.0,102.8,111,511,5260.63,1.0,0,0.2443375190705316,0.07375420360745949,0.29486185172149015,0.32653061224489793,0.1015015015015015,0.37142857142857144
SHP101006,2025-11-02 09:47:17.364470,WH-Chennai,Central,Carrier B,Rail,364.5,420.8,119,2697,3624.88,0.4,0,0.20296913507804246,0.3167991439926628,0.20637067497344963,0.08163265306122448,0.5391391391391391,0.4857142857142857
SHP100441,2025-05-14 21:09:27.472894,WH-Chennai,Central,Carrier B,Rail,719.5,166.1,136,987,5061.97,2.1,1,0.41127801901185307,0.12213390400489145,0.2841146977109349,0.7755102040816326,0.1967967967967968,0.7285714285714285
SHP101030,2025-11-09 16:39:13.961634,WH-Bengaluru,East,Carrier D,Air,442.4,222.5,130,70,18295.03375,0.2,0,0.2486797324257716,0.16523998777132373,1.0,0.0,0.013213213213213212,0.6428571428571429
SHP100565,2025-06-21 12:37:49.891576,WH-Bengaluru,North,Carrier B,Road,466.1,144.9,114,2125,5513.12,1.3,0,0.26258655087431054,0.10593090797921124,0.30852111335506055,0.4489795918367347,0.42462462462462464,0.4142857142857143
SHP100351,2025-04-17 13:24:40.233527,WH-Delhi,East,Carrier C,Road,124.0,111.9,132,176,2899.44,0.4,0,0.06184720103274264,0.08070926322225619,0.1671256563213949,0.08163265306122448,0.03443443443443443,0.6714285714285714
SHP100490,2025-05-29 18:10:30.525437,WH-Chennai,South,Carrier A,Sea,331.0,221.3,115,1840,1564.01,0.6,0,0.1833118178617533,0.16432283705288903,0.0948812594608503,0.16326530612244897,0.3675675675675676,0.42857142857142855
SHP100249,2025-03-17 14:13:54.695579,WH-Delhi,North,Carrier D,Rail,1005.1,107.1,122,2069,6944.82,1.5,1,0.5788639831005751,0.07704066034851727,0.38597354664264705,0.5306122448979592,0.4134134134134134,0.5285714285714286
SHP100476,2025-05-25 12:10:12.510425,WH-Bengaluru,Central,Carrier B,Air,287.8,101.8,123,3855,16355.11,0.2,0,0.15796268043656847,0.07298991134209722,0.8950535623176088,0.0,0.770970970970971,0.5428571428571428
SHP100634,2025-07-12 11:22:10.108423,WH-Kolkata,North,Carrier A,Sea,1392.7,449.8,114,4942,6728.4,2.6,1,0.8063020772209835,0.33896361968816874,0.3742656080995867,0.9795918367346937,0.9885885885885886,0.4142857142857143
SHP100406,2025-05-04 06:08:42.435362,WH-Bengaluru,East,Carrier C,Road,681.1,197.5,118,4342,8470.08,0.3,0,0.3887454524116888,0.14613268113726688,0.46848741015890344,0.040816326530612235,0.8684684684684685,0.4714285714285714
SHP101136,2025-12-11 20:58:38.932443,WH-Delhi,South,Carrier B,Road,200.1,123.2,132,3904,18295.03375,0.9,0,0.10650158432108907,0.0893457658208499,1.0,0.2857142857142857,0.7807807807807807,0.6714285714285714
SHP100164,2025-02-19 18:54:56.747289,WH-Bengaluru,West,Carrier D,Rail,629.0,191.9,104,4385,4284.54,0.9,0,0.358173923248445,0.14185264445123813,0.24205711217571915,0.2857142857142857,0.877077077077077,0.2714285714285714
SHP100781,2025-08-26 02:25:19.266055,WH-Bengaluru,East,Carrier C,Rail,309.0,227.5,109,3234,2205.64,0.2,0,0.1704025349137425,0.1690614490981351,0.12959230560900573,0.0,0.6466466466466466,0.34285714285714286
SHP100454,2025-05-18 19:52:35.629691,WH-Mumbai,East,Carrier D,Road,860.9,82.1,104,1392,11013.21,0.7,0,0.4942495012322497,0.0579333537144604,0.6060662371943577,0.20408163265306117,0.2778778778778779,0.2714285714285714
SHP101107,2025-12-03 01:40:53.044203,WH-Chennai,South,Carrier D,Road,436.9,273.4,102,893,6113.61,1.5,1,0.24545241168876888,0.20414246407826347,0.3410065583958252,0.5306122448979592,0.17797797797797799,0.24285714285714285
SHP101119,2025-12-06 17:06:51.342785,WH-Kolkata,South,Carrier A,Road,755.8,153.0,115,4071,9249.93,0.4,0,0.4325783358760708,0.11212167532864566,0.5106759134063187,0.08163265306122448,0.8142142142142142,0.42857142857142855
SHP101161,2025-12-19 11:07:45.387823,WH-Mumbai,East,Carrier B,Rail,441.6,217.6,136,375,4218.67,2.6500000000000004,0,0.24821030395493485,0.16149495567104857,0.23849366188539764,1.0,0.07427427427427427,0.7285714285714285
SHP100083,2025-01-26 04:44:38.231859,WH-Chennai,South,Carrier C,Rail,391.4,118.3,115,2686,3149.47,0.9,0,0.21875366740992838,0.08560073372057474,0.18065183631363854,0.2857142857142857,0.5369369369369369,0.42857142857142855
SHP100230,2025-03-11 19:47:47.389491,WH-Bengaluru,North,Carrier A,Sea,1244.7,562.7,110,190,5857.61,1.8,1,0.7194578101161836,0.4252522164475696,0.32715741198133746,0.6530612244897959,0.037237237237237236,0.35714285714285715
SHP100295,2025-03-31 13:23:28.173477,WH-Chennai,South,Carrier B,Rail,313.0,89.6,131,366,1810.47,1.1,0,0.17274967726792628,0.06366554570467746,0.10821430877848567,0.3673469387755102,0.07247247247247247,0.6571428571428571
SHP100652,2025-07-17 22:31:07.556296,WH-Mumbai,West,Carrier D,Road,921.4,265.0,115,4317,11327.13,2.0,1,0.5297500293392794,0.1977224090492204,0.6230487529851233,0.7346938775510203,0.8634634634634635,0.42857142857142855
SHP100070,2025-01-22 06:01:30.075062,WH-Chennai,South,Carrier C,Road,425.6,408.8,130,4722,6296.12,0.6,0,0.23882173453819974,0.30762763680831545,0.35088002602124774,0.16326530612244897,0.9445445445445445,0.6428571428571429
SHP100643,2025-07-15 04:56:38.832360,WH-Chennai,South,Carrier A,Rail,463.3,533.7,123,4315,4841.58,0.7,0,0.26094355122638185,0.4030877407520636,0.27219198920199367,0.20408163265306117,0.863063063063063,0.5428571428571428
SHP100820,2025-09-06 22:34:43.736447,WH-Mumbai,Central,Carrier B,Road,535.2,94.5,114,4213,5877.85,1.1,0,0.30313343504283535,0.06741057780495262,0.3282523601197329,0.3673469387755102,0.8426426426426427,0.4142857142857143
SHP100610,2025-07-05 04:30:13.511259,WH-Chennai,South,Carrier D,Air,744.4,286.3,111,2440,18295.03375,0.2,0,0.42588898016664706,0.21400183430143685,1.0,0.0,0.48768768768768767,0.37142857142857144
SHP100985,2025-10-27 00:46:50.341951,WH-Delhi,North,Carrier C,Rail,449.9,298.2,125,1681,3689.41,0.9,0,0.25308062433986617,0.2230969122592479,0.2098616336380078,0.2857142857142857,0.33573573573573573,0.5714285714285714
SHP100064,2025-01-20 10:18:30.925771,WH-Mumbai,North,Carrier C,Road,559.8,197.5,121,2846,7386.38,1.1,0,0.3175683605210656,0.14613268113726688,0.4098611602785112,0.3673469387755102,0.568968968968969,0.5142857142857142
SHP101143,2025-12-13 23:58:47.939949,WH-Bengaluru,North,Carrier C,Rail,644.4,201.1,135,4918,5055.89,0.8,0,0.36721042131205256,0.14888413329257105,0.2837857804835908,0.2448979591836735,0.9837837837837838,0.7142857142857143
SHP101183,2025-12-26 03:25:22.268557,WH-Delhi,West,Carrier D,Road,680.0,143.4,120,989,8192.39,1.6,1,0.3880999882642882,0.10478446958116783,0.4534648731751569,0.5714285714285714,0.1971971971971972,0.5
SHP100852,2025-09-16 15:43:59.199332,WH-Delhi,East,Carrier C,Road,848.3,232.2,118,4127,10486.12,1.1,0,0.48685600281657077,0.1726536227453378,0.577551602102122,0.3673469387755102,0.8254254254254254,0.4714285714285714
SHP100961,2025-10-19 17:54:53.744787,WH-Delhi,North,Carrier D,Road,647.5,99.2,121,951,7950.15,0.6,0,0.36902945663654496,0.0710027514521553,0.4403601183804478,0.16326530612244897,0.1895895895895896,0.5142857142857142
SHP101131,2025-12-10 08:32:49.641367,WH-Delhi,East,Carrier B,Road,145.6,6.3,115,1987,1846.87,0.2,0,0.07452176974533506,0.0,0.11018348428429567,0.0,0.396996996996997,0.42857142857142855
SHP100127,2025-02-08 13:19:51.993327,WH-Bengaluru,Central,Carrier D,Rail,647.4,65.1,104,3231,4218.67,1.4,1,0.36897077807769035,0.044940385203301736,0.23849366188539764,0.48979591836734687,0.6460460460460461,0.2714285714285714
SHP100338,2025-04-13 14:41:32.076730,WH-Bengaluru,North,Carrier D,Road,1504.6,532.3,114,381,18295.03375,1.1,0,0.8719633845792747,0.40201773158055637,1.0,0.3673469387755102,0.07547547547547548,0.4142857142857143
SHP100001,2025-01-01 07:17:09.858215,WH-Mumbai,South,Carrier B,Rail,440.5,229.1,106,2799,3405.99,1.2,0,0.2475648398075343,0.17028431672271474,0.19452911380678073,0.4081632653061224,0.5595595595595596,0.3
SHP100977,2025-10-24 14:29:31.476230,WH-Bengaluru,North,Carrier C,Road,596.3,183.6,132,4908,7414.65,1.3,0,0.3389860345029926,0.13550901864873124,0.41139051718920483,0.4489795918367347,0.9817817817817818,0.6714285714285714
SHP100539,2025-06-13 15:11:33.577981,WH-Bengaluru,North,Carrier D,Air,193.5,506.8,108,1601,11762.98,0.2,0,0.10262879943668583,0.3825282788138184,0.6466274657380706,0.0,0.31971971971971974,0.32857142857142857
SHP100601,2025-07-02 10:55:44.787322,WH-Delhi,East,Carrier B,Road,468.8,573.6,112,855,7261.26,0.6,0,0.26417087196338457,0.4335830021400184,0.40309238996843033,0.16326530612244897,0.17037037037037037,0.38571428571428573
SHP100308,2025-04-04 12:06:36.330275,WH-Bengaluru,South,Carrier A,Road,494.3,452.7,129,1284,7308.47,0.5,0,0.27913390447130615,0.3411800672577193,0.4056463673208833,0.12244897959183672,0.25625625625625625,0.6285714285714286
SHP100585,2025-06-27 14:21:07.055879,WH-Chennai,Central,Carrier A,Road,540.6,118.4,122,2371,6464.27,0.3,0,0.30630207722098346,0.08567716294711097,0.3599766430899826,0.040816326530612235,0.47387387387387386,0.5285714285714286
SHP101100,2025-11-30 22:40:44.036697,WH-Mumbai,East,Carrier D,Sea,325.3,289.0,133,2317,2079.82,0.4,0,0.17996714000704142,0.216065423417915,0.12278566653919774,0.08163265306122448,0.46306306306306305,0.6857142857142857
SHP100410,2025-05-05 11:17:21.868223,WH-Kolkata,West,Carrier A,Rail,607.1,136.0,120,1314,4987.87,1.1,0,0.3453233188592888,0.09912870681748699,0.28010601900267884,0.3673469387755102,0.26226226226226224,0.5
SHP100171,2025-02-21 21:55:05.754795,WH-Chennai,East,Carrier A,Rail,567.4,232.0,109,3767,4059.35,0.8,0,0.3220279309940148,0.17250076429226535,0.22987473217150628,0.2448979591836735,0.7533533533533534,0.34285714285714286
SHP100417,2025-05-07 14:17:30.875729,WH-Bengaluru,West,Carrier A,Road,338.2,524.3,123,1317,5618.44,0.2,0,0.1875366740992841,0.3959033934576582,0.31421873874714584,0.0,0.26286286286286287,0.5428571428571428
SHP100738,2025-08-13 01:07:15.362802,WH-Bengaluru,North,Carrier B,Air,563.0,186.6,135,4622,18295.03375,0.2,0,0.3194460744044126,0.13780189544481808,1.0,0.0,0.9245245245245245,0.7142857142857143
SHP100837,2025-09-12 02:26:31.326105,WH-Delhi,West,Carrier C,Road,322.1,151.1,106,2575,4581.59,1.3,0,0.1780894261236944,0.11066952002445733,0.2581269908570613,0.4489795918367347,0.5147147147147147,0.3
SHP101074,2025-11-23 01:14:27.723102,WH-Bengaluru,West,Carrier D,Road,449.1,408.6,111,4822,7112.99,0.7,0,0.25261119586902947,0.307474778355243,0.39507124567594554,0.20408163265306117,0.9645645645645645,0.37142857142857144
SHP101021,2025-11-06 23:04:45.237698,WH-Kolkata,North,Carrier C,Road,158.4,503.8,107,2963,2530.08,0.4,0,0.08203262527872315,0.38023540201773154,0.14714393476024173,0.08163265306122448,0.5923923923923924,0.3142857142857143
SHP100603,2025-07-03 01:30:04.503753,WH-Delhi,West,Carrier C,Road,149.7,197.5,127,1858,2747.32,0.7,0,0.07692759065837343,0.14613268113726688,0.158896233850411,0.20408163265306117,0.37117117117117115,0.6
SHP100806,2025-09-02 16:34:25.721434,WH-Mumbai,North,Carrier D,Air,1084.0,166.4,120,4378,18295.03375,1.5,1,0.6251613660368501,0.12236319168450013,1.0,0.5306122448979592,0.8756756756756757,0.5
SHP100882,2025-09-25 18:18:54.945788,WH-Chennai,South,Carrier C,Sea,416.5,218.1,115,2841,2551.53,2.2,1,0.23348198568243161,0.16187710180372972,0.14830434175473692,0.8163265306122448,0.567967967967968,0.42857142857142855
SHP100460,2025-05-20 15:35:34.778982,WH-Chennai,East,Carrier C,Rail,394.7,186.0,124,58,2916.57,0.8,0,0.22069005985213,0.1373433200856007,0.1680523589701456,0.2448979591836735,0.010810810810810811,0.5571428571428572
SHP100043,2025-01-14 01:18:03.903252,WH-Mumbai,West,Carrier D,Rail,314.2,139.1,118,533,3273.43,1.4,1,0.1734538199741814,0.10149801284011004,0.1873578526790288,0.48979591836734687,0.1059059059059059,0.4714285714285714
SHP100637,2025-07-13 09:13:39.683069,WH-Kolkata,Central,Carrier D,Road,234.6,512.1,148,2807,4111.45,0.4,0,0.12674568712592418,0.38657902782023845,0.23269324985976722,0.08163265306122448,0.5611611611611612,0.9
SHP100423,2025-05-09 10:00:30.025020,WH-Mumbai,West,Carrier C,Road,559.3,80.3,120,4945,6507.42,0.2,0,0.3172749677267926,0.056557627636808314,0.3623109816360183,0.0,0.9891891891891892,0.5
SHP100727,2025-08-09 16:58:26.922435,WH-Bengaluru,Central,Carrier C,Rail,394.8,219.2,119,3712,3179.35,0.8,0,0.2207487384109846,0.16271782329562823,0.18226829137170453,0.2448979591836735,0.7423423423423423,0.4857142857142857
SHP100967,2025-10-21 13:37:52.894078,WH-Delhi,North,Carrier B,Road,884.5,444.0,136,1971,11973.5,1.8,1,0.508097641121934,0.3345307245490675,0.6580162247348595,0.6530612244897959,0.3937937937937938,0.7285714285714285
SHP100972,2025-10-23 02:03:42.185154,WH-Chennai,Central,Carrier B,Road,363.0,155.4,132,3046,5165.46,0.6,0,0.20208895669522356,0.11395597676551512,0.28971332334544797,0.16326530612244897,0.609009009009009,0.6714285714285714
SHP100922,2025-10-07 21:45:29.274395,WH-Delhi,South,Carrier A,Road,872.6,323.3,113,3401,12170.29,1.9,1,0.5011148926182373,0.242280648119841,0.6686622150587153,0.693877551020408,0.68008008008008,0.4
SHP100315,2025-04-06 15:06:45.337781,WH-Chennai,East,Carrier A,Rail,653.2,152.1,128,4381,4924.74,1.1,0,0.3723741344912569,0.1114338122898196,0.2766907978575749,0.3673469387755102,0.8762762762762762,0.6142857142857143
SHP100376,2025-04-25 03:33:46.688907,WH-Chennai,Central,Carrier C,Sea,405.2,252.0,123,2280,3094.78,1.5,1,0.22685130853186244,0.18778660959951082,0.17769320421438725,0.5306122448979592,0.45565565565565563,0.5428571428571428
SHP100524,2025-06-09 01:54:05.704753,WH-Mumbai,East,Carrier B,Rail,1109.0,182.8,128,3746,8161.77,1.4,0,0.6398310057504988,0.13489758483644146,0.4518083854282366,0.48979591836734687,0.7491491491491491,0.6142857142857143
SHP100332,2025-04-11 18:58:32.927439,WH-Mumbai,North,Carrier A,Rail,1160.6,481.9,128,662,10209.34,1.2,0,0.6701091421194695,0.3634974014062977,0.5625782945060207,0.4081632653061224,0.13173173173173172,0.6142857142857143
SHP100438,2025-05-13 23:17:57.898248,WH-Chennai,South,Carrier C,Road,301.6,335.6,102,600,5215.65,1.3,0,0.1660603215585025,0.251681442983797,0.29242851341788206,0.4489795918367347,0.11931931931931931,0.24285714285714285
SHP101058,2025-11-18 04:39:49.991659,WH-Mumbai,East,Carrier C,Road,977.3,122.6,122,3742,12453.97,1.0,0,0.5625513437389977,0.08888719046163251,0.6840088004292695,0.32653061224489793,0.7483483483483484,0.5285714285714286
SHP100150,2025-02-15 12:54:38.732276,WH-Chennai,West,Carrier A,Road,803.5,68.5,123,52,9844.8,0.8,0,0.46056800844971246,0.04753897890553348,0.5428573264047027,0.2448979591836735,0.00960960960960961,0.5428571428571428
SHP100037,2025-01-12 05:35:04.753961,WH-Bengaluru,Central,Carrier A,Rail,394.7,93.8,115,3761,3262.99,1.3,0,0.22069005985213,0.06687557321919901,0.18679306717681296,0.4489795918367347,0.7521521521521521,0.42857142857142855
SHP100556,2025-06-18 19:03:21.167639,WH-Kolkata,South,Carrier D,Air,518.6,215.3,118,1553,18295.03375,0.2,0,0.29339279427297266,0.15973708346071536,1.0,0.0,0.31011011011011014,0.4714285714285714
SHP100925,2025-10-08 19:36:58.849040,WH-Mumbai,Central,Carrier A,Sea,314.6,148.6,114,2657,1289.25,1.5,0,0.17368853420959982,0.10875878936105164,0.08001723028567585,0.5306122448979592,0.5311311311311311,0.4142857142857143
SHP100750,2025-08-16 16:33:13.661384,WH-Mumbai,South,Carrier C,Road,496.8,187.0,113,4316,6340.33,0.8,0,0.280600868442671,0.138107612350963,0.35327170868915597,0.2448979591836735,0.8632632632632633,0.4
SHP101160,2025-12-19 03:50:35.529608,WH-Chennai,Central,Carrier A,Sea,60.8,303.0,114,3044,1945.2,1.3,0,0.02476235183663889,0.22676551513298682,0.11550296306139168,0.4489795918367347,0.6086086086086087,0.4142857142857143
SHP100981,2025-10-25 19:38:10.909090,WH-Mumbai,South,Carrier D,Road,232.1,162.2,110,1984,3137.88,1.2,0,0.12527872315455932,0.11915316416997858,0.18002483784901388,0.4081632653061224,0.3963963963963964,0.35714285714285715
SHP100954,2025-10-17 14:54:44.737281,WH-Mumbai,South,Carrier C,Rail,920.6,216.7,131,4820,7837.37,1.0,0,0.5292806008684426,0.16080709263222254,0.4342589202061278,0.32653061224489793,0.9641641641641642,0.6571428571428571
SHP101105,2025-12-02 11:06:33.327773,WH-Kolkata,East,Carrier B,Sea,695.7,206.6,117,2264,3813.04,2.3,1,0.3973125220044596,0.15308774075206358,0.21654979758809814,0.857142857142857,0.45245245245245247,0.45714285714285713
SHP100724,2025-08-08 19:06:57.347789,WH-Mumbai,South,Carrier A,Rail,932.2,77.3,133,3097,6808.41,0.5,0,0.5360873136955756,0.054264750840721486,0.378594007336396,0.12244897959183672,0.6192192192192192,0.6857142857142857
SHP100821,2025-09-07 05:51:53.594662,WH-Mumbai,East,Carrier B,Road,190.8,53.7,135,3997,2036.34,0.6,0,0.1010444783476118,0.03622745337817181,0.12043347557786205,0.16326530612244897,0.7993993993993994,0.7142857142857143
SHP100409,2025-05-05 04:00:12.010008,WH-Chennai,North,Carrier A,Road,337.0,10.5,131,2422,3883.98,1.5,1,0.18683253139302897,0.003210027514521553,0.22038752589530033,0.5306122448979592,0.4840840840840841,0.6571428571428571
SHP100143,2025-02-13 09:54:29.724770,WH-Mumbai,North,Carrier A,Road,282.7,96.0,117,347,3082.0,0.3,0,0.15497007393498413,0.06855701620299602,0.1770018288582265,0.040816326530612235,0.06866866866866866,0.45714285714285713
SHP100717,2025-08-06 16:06:48.340283,WH-Mumbai,South,Carrier B,Sea,502.7,180.6,128,757,2117.48,0.9,0,0.2840629034150921,0.13321614185264444,0.12482300581251651,0.2857142857142857,0.15075075075075076,0.6142857142857143
SHP100526,2025-06-09 16:28:25.421184,WH-Bengaluru,South,Carrier A,Sea,537.0,368.1,119,1651,3024.6,1.1,0,0.304189649102218,0.2765209416080709,0.17389659056060305,0.3673469387755102,0.32972972972972975,0.4857142857142857
SHP100583,2025-06-26 23:46:47.339449,WH-Chennai,East,Carrier D,Air,540.5,215.3,104,4775,18295.03375,0.2,0,0.30624339866212885,0.15973708346071536,1.0,0.0,0.9551551551551551,0.2714285714285714
SHP100975,2025-10-23 23:55:11.759799,WH-Delhi,South,Carrier C,Sea,254.2,361.6,101,4511,1398.17,1.4,1,0.1382466846614247,0.2715530418832161,0.08590960929921494,0.48979591836734687,0.9023023023023024,0.22857142857142856
SHP100566,2025-06-21 19:54:59.749791,WH-Mumbai,West,Carrier D,Road,478.9,67.4,123,3496,6640.32,1.0,0,0.2700974064076986,0.04669825741363498,0.369500636161352,0.32653061224489793,0.6990990990990991,0.5428571428571428
SHP100942,2025-10-13 23:28:46.438698,WH-Chennai,East,Carrier B,Air,446.1,60.1,123,3260,18295.03375,1.0,0,0.2508508391033916,0.04111892387649037,1.0,0.32653061224489793,0.6518518518518519,0.5428571428571428
SHP100208,2025-03-05 03:30:10.508757,WH-Chennai,North,Carrier C,Road,434.5,178.8,146,4759,4926.88,0.7,0,0.24404412627625863,0.13184041577499234,0.27680656806588355,0.20408163265306117,0.9519519519519519,0.8714285714285714
SHP100856,2025-09-17 20:52:38.632193,WH-Delhi,East,Carrier C,Road,715.2,371.3,122,2121,9074.09,2.0,1,0.4087548409811055,0.2789666768572302,0.5011632809628673,0.7346938775510203,0.42382382382382383,0.5285714285714286
SHP100440,2025-05-14 13:52:17.614678,WH-Bengaluru,East,Carrier A,Sea,1211.3,125.4,113,1584,6228.78,2.0,1,0.699859171458749,0.0910272088046469,0.34723705133549926,0.7346938775510203,0.3163163163163163,0.4
SHP100131,2025-02-09 18:28:31.426188,WH-Bengaluru,North,Carrier A,Sea,286.8,45.0,123,1568,1613.72,1.1,0,0.15737589484802253,0.029578110669520024,0.09757048238375728,0.3673469387755102,0.31311311311311313,0.5428571428571428
SHP100380,2025-04-26 08:42:26.121768,WH-Kolkata,South,Carrier B,Road,438.8,519.1,120,3454,6507.42,1.7,0,0.2465673043070062,0.3919290736777744,0.3623109816360183,0.6122448979591836,0.6906906906906907,0.5
SHP100174,2025-02-22 19:46:35.329441,WH-Kolkata,Central,Carrier D,Rail,775.5,186.2,110,3107,5444.79,0.5,0,0.44413801197042596,0.13749617853867316,0.3048245814234123,0.12244897959183672,0.6212212212212213,0.35714285714285715
SHP100533,2025-06-11 19:28:34.428690,WH-Mumbai,East,Carrier C,Road,1102.9,281.1,109,4096,13502.65,1.3,0,0.6362516136603686,0.21002751452155305,0.7407405303587423,0.4489795918367347,0.8192192192192193,0.34285714285714286
SHP100703,2025-08-02 10:06:30.325271,WH-Bengaluru,Central,Carrier D,Road,1141.0,69.0,108,1401,13776.28,1.5,1,0.6586081445839691,0.047921125038214614,0.7555434285360716,0.5306122448979592,0.27967967967967966,0.32857142857142857
SHP100270,2025-03-23 23:14:21.718098,WH-Kolkata,West,Carrier C,Rail,302.3,447.9,103,3685,2527.84,0.2,0,0.16647107147048468,0.3375114643839804,0.14702275472911497,0.0,0.736936936936937,0.2571428571428571
SHP100407,2025-05-04 13:25:52.293577,WH-Delhi,West,Carrier D,Sea,91.3,23.4,125,3116,260.18,0.6,0,0.04265931228729022,0.013069397737694891,0.02434636661084406,0.16326530612244897,0.623023023023023,0.5714285714285714
SHP101035,2025-11-11 05:05:03.252710,WH-Bengaluru,West,Carrier D,Air,485.6,38.2,110,2940,18295.03375,1.1,0,0.2740288698509565,0.02438092326505656,1.0,0.3673469387755102,0.5877877877877878,0.35714285714285715
SHP100123,2025-02-07 08:11:12.560467,WH-Kolkata,East,Carrier C,Rail,216.3,231.7,112,2923,2167.46,0.7,0,0.11600751085553339,0.17227147661265665,0.12752683525703254,0.20408163265306117,0.5843843843843843,0.38571428571428573
SHP100138,2025-02-11 21:28:40.433694,WH-Bengaluru,South,Carrier D,Road,708.8,244.2,101,2723,8666.1,0.4,0,0.4049994132144114,0.18182512992968508,0.4790917448470593,0.08163265306122448,0.5443443443443443,0.22857142857142856
SHP100879,2025-09-24 20:27:25.371142,WH-Bengaluru,Central,Carrier D,Sea,938.5,114.8,107,3385,5146.08,1.7,1,0.5397840629034151,0.08292571079180679,0.2886648996832887,0.6122448979591836,0.6768768768768769,0.3142857142857143
SHP100051,2025-01-16 11:35:22.768974,WH-Kolkata,Central,Carrier D,Road,347.1,37.5,130,1955,4110.38,1.0,0,0.19275906583734304,0.023845918679302962,0.23263536475561294,0.32653061224489793,0.3905905905905906,0.6428571428571429
SHP100732,2025-08-11 05:24:16.213511,WH-Delhi,West,Carrier B,Road,117.3,85.5,111,1305,976.27,0.2,0,0.057915737589484796,0.06053194741669214,0.0630855668294009,0.0,0.26046046046046045,0.37142857142857144
SHP100624,2025-07-09 10:30:31.526271,WH-Mumbai,Central,Carrier B,Road,391.5,97.1,119,1179,5058.51,0.2,0,0.218812345968783,0.06939773769489452,0.2839275178414266,0.0,0.23523523523523523,0.4857142857142857
SHP100777,2025-08-24 21:16:39.833194,WH-Delhi,Central,Carrier D,Road,361.1,38.7,119,4025,4601.47,0.5,0,0.20097406407698626,0.0247630693977377,0.2592024636333114,0.12244897959183672,0.805005005005005,0.4857142857142857
SHP100275,2025-03-25 11:40:11.009174,WH-Mumbai,East,Carrier B,Air,329.9,518.0,124,1486,18295.03375,0.3,0,0.18266635371435275,0.39108835218587584,1.0,0.040816326530612235,0.2966966966966967,0.5571428571428572
SHP100784,2025-08-27 00:16:48.840700,WH-Chennai,North,Carrier B,Road,350.4,201.9,122,653,5221.39,0.5,0,0.19469545827954463,0.1494955671048609,0.29273903724764444,0.12244897959183672,0.12992992992992994,0.5285714285714286
SHP100182,2025-02-25 06:03:54.195162,WH-Bengaluru,North,Carrier C,Sea,423.0,110.4,113,1896,2671.42,0.8,0,0.23729609200798027,0.07956282482421279,0.15479017833142808,0.2448979591836735,0.3787787787787788,0.4
SHP100617,2025-07-07 07:30:22.518765,WH-Kolkata,South,Carrier C,Rail,634.3,201.2,109,269,4907.84,1.9,1,0.3612838868677385,0.14896056251910728,0.275776537801306,0.693877551020408,0.05305305305305305,0.34285714285714286
SHP100690,2025-07-29 11:23:22.168473,WH-Kolkata,West,Carrier D,Road,199.4,185.1,129,420,2973.09,0.9,0,0.10609083440910691,0.13665545704677468,0.1711099908269692,0.2857142857142857,0.08328328328328329,0.6285714285714286
SHP100240,2025-03-14 20:39:25.971643,WH-Mumbai,South,Carrier B,Road,516.2,188.4,120,624,6864.51,0.7,0,0.2919845088604624,0.13917762152247018,0.38162891793738335,0.20408163265306117,0.12412412412412413,0.5
SHP100458,2025-05-20 01:01:15.062552,WH-Mumbai,West,Carrier C,Road,343.7,128.8,151,232,4449.23,0.2,0,0.19076399483628678,0.09362580250687863,0.25096654937494567,0.0,0.04564564564564565,0.9428571428571428
SHP100681,2025-07-26 17:48:53.444537,WH-Bengaluru,East,Carrier D,Rail,185.0,160.2,113,3834,1294.21,0.2,0,0.0976411219340453,0.11762457963925403,0.08028555749745656,0.0,0.7667667667667668,0.4
SHP100465,2025-05-22 04:01:24.070058,WH-Mumbai,South,Carrier D,Road,562.9,309.0,112,2850,6507.42,0.8,0,0.319387395845558,0.23135126872516049,0.3623109816360183,0.2448979591836735,0.5697697697697698,0.38571428571428573
SHP100145,2025-02-14 00:28:49.441201,WH-Chennai,North,Carrier B,Sea,644.3,59.1,113,1813,2691.03,2.0,1,0.36715174275319795,0.040354631611128094,0.15585104458606913,0.7346938775510203,0.3621621621621622,0.4
SHP100206,2025-03-04 12:55:50.792326,WH-Kolkata,Central,Carrier B,Sea,420.0,266.1,123,964,3066.05,1.0,0,0.23553573524234242,0.19856313054111893,0.1761389621187301,0.32653061224489793,0.1921921921921922,0.5428571428571428
SHP101063,2025-11-19 17:05:39.282735,WH-Kolkata,South,Carrier C,Rail,326.1,200.6,128,3183,2920.14,0.2,0,0.18043656847787817,0.1485019871598899,0.16824548964475386,0.0,0.6364364364364364,0.6142857142857143
SHP100324,2025-04-09 08:41:14.061718,WH-Bengaluru,South,Carrier C,Road,368.8,587.7,112,1918,5561.01,0.3,0,0.20549231310879004,0.44435952308162646,0.31111187750267705,0.040816326530612235,0.3831831831831832,0.38571428571428573
SHP100657,2025-07-19 10:56:56.847372,WH-Delhi,South,Carrier B,Road,484.6,64.3,118,150,5775.99,0.3,0,0.2734420842624105,0.04432895139101192,0.32274191459715584,0.040816326530612235,0.02922922922922923,0.4714285714285714
SHP101121,2025-12-07 07:41:11.059216,WH-Mumbai,South,Carrier B,Road,590.9,135.0,120,442,7503.09,1.4,1,0.3358173923248445,0.09836441455212472,0.4161749644895849,0.48979591836734687,0.08768768768768768,0.5
SHP100714,2025-08-05 18:15:18.765638,WH-Mumbai,West,Carrier A,Rail,1158.6,236.4,117,1964,8790.34,2.5,1,0.6689355709423777,0.17586365025985937,0.4858129087163404,0.9387755102040815,0.3923923923923924,0.45714285714285713
SHP101132,2025-12-10 15:49:59.499582,WH-Kolkata,East,Carrier C,Sea,288.9,280.9,124,4602,1108.99,1.1,0,0.158608144583969,0.20987465606848055,0.07026548367366191,0.3673469387755102,0.9205205205205205,0.5571428571428572
SHP100079,2025-01-24 23:35:58.798999,WH-Kolkata,Central,Carrier D,Rail,500.4,83.6,139,4090,4675.47,0.2,0,0.2827132965614364,0.05907979211250382,0.2632057325187493,0.0,0.818018018018018,0.7714285714285715
SHP101117,2025-12-06 02:32:31.626355,WH-Delhi,West,Carrier C,Sea,726.2,193.8,116,4016,3151.46,2.4,1,0.4152094824551109,0.14330479975542645,0.1807594917877199,0.8979591836734692,0.8032032032032032,0.44285714285714284
SHP100687,2025-07-28 13:31:52.593828,WH-Kolkata,North,Carrier A,Road,658.1,332.9,121,2882,8785.99,1.5,1,0.375249383875132,0.24961785386731883,0.48557758142375046,0.5306122448979592,0.5761761761761762,0.5142857142857142
SHP100166,2025-02-20 09:29:16.463719,WH-Bengaluru,Central,Carrier D,Road,375.4,178.1,107,2824,5230.49,1.2,0,0.20936509799319325,0.13130541118923875,0.29323133112409694,0.4081632653061224,0.5645645645645646,0.3142857142857143
SHP100229,2025-03-11 12:30:37.531276,WH-Kolkata,West,Carrier B,Road,187.1,623.1,99,5,18295.03375,0.2,0,0.09887337166999179,0.47141546927545097,1.0,0.0,0.0002002002002002002,0.2
SHP101179,2025-12-24 22:16:42.835696,WH-Chennai,Central,Carrier B,Road,260.7,354.4,117,4965,4281.92,0.4,0,0.14206079098697336,0.2660501375726077,0.2419153748178834,0.08163265306122448,0.9931931931931932,0.45714285714285713
SHP101086,2025-11-26 16:40:26.021684,WH-Mumbai,North,Carrier B,Road,881.8,500.4,123,4728,11954.91,0.5,0,0.50651332003286,0.3776368083154998,0.6570105386729638,0.12244897959183672,0.9457457457457458,0.5428571428571428
SHP100740,2025-08-13 15:41:35.079232,WH-Chennai,South,Carrier B,Road,430.4,197.5,134,4273,5878.38,1.5,1,0.24163830536322026,0.14613268113726688,0.3282810321806692,0.5306122448979592,0.8546546546546546,0.7
SHP100100,2025-01-31 08:36:25.821517,WH-Delhi,South,Carrier D,Rail,822.5,297.2,126,1238,6521.87,0.7,0,0.4717169346320854,0.22233261999388562,0.3630927010332423,0.20408163265306117,0.24704704704704705,0.5857142857142857
SHP100290,2025-03-30 00:57:38.882402,WH-Bengaluru,South,Carrier D,Road,235.1,94.4,138,1438,3109.04,0.6,0,0.12703907992019717,0.0673341485784164,0.17846464494825676,0.16326530612244897,0.2870870870870871,0.7571428571428571
SHP100444,2025-05-15 19:00:57.047539,WH-Delhi,Central,Carrier C,Road,150.6,292.7,128,4615,2226.72,0.9,0,0.07745569768806478,0.21889330479975538,0.13073269625907372,0.2857142857142857,0.9231231231231232,0.6142857142857143
SHP100878,2025-09-24 13:10:15.512927,WH-Chennai,West,Carrier A,Sea,742.2,65.4,129,2810,2735.38,1.7,0,0.424598051871846,0.045169672882910426,0.15825030100592277,0.6122448979591836,0.5617617617617617,0.6285714285714286
SHP100739,2025-08-13 08:24:25.221017,WH-Chennai,Central,Carrier B,Air,580.9,476.1,113,4132,18295.03375,0.2,0,0.329949536439385,0.35906450626719655,1.0,0.0,0.8264264264264264,0.4
SHP100391,2025-04-29 16:51:14.562135,WH-Delhi,East,Carrier D,Road,724.9,125.0,107,4370,9178.38,0.7,0,0.4144466611900011,0.09072149189850198,0.5068051851799257,0.20408163265306117,0.8740740740740741,0.3142857142857143
SHP100086,2025-01-27 02:36:07.806505,WH-Delhi,West,Carrier B,Road,145.6,126.1,108,334,1140.53,0.2,0,0.07452176974533506,0.09156221339040048,0.07197174179050934,0.0,0.06606606606606606,0.32857142857142857
SHP100666,2025-07-22 04:31:25.571309,WH-Kolkata,South,Carrier B,Road,176.5,153.2,130,3661,2551.09,1.6,1,0.09265344443140476,0.1122745337817181,0.148280538534337,0.5714285714285714,0.7321321321321321,0.6428571428571429
SHP101103,2025-12-01 20:32:13.611342,WH-Bengaluru,South,Carrier B,Rail,548.7,134.4,110,1724,4425.35,0.7,0,0.3110550404882056,0.09790583919290735,0.24967468368596926,0.20408163265306117,0.34434434434434436,0.35714285714285715
SHP100475,2025-05-25 04:53:02.652210,WH-Chennai,South,Carrier C,Road,241.2,35.7,122,1178,2878.4,0.2,0,0.13061847201032742,0.02247019260165087,0.16598742960045418,0.0,0.23503503503503503,0.5285714285714286
SHP100044,2025-01-14 08:35:13.761467,WH-Delhi,North,Carrier D,Air,469.5,232.4,103,4562,18295.03375,0.2,0,0.2645816218753667,0.17280648119841024,1.0,0.0,0.9125125125125125,0.2571428571428571
SHP100788,2025-08-28 05:25:28.273561,WH-Bengaluru,South,Carrier D,Air,1100.8,425.6,126,3162,18295.03375,0.5,0,0.635019363924422,0.3204677468664017,1.0,0.12244897959183672,0.6322322322322322,0.5857142857142857
SHP101002,2025-11-01 04:38:37.931609,WH-Mumbai,North,Carrier B,Road,492.9,315.6,116,493,6313.54,0.6,0,0.2783124046473418,0.2363955976765515,0.3518224171561711,0.16326530612244897,0.09789789789789789,0.44285714285714284
SHP100024,2025-01-08 06:51:56.597164,WH-Mumbai,South,Carrier C,Road,731.4,476.9,101,954,9220.71,0.4,0,0.4182607675155498,0.35967594007948633,0.5090951631788525,0.08163265306122448,0.19019019019019018,0.22857142857142856
SHP100832,2025-09-10 14:00:42.035029,WH-Bengaluru,Central,Carrier A,Road,421.1,197.5,105,4054,4661.56,0.4,0,0.23618119938974297,0.14613268113726688,0.2624532261647433,0.08163265306122448,0.8108108108108109,0.2857142857142857
SHP100591,2025-06-29 10:04:06.205170,WH-Kolkata,North,Carrier B,Road,620.0,133.4,114,1269,7328.73,0.6,0,0.3528928529515315,0.09714154692754509,0.40674239742384233,0.16326530612244897,0.25325325325325326,0.4142857142857143
SHP100973,2025-10-23 09:20:52.043369,WH-Bengaluru,East,Carrier C,Rail,731.6,283.4,138,4399,4983.6,0.4,0,0.418378124633259,0.21178538673188624,0.2798750195683435,0.08163265306122448,0.8798798798798799,0.7571428571428571
SHP101056,2025-11-17 14:05:30.275229,WH-Mumbai,West,Carrier B,Sea,395.0,234.4,121,2764,2299.03,0.8,0,0.2208660955286938,0.1743350657291348,0.13464453913888472,0.2448979591836735,0.5525525525525525,0.5142857142857142
SHP100109,2025-02-03 02:10:54.545454,WH-Kolkata,North,Carrier D,Road,269.6,330.5,118,1598,4042.16,0.2,0,0.1472831827250323,0.2477835524304494,0.22894478362906467,0.0,0.3191191191191191,0.4714285714285714
SHP100222,2025-03-09 09:30:28.523769,WH-Chennai,South,Carrier A,Sea,279.5,115.3,123,1099,1739.15,0.6,0,0.15309236005163712,0.08330785692448792,0.10435602314457448,0.16326530612244897,0.21921921921921922,0.5428571428571428
SHP101052,2025-11-16 08:56:50.842368,WH-Chennai,East,Carrier C,Road,974.5,222.0,115,254,13125.68,2.0,1,0.560908344091069,0.1648578416386426,0.7203471212811272,0.7346938775510203,0.05005005005005005,0.42857142857142855
SHP100722,2025-08-08 04:32:37.631359,WH-Delhi,West,Carrier A,Road,225.2,613.0,105,1239,4202.45,0.9,0,0.1212299025935923,0.463696117395292,0.23761618862429218,0.2857142857142857,0.24724724724724725,0.2857142857142857
SHP100055,2025-01-17 16:44:02.201834,WH-Bengaluru,Central,Carrier B,Road,824.7,196.9,117,4927,10381.67,1.3,0,0.4730078629268865,0.1456741057780495,0.5719010421685545,0.4489795918367347,0.9855855855855856,0.45714285714285713
SHP100253,2025-03-18 19:22:34.128440,WH-Delhi,Central,Carrier C,Sea,723.3,330.4,110,4244,4280.69,1.3,0,0.4135078042483276,0.24770712320391314,0.24184883399722,0.4489795918367347,0.8488488488488488,0.35714285714285715
SHP101072,2025-11-22 10:40:08.006672,WH-Mumbai,East,Carrier D,Road,715.4,82.7,124,454,8279.22,0.5,0,0.40887219809881464,0.058391929073677774,0.4581622223281646,0.12244897959183672,0.09009009009009009,0.5571428571428572
SHP100642,2025-07-14 21:39:28.974145,WH-Bengaluru,West,Carrier D,Road,1589.7,372.1,109,4899,18295.03375,2.2,1,0.9218988381645348,0.27957811066952004,1.0,0.8163265306122448,0.97997997997998,0.34285714285714286
SHP100545,2025-06-15 10:54:32.727272,WH-Chennai,North,Carrier A,Sea,591.1,190.1,111,3069,3263.69,0.9,0,0.3359347494425537,0.14047691837358603,0.1868309359365401,0.2857142857142857,0.6136136136136137,0.37142857142857144
SHP100477,2025-05-25 19:27:22.368640,WH-Mumbai,East,Carrier C,Rail,469.9,145.2,112,4873,3845.61,2.6500000000000004,0,0.2648163361107851,0.10616019565881991,0.21831177687997264,1.0,0.9747747747747748,0.38571428571428573
SHP100949,2025-10-16 02:28:55.446205,WH-Kolkata,South,Carrier C,Road,934.0,194.1,131,617,11777.67,0.6,0,0.5371435277549583,0.14353408743503512,0.6474221687100582,0.16326530612244897,0.12272272272272272,0.6571428571428571
SHP100843,2025-09-13 22:09:30.475396,WH-Mumbai,West,Carrier D,Road,371.9,365.6,109,2757,5392.75,0.2,0,0.20731134843328244,0.27461021094466526,0.3020093096288422,0.0,0.5511511511511511,0.34285714285714286
SHP100063,2025-01-20 03:01:21.067556,WH-Kolkata,South,Carrier D,Road,608.8,171.0,122,1283,7563.41,0.8,0,0.34632085435981685,0.1258789361051666,0.41943816961349856,0.2448979591836735,0.2560560560560561,0.5285714285714286
SHP100413,2025-05-06 09:08:51.442869,WH-Kolkata,Central,Carrier D,Road,576.3,214.3,130,4029,8186.77,0.7,0,0.32725032273207366,0.1589727911953531,0.4531608411327764,0.20408163265306117,0.8058058058058059,0.6428571428571429
SHP100384,2025-04-27 13:51:05.554628,WH-Delhi,South,Carrier A,Road,1071.7,160.9,104,506,13108.4,1.3,0,0.6179439032977351,0.11815958422500764,0.7194123038981493,0.4489795918367347,0.1005005005005005,0.2714285714285714
SHP100974,2025-10-23 16:38:01.901584,WH-Kolkata,West,Carrier B,Air,684.6,112.8,145,3558,18295.03375,1.3,0,0.39079920197159956,0.08139712626108223,1.0,0.4489795918367347,0.7115115115115115,0.8571428571428571
SHP100884,2025-09-26 08:53:14.662218,WH-Mumbai,South,Carrier B,Road,1066.0,219.6,111,562,13271.72,0.9,0,0.6145992254430231,0.16302354020177312,0.728247626524767,0.2857142857142857,0.11171171171171171,0.37142857142857144
SHP100451,2025-05-17 22:01:06.055045,WH-Mumbai,South,Carrier D,Rail,617.7,94.4,139,1934,4218.67,0.2,0,0.35154324609787585,0.0673341485784164,0.23849366188539764,0.0,0.3863863863863864,0.7714285714285715
SHP100656,2025-07-19 03:39:46.989157,WH-Bengaluru,East,Carrier D,Road,430.9,281.4,126,3892,6004.29,0.9,0,0.2419316981574932,0.2102568022011617,0.3350925400910135,0.2857142857142857,0.7783783783783784,0.5857142857142857
SHP100369,2025-04-23 00:33:37.681401,WH-Bengaluru,South,Carrier B,Road,191.9,89.9,146,3476,2176.76,0.2,0,0.10168994249501233,0.06389483338428616,0.12802994877912136,0.0,0.6950950950950952,0.8714285714285714
SHP100689,2025-07-29 04:06:12.310258,WH-Chennai,North,Carrier B,Road,310.3,197.5,117,284,3879.4,1.0,0,0.17116535617885223,0.14613268113726688,0.22013975601022864,0.32653061224489793,0.056056056056056056,0.45714285714285713
SHP100219,2025-03-08 11:38:58.949124,WH-Chennai,North,Carrier B,Road,1431.8,158.5,130,2922,17306.87,2.0,1,0.8292453937331299,0.11632528278813817,0.9465420919717216,0.7346938775510203,0.5841841841841842,0.6428571428571429
SHP101148,2025-12-15 12:24:37.231025,WH-Kolkata,West,Carrier B,Air,276.6,40.4,104,130,15412.21,0.2,0,0.15139068184485388,0.02606236624885356,0.8440443429651847,0.0,0.025225225225225224,0.2714285714285714
SHP100021,2025-01-07 09:00:27.022518,WH-Chennai,West,Carrier B,Sea,203.1,170.9,144,91,1631.85,1.3,0,0.1082619410867269,0.12580250687863037,0.09855128326068956,0.4489795918367347,0.017417417417417418,0.8428571428571429
SHP100760,2025-08-19 17:24:52.243536,WH-Chennai,East,Carrier C,Rail,396.5,500.2,102,1462,3613.96,0.2,0,0.22174627391151272,0.37748394986242734,0.20577992232170664,0.0,0.2918918918918919,0.24285714285714285
SHP100420,2025-05-08 12:09:00.450375,WH-Delhi,East,Carrier C,Sea,246.0,128.8,105,2201,1494.97,0.2,0,0.13343504283534796,0.09362580250687863,0.09114631778719312,0.0,0.4398398398398398,0.2857142857142857
SHP100199,2025-03-02 09:55:41.784820,WH-Kolkata,South,Carrier B,Road,555.7,160.2,155,578,6689.08,1.1,0,0.31516253960802726,0.11762457963925403,0.3721384657674865,0.3673469387755102,0.11491491491491491,1.0
SHP100450,2025-05-17 14:43:56.196830,WH-Kolkata,East,Carrier B,Air,628.0,317.2,120,3729,18295.03375,0.8,0,0.357587137659899,0.23761846530113112,1.0,0.2448979591836735,0.7457457457457457,0.5
SHP101019,2025-11-06 08:30:25.521267,WH-Chennai,Central,Carrier B,Road,486.3,198.8,126,3735,6608.32,1.3,0,0.2744396197629386,0.14712626108223784,0.367769492859541,0.4489795918367347,0.746946946946947,0.5857142857142857
SHP100911,2025-10-04 13:36:40.834028,WH-Chennai,East,Carrier C,Rail,517.0,283.4,113,982,3777.19,0.7,0,0.2924539373312991,0.21178538673188624,0.21461037610778802,0.20408163265306117,0.19579579579579579,0.4
SHP100696,2025-07-31 07:06:21.317764,WH-Bengaluru,Central,Carrier A,Road,691.4,182.2,133,4623,8729.72,1.9,1,0.39478934397371196,0.13443900947722406,0.4825334741239722,0.693877551020408,0.9247247247247248,0.6857142857142857
SHP100811,2025-09-04 05:00:15.012510,WH-Kolkata,West,Carrier D,Road,103.0,199.5,103,798,2418.43,1.3,0,0.049524703673277784,0.14766126566799143,0.1411038675837669,0.4489795918367347,0.15895895895895895,0.2571428571428571
SHP101195,2025-12-29 18:51:20.567139,WH-Delhi,Central,Carrier A,Air,675.8,43.1,132,4733,18295.03375,0.8,0,0.38563548879239523,0.028125955365331703,1.0,0.2448979591836735,0.9467467467467467,0.6714285714285714
SHP100910,2025-10-04 06:19:30.975813,WH-Kolkata,West,Carrier C,Rail,281.3,423.6,128,3603,4391.2,1.6,1,0.15414857411101981,0.31893916233567715,0.24782722919356784,0.5714285714285714,0.7205205205205205,0.6142857142857143
SHP101049,2025-11-15 11:05:21.267723,WH-Delhi,East,Carrier C,Sea,410.2,181.5,116,1302,1947.14,0.8,0,0.22978523647459215,0.13390400489147047,0.11560791362406397,0.2448979591836735,0.2598598598598599,0.44285714285714284
SHP100505,2025-06-03 07:27:58.398665,WH-Delhi,South,Carrier B,Road,1671.8,102.1,122,1617,18295.03375,1.4,0,0.9700739349841568,0.0732191990217059,1.0,0.48979591836734687,0.3229229229229229,0.5285714285714286
SHP100405,2025-05-03 22:51:32.577147,WH-Kolkata,South,Carrier B,Rail,152.4,95.4,135,758,1360.1,2.2,1,0.07851191174744748,0.06809844084377867,0.08385008975234169,0.8163265306122448,0.15095095095095096,0.7142857142857143
SHP100317,2025-04-07 05:41:05.054211,WH-Bengaluru,East,Carrier B,Sea,670.4,269.0,139,4945,4062.24,1.1,0,0.3824668466142471,0.2007795781106695,0.23003107605095105,0.3673469387755102,0.9891891891891892,0.7714285714285715
SHP100183,2025-02-25 13:21:04.053377,WH-Chennai,Central,Carrier D,Rail,765.8,200.1,128,3324,5515.16,1.0,0,0.43844619176153027,0.1481198410272088,0.30863147374055094,0.32653061224489793,0.6646646646646647,0.6142857142857143
SHP101137,2025-12-12 04:15:48.790658,WH-Delhi,South,Carrier C,Road,1001.3,268.0,126,3573,12191.75,2.1,1,0.5766341978641004,0.20001528584530723,0.6698231630354922,0.7755102040816326,0.7145145145145145,0.5857142857142857
SHP100609,2025-07-04 21:13:03.653044,WH-Kolkata,Central,Carrier D,Road,913.8,113.1,119,3158,11139.37,1.5,0,0.5252904588663302,0.08162641394069091,0.6128912696617476,0.5306122448979592,0.6314314314314314,0.4857142857142857
SHP100626,2025-07-10 01:04:51.242702,WH-Kolkata,South,Carrier D,Road,851.0,394.7,135,16,11274.38,1.5,0,0.48844032390564485,0.29685111586670737,0.6201950714485444,0.5306122448979592,0.0024024024024024023,0.7142857142857143
SHP100485,2025-05-28 05:44:41.234361,WH-Chennai,Central,Carrier B,Sea,315.9,55.0,125,2688,1229.85,0.2,0,0.1744513554747095,0.03722103332314277,0.07680379553168923,0.0,0.5373373373373374,0.5714285714285714
SHP100278,2025-03-26 09:31:40.583819,WH-Bengaluru,North,Carrier A,Sea,670.2,252.6,122,343,3309.78,2.6500000000000004,0,0.38234948949653796,0.1882451849587282,0.1893243232734297,1.0,0.06786786786786787,0.5285714285714286
SHP100630,2025-07-11 06:13:30.675562,WH-Kolkata,South,Carrier A,Road,729.2,52.7,110,2693,6507.42,1.1,0,0.41696983922074876,0.03546316111280954,0.3623109816360183,0.3673469387755102,0.5383383383383383,0.35714285714285715
SHP100020,2025-01-07 01:43:17.164303,WH-Bengaluru,West,Carrier A,Rail,764.6,220.5,108,4248,5347.13,0.6,0,0.4377420490552752,0.16371140324059918,0.29954134845919794,0.16326530612244897,0.8496496496496496,0.32857142857142857
SHP100170,2025-02-21 14:37:55.896580,WH-Chennai,South,Carrier D,Road,674.5,135.7,130,2733,8631.45,1.2,0,0.3848726675272855,0.0988994191378783,0.47721724124056714,0.4081632653061224,0.5463463463463464,0.6428571428571429
SHP100901,2025-10-01 12:45:02.251876,WH-Kolkata,South,Carrier D,Air,380.0,41.9,105,357,18295.03375,0.7,0,0.2120643117005046,0.027208804646896973,1.0,0.20408163265306117,0.07067067067067068,0.2857142857142857
SHP101039,2025-11-12 10:13:42.685571,WH-Mumbai,West,Carrier B,Road,512.6,492.7,129,4355,18295.03375,1.4,1,0.28987208074169696,0.37175175787221026,1.0,0.48979591836734687,0.8710710710710711,0.6285714285714286
SHP100176,2025-02-23 10:20:55.045871,WH-Bengaluru,West,Carrier B,Road,576.1,127.8,119,3330,7204.08,1.4,1,0.3271329656143645,0.09286151024151634,0.3999990532810068,0.48979591836734687,0.6658658658658658,0.4857142857142857
SHP100327,2025-04-10 06:32:43.636363,WH-Chennai,North,Carrier B,Air,784.3,215.3,130,4405,18295.03375,0.2,0,0.4493017251496303,0.15973708346071536,1.0,0.0,0.8810810810810811,0.6428571428571429
SHP100706,2025-08-03 07:57:59.899916,WH-Chennai,Central,Carrier C,Road,328.5,255.8,135,4522,3941.83,1.0,0,0.18184485389038843,0.19069092020788747,0.22351710839560546,0.32653061224489793,0.9045045045045045,0.7142857142857143
SHP100470,2025-05-23 16:27:13.361134,WH-Bengaluru,South,Carrier D,Road,1024.9,286.1,132,2715,12888.77,1.0,0,0.5904823377537848,0.2138489758483644,0.7075307100426261,0.32653061224489793,0.5427427427427427,0.6714285714285714
SHP101130,2025-12-10 01:15:39.783152,WH-Mumbai,Central,Carrier A,Road,811.7,52.4,124,3331,10260.84,1.7,1,0.4653796502757892,0.035233873433200856,0.5653643532573727,0.6122448979591836,0.6660660660660661,0.5571428571428572
SHP100266,2025-03-22 18:05:42.285237,WH-Kolkata,East,Carrier C,Air,449.2,297.6,131,3010,18295.03375,0.3,0,0.252669874427884,0.22263833690003057,1.0,0.040816326530612235,0.6018018018018018,0.6571428571428571
SHP100615,2025-07-06 16:56:02.802335,WH-Kolkata,Central,Carrier B,Air,908.4,115.0,118,2239,18295.03375,0.2,0,0.5221218166881821,0.08307856924487923,1.0,0.0,0.44744744744744747,0.4714285714285714
SHP100130,2025-02-09 11:11:21.567973,WH-Chennai,West,Carrier A,Sea,698.1,132.3,121,1500,3597.22,0.9,0,0.3987208074169698,0.0963008254356466,0.20487431798194675,0.2857142857142857,0.2994994994994995,0.5142857142857142
SHP100865,2025-09-20 14:27:07.356130,WH-Kolkata,South,Carrier C,Rail,249.6,234.6,116,2285,2597.58,0.6,0,0.13554747095411337,0.17448792418220724,0.15079556516249926,0.16326530612244897,0.45665665665665667,0.44285714285714284
SHP101174,2025-12-23 09:50:53.544620,WH-Kolkata,South,Carrier A,Road,687.1,31.1,109,1854,7756.58,0.3,0,0.39226616594296443,0.018954448180984407,0.4298883243513369,0.040816326530612235,0.37037037037037035,0.34285714285714286
SHP101133,2025-12-10 23:07:09.357798,WH-Delhi,West,Carrier C,Road,767.4,229.1,121,2568,9908.78,0.6,0,0.43938504870320383,0.17028431672271474,0.5463185310437612,0.16326530612244897,0.5133133133133133,0.5142857142857142
SHP100489,2025-05-29 10:53:20.667222,WH-Bengaluru,West,Carrier B,Sea,1030.3,147.9,117,1332,4981.1,1.9,1,0.5936509799319328,0.10822378477529807,0.2797397739978895,0.693877551020408,0.26586586586586586,0.45714285714285713
SHP100606,2025-07-03 23:21:34.078398,WH-Mumbai,East,Carrier C,Road,640.4,47.0,116,1820,7776.89,1.8,1,0.36486327895786874,0.031106695200244575,0.430987059365705,0.6530612244897959,0.36356356356356356,0.44285714285714284
SHP100416,2025-05-07 07:00:21.017514,WH-Bengaluru,North,Carrier B,Road,427.9,28.7,112,2866,4933.49,0.5,0,0.2401713413918554,0.017120146744114946,0.27716415735416383,0.12244897959183672,0.572972972972973,0.38571428571428573
SHP100152,2025-02-16 03:28:58.448707,WH-Kolkata,West,Carrier C,Road,851.9,323.5,112,502,11124.07,1.2,0,0.4889684309353362,0.24243350657291346,0.6120635667705692,0.4081632653061224,0.0996996996996997,0.38571428571428573
SHP100889,2025-09-27 21:19:03.953294,WH-Delhi,East,Carrier B,Rail,648.2,209.0,100,4065,4479.41,0.3,0,0.36944020654852716,0.15492204218893302,0.25259923390146616,0.040816326530612235,0.813013013013013,0.21428571428571427
SHP100849,2025-09-15 17:52:29.624687,WH-Mumbai,West,Carrier A,Road,1693.0,219.6,113,3628,18295.03375,0.9,1,0.9825137894613308,0.16302354020177312,1.0,0.2857142857142857,0.7255255255255255,0.4
SHP100279,2025-03-26 16:48:50.442035,WH-Mumbai,East,Carrier C,Road,577.4,102.9,119,1206,6587.19,1.2,0,0.3278957868794742,0.07383063283399573,0.36662639729806396,0.4081632653061224,0.24064064064064064,0.4857142857142857
SHP101034,2025-11-10 21:47:53.394495,WH-Kolkata,North,Carrier A,Road,451.6,183.6,130,2009,6116.94,1.4,1,0.25407815984039434,0.13550901864873124,0.34118670549566993,0.48979591836734687,0.4014014014014014,0.6428571428571429
SHP100269,2025-03-23 15:57:11.859883,WH-Kolkata,East,Carrier C,Rail,490.4,206.3,121,167,18295.03375,0.6,0,0.27684544067597694,0.1528584530724549,1.0,0.16326530612244897,0.032632632632632635,0.5142857142857142
SHP100096,2025-01-30 03:27:46.388657,WH-Kolkata,West,Carrier B,Air,1263.8,286.9,124,3732,18295.03375,0.4,0,0.7306654148574111,0.2144604096606542,1.0,0.08163265306122448,0.7463463463463463,0.5571428571428572
SHP100210,2025-03-05 18:04:30.225187,WH-Kolkata,North,Carrier B,Road,400.1,166.1,111,1887,5063.28,0.5,0,0.22385870203027813,0.12213390400489145,0.28418556638985276,0.12244897959183672,0.37697697697697696,0.37142857142857144
SHP100569,2025-06-22 17:46:29.324437,WH-Kolkata,West,Carrier B,Air,487.9,111.3,133,2156,18295.03375,1.3,0,0.2753784767046121,0.08025068786303882,1.0,0.4489795918367347,0.43083083083083085,0.6857142857142857
SHP101180,2025-12-25 05:33:52.693911,WH-Bengaluru,North,Carrier D,Road,208.4,197.5,115,2134,3065.4,0.2,0,0.11137190470602043,0.14613268113726688,0.17610379827041203,0.0,0.4264264264264264,0.42857142857142855
SHP100871,2025-09-22 10:10:06.505421,WH-Chennai,East,Carrier A,Sea,147.3,268.5,120,4380,1299.8,1.2,0,0.07551930524586317,0.20039743197798837,0.08058796659299164,0.4081632653061224,0.8760760760760761,0.5
SHP100532,2025-06-11 12:11:24.570475,WH-Mumbai,East,Carrier D,Rail,599.6,69.0,120,2612,4136.63,1.0,0,0.3409224269451942,0.047921125038214614,0.23405544324537975,0.32653061224489793,0.5221221221221222,0.5
SHP101177,2025-12-24 07:42:23.119266,WH-Mumbai,West,Carrier D,Road,228.8,247.3,123,2849,2940.59,0.2,0,0.12334233071235771,0.18419443595230814,0.16935179841106743,0.0,0.5695695695695696,0.5428571428571428
SHP101099,2025-11-30 15:23:34.178482,WH-Mumbai,East,Carrier B,Rail,954.7,243.3,142,3239,6641.73,2.6500000000000004,0,0.5492899894378594,0.18113726689085904,0.36957691466308806,1.0,0.6476476476476476,0.8142857142857143
SHP100712,2025-08-05 03:40:59.049207,WH-Mumbai,East,Carrier D,Road,100.1,338.1,107,2731,2558.16,0.2,0,0.04782302546649454,0.25359217364720266,0.14866301300758086,0.0,0.5459459459459459,0.3142857142857143
SHP100077,2025-01-24 09:01:39.082568,WH-Delhi,Central,Carrier D,Rail,332.0,199.6,129,676,2430.97,1.7,1,0.18389860345029924,0.14773769489452765,0.14178225936516406,0.6122448979591836,0.13453453453453454,0.6285714285714286
SHP100263,2025-03-21 20:14:12.710592,WH-Mumbai,East,Carrier D,Road,819.0,294.7,137,753,10953.14,0.7,0,0.4696631850721746,0.22042188933047993,0.6028165566274895,0.20408163265306117,0.14994994994994995,0.7428571428571429
SHP100149,2025-02-15 05:37:28.874061,WH-Chennai,West,Carrier A,Air,196.6,161.2,116,4593,11372.81,0.2,0,0.10444783476117826,0.1183888719046163,0.6255199600484586,0.0,0.9187187187187187,0.44285714285714284
SHP100469,2025-05-23 09:10:03.502919,WH-Kolkata,West,Carrier C,Road,343.4,472.8,118,1888,4515.94,1.6,1,0.190587959159723,0.35654234179150107,0.2545754421769397,0.5714285714285714,0.3771771771771772,0.4714285714285714
SHP100564,2025-06-21 05:20:40.033361,WH-Delhi,West,Carrier A,Rail,248.2,200.6,134,3607,2487.87,0.2,0,0.13472597113014903,0.1485019871598899,0.1448604485486967,0.0,0.7213213213213213,0.7
SHP100461,2025-05-20 22:52:44.637197,WH-Chennai,East,Carrier A,Road,951.8,342.4,124,2818,11623.23,1.2,0,0.5475883112310761,0.2568786303882604,0.639067238349693,0.4081632653061224,0.5633633633633633,0.5571428571428572
SHP100896,2025-09-30 00:19:12.960800,WH-Kolkata,Central,Carrier B,Sea,294.8,423.7,114,3033,1959.98,1.8,0,0.16207017955639008,0.3190155915622134,0.11630253487391563,0.6530612244897959,0.6064064064064064,0.4142857142857143
SHP100695,2025-07-30 23:49:11.459549,WH-Mumbai,South,Carrier B,Rail,1426.9,222.1,119,3884,10221.27,0.8,0,0.8263701443492548,0.1649342708651788,0.5632236863682271,0.2448979591836735,0.7767767767767768,0.4857142857142857
SHP100928,2025-10-09 17:28:28.423686,WH-Chennai,West,Carrier D,Road,370.9,232.9,127,4561,5286.42,0.2,0,0.2067245628447365,0.1731886273310914,0.2962570450262934,0.0,0.9123123123123124,0.6
SHP100586,2025-06-27 21:38:16.914095,WH-Bengaluru,South,Carrier D,Road,312.9,340.3,115,3300,5206.87,0.2,0,0.17269099870907167,0.2552736166309997,0.2919535309744477,0.0,0.6598598598598598,0.42857142857142855
SHP100243,2025-03-15 18:30:55.546288,WH-Kolkata,West,Carrier B,Road,962.0,234.6,133,3149,11806.08,1.7,1,0.5535735242342448,0.17448792418220724,0.6489590993726972,0.6122448979591836,0.6296296296296297,0.6857142857142857
SHP101111,2025-12-04 06:49:32.477064,WH-Kolkata,South,Carrier C,Road,286.8,143.1,133,1308,3905.78,0.7,0,0.15737589484802253,0.10455518190155913,0.22156686726965907,0.20408163265306117,0.2610610610610611,0.6857142857142857
SHP100751,2025-08-16 23:50:23.519599,WH-Bengaluru,North,Carrier D,Sea,653.1,405.6,106,1849,3698.21,2.6500000000000004,1,0.3723154559324023,0.3051819015591562,0.21033769804600583,1.0,0.36936936936936937,0.3
SHP100648,2025-07-16 17:22:28.123436,WH-Delhi,South,Carrier B,Air,461.4,91.7,123,3203,18295.03375,0.9,0,0.2598286586081445,0.06527055946193824,1.0,0.2857142857142857,0.6404404404404405,0.5428571428571428
SHP100595,2025-06-30 15:12:45.638031,WH-Kolkata,West,Carrier D,Road,137.6,91.2,115,2778,1965.43,0.2,0,0.0698274850369675,0.06488841332925711,0.11659737021750531,0.0,0.5553553553553554,0.42857142857142855
SHP100313,2025-04-06 00:32:25.621351,WH-Kolkata,Central,Carrier C,Road,840.7,229.9,129,4507,10305.36,1.8,0,0.4823964323436216,0.17089575053500458,0.5677728063760172,0.6530612244897959,0.9015015015015015,0.6285714285714286
SHP100933,2025-10-11 05:54:17.714762,WH-Kolkata,East,Carrier B,Sea,230.5,367.0,134,2829,1988.58,0.2,0,0.12433986621288581,0.2756802201161724,0.11784974419990919,0.0,0.5655655655655656,0.7
SHP100155,2025-02-17 01:20:28.023352,WH-Kolkata,West,Carrier D,Rail,622.6,97.0,126,4314,4979.03,0.8,0,0.354418495481751,0.0693213084683583,0.2796277906655536,0.2448979591836735,0.8628628628628628,0.5857142857142857
SHP101150,2025-12-16 02:58:56.947456,WH-Chennai,North,Carrier A,Air,389.9,396.5,116,1499,18295.03375,0.7,0,0.21787348902710946,0.2982268419443595,1.0,0.20408163265306117,0.2992992992992993,0.44285714285714284
SHP100999,2025-10-31 06:47:08.356964,WH-Mumbai,West,Carrier B,Sea,502.5,383.5,127,3982,3000.91,1.8,0,0.2839455462973829,0.28829104249464993,0.1726150035349811,0.6530612244897959,0.7963963963963964,0.6
SHP101046,2025-11-14 13:13:51.693077,WH-Bengaluru,North,Carrier B,Air,207.7,315.1,117,2419,12934.51,0.4,0,0.11096115479403826,0.23601345154387038,0.7100051629996521,0.08163265306122448,0.48348348348348347,0.45714285714285713
SHP100025,2025-01-08 14:09:06.455379,WH-Delhi,North,Carrier C,Road,532.2,60.7,129,3780,6847.78,0.3,0,0.3013730782771975,0.041577499235707735,0.38072385457990526,0.040816326530612235,0.755955955955956,0.6285714285714286
SHP100196,2025-03-01 12:04:12.210175,WH-Bengaluru,Central,Carrier C,Rail,438.1,136.7,121,3102,2630.26,0.2,0,0.24615655439502404,0.09966371140324057,0.1525634952594737,0.0,0.6202202202202203,0.5142857142857142
SHP101088,2025-11-27 07:14:45.738115,WH-Mumbai,Central,Carrier D,Road,355.8,164.6,115,4082,4733.63,2.0,0,0.19786410045769276,0.12098746560684803,0.2663520854697907,0.7346938775510203,0.8164164164164164,0.42857142857142855
SHP100015,2025-01-05 13:17:27.873227,WH-Bengaluru,East,Carrier D,Air,513.3,71.3,134,3306,18295.03375,0.8,0,0.2902828306536791,0.049678997248547845,1.0,0.2448979591836735,0.6610610610610611,0.7
SHP100883,2025-09-26 01:36:04.804003,WH-Chennai,East,Carrier B,Rail,596.3,25.4,103,613,4555.52,0.3,0,0.3389860345029926,0.01459798226841944,0.2567166500483672,0.040816326530612235,0.12192192192192192,0.2571428571428571
SHP100621,2025-07-08 12:39:01.951626,WH-Delhi,Central,Carrier A,Sea,364.8,293.8,108,3775,1945.57,0.8,0,0.20314517075460625,0.21973402629165392,0.11552297940581886,0.2448979591836735,0.7549549549549549,0.32857142857142857
SHP101050,2025-11-15 18:22:31.125938,WH-Kolkata,East,Carrier A,Road,441.6,251.9,104,3814,6670.73,1.4,1,0.24821030395493485,0.1877101803729746,0.37114576328035426,0.48979591836734687,0.7627627627627628,0.2714285714285714
SHP101067,2025-11-20 22:14:18.715596,WH-Kolkata,West,Carrier B,Road,481.9,35.6,118,182,6300.4,0.9,0,0.27185776317333643,0.02239376337511464,0.35111156643786495,0.2857142857142857,0.03563563563563563,0.4714285714285714
SHP100497,2025-05-31 21:10:39.532944,WH-Bengaluru,West,Carrier B,Sea,569.0,168.9,108,1498,2105.5,1.2,0,0.3229667879356883,0.12427392234790582,0.12417490903890104,0.4081632653061224,0.2990990990990991,0.32857142857142857
SHP100792,2025-08-29 10:34:07.706422,WH-Kolkata,North,Carrier D,Road,536.4,85.1,105,3911,7056.24,0.9,0,0.3038375777490904,0.06022623051054723,0.39200117122664013,0.2857142857142857,0.7821821821821822,0.2857142857142857
SHP100964,2025-10-20 15:46:23.319432,WH-Mumbai,Central,Carrier B,Road,885.6,282.8,127,3994,11576.44,1.1,0,0.5087431052693345,0.2113268113726689,0.6365359822530763,0.3673469387755102,0.7987987987987988,0.6
SHP100515,2025-06-06 08:19:36.980817,WH-Mumbai,South,Carrier C,Road,432.5,500.9,98,1999,6989.31,2.1,0,0.24287055509916675,0.37801895444818095,0.38838037681444615,0.7755102040816326,0.3993993993993994,0.18571428571428572
SHP101095,2025-11-29 10:14:54.745621,WH-Delhi,West,Carrier C,Road,379.3,507.0,98,1836,5537.76,1.2,0,0.21165356178852246,0.38268113726689085,0.309854093697455,0.4081632653061224,0.3667667667667668,0.18571428571428572
SHP100542,2025-06-14 13:03:03.152627,WH-Bengaluru,South,Carrier B,Road,451.4,35.7,125,1995,5520.27,1.5,1,0.2539608027226851,0.02247019260165087,0.30890791568655895,0.5306122448979592,0.3985985985985986,0.5714285714285714
SHP100456,2025-05-19 10:26:55.346121,WH-Kolkata,Central,Carrier D,Road,709.5,85.8,134,703,6507.42,0.8,0,0.4054101631263936,0.06076123509630082,0.3623109816360183,0.2448979591836735,0.13993993993993994,0.7
SHP100633,2025-07-12 04:05:00.250208,WH-Kolkata,East,Carrier A,Sea,589.2,159.3,129,3240,2911.06,0.7,0,0.3348198568243164,0.116936716600428,0.167754277732865,0.20408163265306117,0.6478478478478479,0.6285714285714286
SHP100431,2025-05-11 20:17:48.890742,WH-Kolkata,North,Carrier A,Air,246.5,186.6,127,1088,13738.9,0.8,0,0.13372843562962095,0.13780189544481808,0.7535212367666436,0.2448979591836735,0.217017017017017,0.6
SHP100627,2025-07-10 08:22:01.100917,WH-Chennai,Central,Carrier A,Sea,553.7,213.3,132,116,2387.37,1.9,1,0.3139889684309353,0.1582084989299908,0.1394235766164466,0.693877551020408,0.02242242242242242,0.6714285714285714
SHP100728,2025-08-10 00:15:36.780650,WH-Mumbai,North,Carrier D,Road,719.7,66.1,122,3955,8730.33,1.8,1,0.4113953761295623,0.04570467746866401,0.482566474043163,0.6530612244897959,0.790990990990991,0.5285714285714286
SHP100209,2025-03-05 10:47:20.366972,WH-Mumbai,West,Carrier B,Air,474.6,241.7,114,4920,18295.03375,0.4,0,0.26757422837695105,0.1799143992662794,1.0,0.08163265306122448,0.9841841841841842,0.4142857142857143
SHP100316,2025-04-06 22:23:55.195996,WH-Chennai,East,Carrier C,Sea,1040.7,484.1,110,1109,5610.87,2.6500000000000004,1,0.5997535500528107,0.36517884439009474,0.31380921515981125,1.0,0.22122122122122123,0.35714285714285715
SHP100513,2025-06-05 17:45:17.264386,WH-Mumbai,North,Carrier D,Air,1011.7,301.9,94,240,18295.03375,0.2,0,0.5827367679849783,0.2259247936410883,1.0,0.0,0.04724724724724725,0.12857142857142856
SHP100829,2025-09-09 16:09:12.460383,WH-Bengaluru,South,Carrier C,Road,601.0,106.1,132,4759,8103.42,1.0,0,0.34174392676915855,0.076276368083155,0.4486517538138406,0.32653061224489793,0.9519519519519519,0.6714285714285714
SHP100319,2025-04-07 20:15:24.770642,WH-Delhi,West,Carrier D,Air,597.6,247.9,118,4126,18295.03375,0.2,0,0.3397488557681023,0.1846530113115255,1.0,0.0,0.8252252252252252,0.4714285714285714
SHP101031,2025-11-09 23:56:23.819849,WH-Chennai,South,Carrier C,Sea,502.9,184.7,85,2874,2103.65,0.9,0,0.28418026053280127,0.13634974014062975,0.12407482731676509,0.2857142857142857,0.5745745745745746,0.0
SHP100141,2025-02-12 19:20:10.008340,WH-Delhi,Central,Carrier C,Road,96.9,96.4,123,2398,1910.4,1.2,0,0.045945311583147526,0.06886273310914094,0.11362034472067227,0.4081632653061224,0.47927927927927927,0.5428571428571428
SHP101110,2025-12-03 23:32:22.618849,WH-Bengaluru,South,Carrier D,Road,374.6,265.7,112,3223,4731.62,1.3,0,0.20889566952235653,0.19825741363497398,0.2662433480311457,0.4489795918367347,0.6444444444444445,0.38571428571428573
SHP100753,2025-08-17 14:24:43.236030,WH-Bengaluru,Central,Carrier B,Road,102.0,258.5,120,3445,6507.42,0.7,0,0.04893791808473184,0.1927545093243656,0.3623109816360183,0.20408163265306117,0.6888888888888889,0.5
SHP101001,2025-10-31 21:21:28.073394,WH-Bengaluru,North,Carrier A,Road,430.1,201.6,135,847,6139.82,1.1,0,0.2414622696866565,0.1492662794252522,0.3424244729564648,0.3673469387755102,0.16876876876876876,0.7142857142857143
SHP100580,2025-06-26 01:55:17.764804,WH-Mumbai,Central,Carrier D,Road,794.1,305.5,120,4357,10489.37,0.6,0,0.4550522239173806,0.2286762457963925,0.5777274213437121,0.16326530612244897,0.8714714714714715,0.5
SHP100562,2025-06-20 14:46:20.316930,WH-Bengaluru,West,Carrier B,Road,750.0,78.6,127,1320,8922.36,1.0,0,0.4291749794625044,0.05525833078569244,0.4929549568008743,0.32653061224489793,0.26346346346346344,0.6
SHP100398,2025-05-01 19:51:23.569641,WH-Bengaluru,Central,Carrier B,Road,907.8,266.4,124,1455,11556.88,2.6500000000000004,1,0.5217697453350545,0.19879241822072757,0.6354778209098443,1.0,0.29049049049049047,0.5571428571428572
SHP100668,2025-07-22 19:05:45.287739,WH-Kolkata,North,Carrier C,Air,1012.7,173.9,143,3391,18295.03375,1.2,0,0.5833235535735243,0.1280953836747172,1.0,0.4081632653061224,0.6780780780780781,0.8285714285714286
SHP100252,2025-03-18 12:05:24.270225,WH-Kolkata,Central,Carrier D,Road,405.1,202.8,118,616,5672.81,0.3,0,0.22679262997300786,0.15018343014368693,0.3171600594133791,0.040816326530612235,0.12252252252252252,0.4714285714285714
SHP100468,2025-05-23 01:52:53.644703,WH-Kolkata,West,Carrier A,Sea,866.2,207.6,126,316,3402.66,2.2,0,0.49735946485154325,0.15385203301742584,0.19434896670693605,0.8163265306122448,0.06246246246246246,0.5857142857142857
SHP100914,2025-10-05 11:28:10.408673,WH-Mumbai,West,Carrier B,Road,151.5,155.0,104,1042,2021.75,0.2,0,0.07798380471775614,0.1136502598593702,0.11964418242869262,0.0,0.2078078078078078,0.2714285714285714
SHP100357,2025-04-19 09:07:39.382819,WH-Kolkata,East,Carrier D,Road,283.1,265.7,141,868,4725.08,0.6,0,0.15520478817040254,0.19825741363497398,0.2658895456188381,0.16326530612244897,0.17297297297297298,0.8
SHP100508,2025-06-04 05:19:27.973311,WH-Bengaluru,East,Carrier A,Road,1253.1,182.9,117,386,14845.84,1.8,1,0.7243868090599694,0.13497401406297768,0.8134047294699761,0.6530612244897959,0.07647647647647647,0.45714285714285713
SHP100749,2025-08-16 09:16:03.803169,WH-Kolkata,South,Carrier A,Rail,427.1,241.0,102,1682,3881.29,0.8,0,0.23970191292101867,0.1793793946805258,0.22024200166149185,0.2448979591836735,0.33593593593593596,0.24285714285714285
SHP100129,2025-02-09 03:54:11.709758,WH-Bengaluru,South,Carrier D,Rail,818.6,476.9,130,3601,6742.92,1.5,1,0.46942847083675626,0.35967594007948633,0.37505111437278343,0.5306122448979592,0.7201201201201202,0.6428571428571429
SHP100144,2025-02-13 17:11:39.582985,WH-Delhi,South,Carrier B,Road,447.1,184.2,129,4220,4853.03,0.4,0,0.25143762469193753,0.1359675940079486,0.2728114139146729,0.08163265306122448,0.8440440440440441,0.6285714285714286
SHP100847,2025-09-15 03:18:09.908256,WH-Kolkata,North,Carrier B,Road,955.0,399.3,129,4901,6507.42,0.7,0,0.5494660251144231,0.30036686028737386,0.3623109816360183,0.20408163265306117,0.9803803803803803,0.6285714285714286
SHP100715,2025-08-06 01:32:28.623853,WH-Kolkata,West,Carrier A,Rail,614.0,214.3,136,1057,4218.67,1.1,0,0.3493721394202558,0.1589727911953531,0.23849366188539764,0.3673469387755102,0.21081081081081082,0.7285714285714285
SHP100905,2025-10-02 17:53:41.684737,WH-Bengaluru,Central,Carrier C,Road,686.0,175.8,113,4797,8121.79,0.3,0,0.39162070179556385,0.12954753897890553,0.44964553826553644,0.040816326530612235,0.9595595595595595,0.4
SHP101096,2025-11-29 17:32:04.603836,WH-Delhi,East,Carrier C,Road,599.6,373.9,132,1715,8348.96,1.8,1,0.3409224269451942,0.28095383674717206,0.4619350327615489,0.6530612244897959,0.3425425425425425,0.6714285714285714
SHP100235,2025-03-13 08:13:36.680567,WH-Chennai,South,Carrier A,Sea,943.5,98.8,121,4919,3864.76,1.3,0,0.5427179908461448,0.0706970345460104,0.21934775794965014,0.4489795918367347,0.983983983983984,0.5142857142857142
SHP101061,2025-11-19 02:31:19.566305,WH-Kolkata,South,Carrier D,Sea,280.0,54.0,132,99,1035.25,0.9,0,0.15338575284591008,0.036456741057780497,0.06627628032755126,0.2857142857142857,0.01901901901901902,0.6714285714285714
