shipment_id,shipment_date,origin_warehouse,destination_region,carrier,transport_mode,distance_km,weight_kg,shipment_volume_units,inventory_level,transportation_cost,delivery_time_days,delayed
SHP101059,2025-11-18 11:56:59.849874,WH-Chennai,West,Carrier D,Road,1018.2,76.1,117,2035,11988.14,1.7,1
SHP100553,2025-06-17 21:11:51.592994,WH-Mumbai,South,Carrier D,Road,720.0,115.1,126,294,8683.21,1.2,0
SHP100594,2025-06-30 07:55:35.779816,WH-Bengaluru,North,Carrier C,Sea,408.3,235.1,114,3475,1851.94,0.9,0
SHP100267,2025-03-23 01:22:52.143452,WH-Mumbai,West,Carrier C,Sea,235.5,262.1,105,2911,2016.22,2.3,1
SHP100081,2025-01-25 14:10:18.515429,WH-Kolkata,East,Carrier C,Rail,1094.9,79.0,112,1360,7706.42,1.2,0
SHP100259,2025-03-20 15:05:33.277731,WH-Bengaluru,South,Carrier C,rail,454.3,123.4,121,4063,3130.17,0.8,0
SHP100216,2025-03-07 13:47:29.374478,WH-Chennai,South,Carrier D,Rail,483.7,264.7,107,1083,3445.93,0.2,0
SHP100383,2025-04-27 06:33:55.696413,WH-Mumbai,East,Carrier A,Rail,408.9,484.0,109,2975,4527.07,0.8,0
SHP100255,2025-03-19 09:56:53.844870,WH-Delhi,North,Carrier C,Road,177.9,125.2,126,1811,2603.08,0.2,0
SHP100310,2025-04-05 02:40:56.046705,WH-Delhi,North,Carrier D,Road,138.5,429.3,103,4782,2441.82,0.2,0
SHP100980,2025-10-25 12:21:01.050875,WH-Chennai,East,Carrier C,Rail,396.3,226.2,115,2804,3099.23,0.2,0
SHP101198,2025-12-30 16:42:50.141784,WH-Bengaluru,South,Carrier A,Road,530.1,216.2,111,1694,6240.35,0.4,0
SHP100355,2025-04-18 18:33:19.666388,WH-Mumbai,South,Carrier C,Road,512.9,,124,4402,6325.27,1.2,0
SHP100167,2025-02-20 16:46:26.321934,WH-Mumbai,Central,Carrier B,Road,1113.4,326.2,114,1693,14099.98,1.1,0
SHP100189,2025-02-27 09:04:03.202668,WH-Delhi,North,Carrier D,Air,277.4,302.0,118,3773,16086.08,0.3,0
SHP100414,2025-05-06 16:26:01.301084,WH-Bengaluru,Central,Carrier C,Rail,132.4,270.4,120,3693,6192.158735123582,0.2,0
SHP100347,2025-04-16 08:16:00.800667,WH-Bengaluru,South,Carrier C,Rail,738.7,325.1,128,4709,5668.57,0.3,0
SHP100370,2025-04-23 07:50:47.539616,WH-Bengaluru,East,Carrier B,Road,191.1,184.5,119,986,2351.18,0.4,0
SHP100108,2025-02-02 18:53:44.687239,WH-Chennai,East,Carrier B,Road,688.4,302.4,123,2194,9477.13,2.6,1
SHP101082,2025-11-25 11:31:46.588824,WH-Delhi,West,Carrier B,Air,101.6,158.6,120,4292,5823.74,2.1,1
SHP100844,2025-09-14 05:26:40.333611,WH-Kolkata,Central,Carrier B,Rail,172.1,334.9,123,3773,3076.5,0.8,0
SHP100159,2025-02-18 06:29:07.456213,WH-Bengaluru,West,Carrier B,Road,1137.5,394.6,153,4033,14574.34,1.4,1
SHP100301,2025-04-02 09:06:27.322768,WH-Kolkata,West,Carrier A,Road,329.6,242.8,108,131,4636.57,0.2,0
SHP100135,2025-02-10 23:37:10.859049,WH-Delhi,South,Carrier A,Rail,354.2,456.7,116,4089,3362.23,0.7,0
SHP100596,2025-06-30 22:29:55.496246,WH-Chennai,North,Carrier B,Road,351.5,,93,3058,3807.91,0.4,0
SHP100578,2025-06-25 11:20:58.048373,WH-Chennai,North,Carrier C,Air,497.7,680.3,132,3885,28398.15,2.2,1
SHP100797,2025-08-30 22:59:56.997497,WH-Delhi,West,Carrier A,Road,919.7,409.6,120,1833,12418.54,1.1,0
SHP100459,2025-05-20 08:18:24.920767,WH-Bengaluru,West,Carrier C,Rail,363.3,35.5,109,950,3077.89,0.5,0
SHP100665,2025-07-21 21:14:15.713094,WH-Kolkata,Central,Carrier A,Road,390.7,134.0,140,1425,5384.58,0.2,0
SHP100908,2025-10-03 15:45:11.259382,WH-Delhi,West,Carrier A,Road,1008.2,130.8,127,783,12574.88,1.2,0
SHP101169,2025-12-21 21:25:04.253544,WH-Bengaluru,West,Carrier D,Road,679.3,158.8,115,3179,8179.59,0.9,0
SHP100190,2025-02-27 16:21:13.060884,WH-Delhi,North,Carrier A,Rail,1395.1,596.0,112,4670,10933.31,0.8,0
SHP101051,2025-11-16 01:39:40.984153,WH-Chennai,West,Carrier C,Air,759.9,262.6,129,2349,41924.7,0.4,0
SHP100773,2025-08-23 16:08:00.400333,WH-Delhi,Central,Carrier D,Road,475.5,81.7,112,1469,5740.32,1.6,1
SHP101040,2025-11-12 17:30:52.543786,WH-Kolkata,Central,Carrier C,Air,443.2,321.7,136,933,24622.43,0.4,0
SHP100536,2025-06-12 17:20:04.003336,WH-Delhi,North,Carrier B,Sea,80.4,251.2,138,4861,611.62,1.2,0
SHP100930,2025-10-10 08:02:48.140116,WH-Delhi,East,Carrier B,Road,615.6,395.1,124,2656,7770.35,0.8,0
SHP100731,2025-08-10 22:07:06.355296,WH-Kolkata,East,Carrier D,Road,185.4,202.0,126,4228,2676.57,0.2,0
SHP100957,2025-10-18 12:46:14.311926,WH-Kolkata,South,Carrier B,Road,784.4,,134,4355,9556.79,0.9,0
SHP100386,2025-04-28 04:25:25.271059,WH-Bengaluru,East,Carrier B,Road,92.1,499.4,117,2951,2203.83,,0
SHP100987,2025-10-27 15:21:10.058381,WH-Kolkata,South,Carrier C,Road,500.9,203.1,134,3198,6501.34,0.2,0
SHP100248,2025-03-17 06:56:44.837364,WH-Delhi,Central,Carrier B,Road,695.8,169.3,114,1195,9140.64,1.3,0
SHP100419,2025-05-08 04:51:50.592160,WH-Bengaluru,North,Carrier A,Road,539.9,144.0,136,4383,6769.56,0.6,0
SHP100073,2025-01-23 03:52:59.649708,WH-Mumbai,West,Carrier B,Road,736.7,240.5,109,782,8462.81,1.3,0
SHP100593,2025-06-30 00:38:25.921601,WH-Kolkata,South,Carrier B,Road,516.2,313.5,128,318,7231.85,1.6,1
SHP100546,2025-06-15 18:11:42.585487,WH-Kolkata,Central,Carrier C,Sea,198.1,200.5,127,149,1219.78,0.2,0
SHP101192,2025-12-28 20:59:50.992493,WH-Delhi,North,Carrier B,Road,722.5,122.9,109,3743,9400.76,0.8,0
SHP100983,2025-10-26 10:12:30.625521,WH-Bengaluru,North,Carrier D,Road,817.0,351.9,122,712,11019.84,0.9,0
SHP100870,2025-09-22 02:52:56.647206,WH-Mumbai,North,Carrier D,Road,355.6,41.2,118,4657,4068.22,0.8,0
SHP100452,2025-05-18 05:18:15.913261,WH-Bengaluru,North,Carrier D,Rail,543.7,530.2,137,1076,4695.6,0.6,0
SHP101176,2025-12-24 00:25:13.261050,WH-Kolkata,Central,Carrier A,Road,705.3,186.1,129,2774,8078.79,1.5,1
SHP100395,2025-04-30 21:59:53.994995,WH-Kolkata,Central,Carrier C,Road,412.8,114.5,117,1100,5130.41,0.2,0
SHP100202,2025-03-03 07:47:11.359466,WH-Mumbai,Central,Carrier A,Rail,551.5,154.3,116,1865,4940.86,1.7,0
SHP101008,2025-11-03 00:21:37.080900,WH-Bengaluru,Central,Carrier C,Road,173.9,206.7,94,1540,2428.55,1.1,0
SHP100049,2025-01-15 21:01:03.052543,WH-Kolkata,North,Carrier C,Road,592.8,121.0,118,890,7605.34,0.8,0
SHP101163,2025-12-20 01:42:05.104253,WH-Kolkata,South,Carrier C,Road,942.7,224.3,103,660,11961.54,0.6,0
SHP101134,2025-12-11 06:24:19.216013,WH-Bengaluru,East,Carrier B,Sea,425.3,83.3,121,160,2328.05,0.9,0
SHP100075,2025-01-23 18:27:19.366138,WH-Chennai,East,Carrier B,Road,174.6,137.3,101,4870,2223.58,0.2,0
SHP100616,2025-07-07 00:13:12.660550,WH-Mumbai,South,Carrier B,Road,466.3,165.1,114,1939,5540.73,0.2,0
SHP100236,2025-03-13 15:30:46.538782,WH-Mumbai,West,Carrier A,Road,481.5,145.8,132,4105,51266.03817361524,0.6,0
SHP100065,2025-01-20 17:35:40.783986,WH-Chennai,North,Carrier C,Rail,458.4,59.0,111,2233,4234.7,1.5,1
SHP100810,2025-09-03 21:43:05.154295,WH-Delhi,North,,Sea,233.7,376.3,107,4693,1634.83,0.2,0
SHP100529,2025-06-10 14:19:54.995829,WH-Bengaluru,South,Carrier C,Sea,520.2,331.7,133,2441,3625.09,1.1,0
SHP100680,2025-07-26 10:31:43.586321,WH-Mumbai,Central,Carrier A,Rail,511.6,545.8,130,1000,3994.58,0.2,0
SHP100584,2025-06-27 07:03:57.197664,WH-Bengaluru,Central,Carrier B,Road,1192.4,94.1,119,4960,14239.08,1.9,1
SHP100804,2025-09-02 02:00:06.005004,WH-Chennai,North,Carrier B,air,314.6,361.2,132,106,18393.53,0.5,0
SHP100851,2025-09-16 08:26:49.341117,WH-Chennai,West,Carrier B,Road,1344.1,744.3,139,4992,17337.67,1.4,1
SHP100169,2025-02-21 07:20:46.038365,WH-Delhi,North,Carrier D,Road,436.8,441.2,131,3490,6073.4,1.5,0
SHP100457,2025-05-19 17:44:05.204336,WH-Kolkata,South,Carrier D,Sea,812.0,245.5,116,868,3596.14,1.1,0
SHP101173,2025-12-23 02:33:43.686405,WH-Delhi,West,Carrier B,Sea,1046.0,133.5,122,3119,4939.74,2.1,1
SHP101037,2025-11-11 19:39:22.969140,WH-Mumbai,East,Carrier D,Air,569.4,,121,3495,31351.56,1.0,0
SHP101066,2025-11-20 14:57:08.857381,WH-Mumbai,West,Carrier A,Sea,659.1,512.6,118,3158,2990.95,1.4,1
SHP100892,2025-09-28 19:10:33.527939,WH-Kolkata,North,Carrier C,Road,753.4,192.1,123,2234,9479.87,1.2,0
SHP100309,2025-04-04 19:23:46.188490,WH-Kolkata,East,Carrier D,Sea,693.2,289.6,104,689,3641.09,1.7,0
SHP100902,2025-10-01 20:02:12.110091,WH-Chennai,South,Carrier D,Sea,228.8,264.4,122,377,2009.92,0.3,0
SHP100348,2025-04-16 15:33:10.658882,WH-Delhi,East,Carrier D,Road,256.8,,116,2670,3335.97,0.5,0
SHP100962,2025-10-20 01:12:03.603002,WH-Mumbai,South,Carrier D,Road,534.7,174.3,121,2813,6354.01,1.1,0
SHP100877,2025-09-24 05:53:05.654712,WH-Delhi,East,Carrier B,Rail,631.4,149.9,138,4923,4832.4,4.506312639268212,0
SHP100012,2025-01-04 15:25:58.298582,WH-Delhi,West,Carrier B,Rail,1052.6,268.7,128,4514,7111.46,0.8,0
SHP101033,2025-11-10 14:30:43.536280,WH-Mumbai,North,Carrier C,Rail,622.0,134.1,118,769,4591.49,0.2,0
SHP101114,2025-12-05 04:41:02.051709,WH-Delhi,North,Carrier C,Road,780.7,115.1,133,147,9615.53,0.8,0
SHP100274,2025-03-25 04:23:01.150959,WH-Mumbai,South,Carrier A,Road,340.3,263.0,127,4944,53797.89731796595,1.4,0
SHP100723,2025-08-08 11:49:47.489574,WH-Mumbai,North,Carrier D,Road,392.9,197.5,125,4150,5120.35,0.9,0
SHP100424,2025-05-09 17:17:39.883236,WH-Bengaluru,North,Carrier D,Rail,830.7,132.3,110,4145,5607.46,1.2,0
SHP100649,2025-07-17 00:39:37.981651,WH-Bengaluru,East,Carrier C,Air,583.3,222.2,133,4403,33146.49,0.2,0
SHP101196,2025-12-30 02:08:30.425354,WH-Mumbai,Central,Carrier C,Road,510.6,145.6,154,4185,6672.0,0.2,0
SHP100757,2025-08-18 19:33:22.668890,WH-Chennai,South,Carrier C,Road,525.0,269.5,105,4137,7479.74,1.0,0
SHP100350,2025-04-17 06:07:30.375312,WH-Bengaluru,West,Carrier B,Rail,1270.0,169.0,96,2650,9244.33,1.6,0
SHP101085,2025-11-26 09:23:16.163469,WH-Mumbai,Central,Carrier D,Road,257.3,109.1,114,1637,3963.49,1.1,0
SHP100181,2025-02-24 22:46:44.336947,WH-Delhi,North,Carrier C,Sea,659.4,72.7,117,240,2603.05,0.8,0
SHP100107,2025-02-02 11:36:34.829024,WH-Bengaluru,North,Carrier B,Rail,1046.6,297.7,118,197,8092.99,1.6,1
SHP100997,2025-10-30 16:12:48.640533,WH-Chennai,South,Carrier C,Sea,1127.0,127.7,117,591,4661.8,2.4,1
SHP100194,2025-02-28 21:29:52.493744,WH-Bengaluru,East,Carrier D,Sea,261.6,198.4,107,517,1965.03,1.5,1
SHP100993,2025-10-29 11:04:09.207673,WH-Mumbai,South,Carrier C,Air,43.2,275.2,109,1772,3037.98,0.9,0
SHP100493,2025-05-30 16:02:00.100083,WH-Delhi,West,,Air,1093.7,120.2,119,4551,60631.13,0.8,0
SHP100839,2025-09-12 17:00:51.042535,WH-Bengaluru,East,Carrier C,Sea,696.9,399.5,128,2025,4222.84,1.0,0
SHP100599,2025-07-01 20:21:25.070892,WH-Bengaluru,North,Carrier B,Road,858.3,30.9,109,2256,10954.33,0.8,0
SHP100058,2025-01-18 14:35:31.776480,WH-Delhi,Central,Carrier A,Road,572.4,300.8,121,2297,7582.13,0.6,0
SHP100735,2025-08-12 03:15:45.788156,WH-Mumbai,West,Carrier C,Road,1648.9,391.2,100,3628,21338.61,1.6,0
SHP100088,2025-01-27 17:10:27.522935,WH-Chennai,West,Carrier B,Sea,560.5,206.5,112,578,2957.61,0.6,0
SHP100126,2025-02-08 06:02:42.135112,WH-Chennai,Central,Carrier D,Road,647.9,88.0,140,2382,68509.90547788246,0.3,0
SHP100632,2025-07-11 20:47:50.391993,WH-Delhi,West,Carrier A,Road,802.9,123.1,130,1276,9526.44,1.1,0
SHP100401,2025-05-02 17:42:53.144286,WH-Delhi,East,Carrier C,Rail,582.4,,117,3084,4881.59,1.6,1
SHP101079,2025-11-24 13:40:17.014178,WH-Kolkata,East,Carrier B,Rail,642.8,109.0,115,3933,4945.24,1.7,0
SHP100629,2025-07-10 22:56:20.817347,WH-Chennai,South,Carrier D,Road,469.1,199.0,119,3151,6007.51,1.5,0
SHP100560,2025-06-20 00:12:00.600500,WH-Kolkata,West,Carrier C,Rail,358.9,125.2,109,253,3419.47,0.8,0
SHP100904,2025-10-02 10:36:31.826522,WH-Chennai,West,Carrier A,Rail,797.7,183.8,119,4488,5591.29,0.8,0
SHP100027,2025-01-09 04:43:26.171809,WH-Mumbai,South,Carrier B,Road,396.8,143.5,134,2977,4665.16,0.7,0
SHP100314,2025-04-06 07:49:35.479566,WH-Kolkata,North,Carrier B,Road,329.6,368.8,111,1996,5472.41,1.7,0
SHP100446,2025-05-16 09:35:16.763969,WH-Kolkata,South,Carrier C,Road,686.5,241.2,140,2063,8626.11,,0
SHP100323,2025-04-09 01:24:04.203502,WH-Kolkata,North,Carrier D,Road,586.2,135.4,106,984,7500.93,0.8,0
SHP100808,2025-09-03 07:08:45.437864,WH-Kolkata,Central,Carrier D,Road,380.5,195.1,106,2531,,0.2,0
SHP100195,2025-03-01 04:47:02.351959,WH-Kolkata,Central,Carrier A,Road,827.5,35.2,111,3190,10194.33,0.7,0
SHP100663,2025-07-21 06:39:55.996663,WH-Chennai,North,Carrier D,Air,842.2,159.7,125,4988,47616.61,0.2,0
SHP100119,2025-02-06 03:02:33.127606,WH-Delhi,East,Carrier A,Road,199.0,101.6,100,2721,3401.71,0.2,0
SHP100390,2025-04-29 09:34:04.703919,WH-Delhi,East,Carrier D,Rail,959.2,82.8,122,1904,6710.2,2.0,0
SHP100286,2025-03-28 19:48:59.449541,WH-Mumbai,North,Carrier A,sea,1166.3,331.5,106,1653,5701.86,2.3,1
SHP100709,2025-08-04 05:49:29.474562,WH-Delhi,South,Carrier B,Air,287.4,263.6,142,1967,16209.69,0.8,0
SHP100430,2025-05-11 13:00:39.032527,WH-Mumbai,East,Carrier C,Road,173.9,170.3,115,2928,2057.47,0.5,0
SHP100641,2025-07-14 14:22:19.115929,WH-Kolkata,North,Carrier D,Sea,640.9,380.2,122,4878,3173.56,0.9,0
SHP100201,2025-03-03 00:30:01.501251,WH-Kolkata,West,Carrier B,Road,354.4,243.6,122,4507,5377.71,0.8,0
SHP100873,2025-09-23 00:44:26.221851,WH-Kolkata,South,Carrier C,Rail,339.8,332.2,102,2640,3697.72,0.6,0
SHP100789,2025-08-28 12:42:38.131776,WH-Delhi,South,Carrier C,Road,628.3,70.5,112,1687,8163.54,1.6,1
SHP100915,2025-10-05 18:45:20.266889,WH-Kolkata,South,Carrier B,Road,789.2,174.0,123,2538,10192.52,2.3,1
SHP100280,2025-03-27 00:06:00.300250,WH-Mumbai,North,Carrier C,Rail,443.4,120.7,116,3081,3381.52,0.4,0
SHP100133,2025-02-10 09:02:51.142618,WH-Bengaluru,West,Carrier D,Road,1532.5,131.0,117,1519,18020.62,1.6,1
SHP101069,2025-11-21 12:48:38.432026,WH-Delhi,North,Carrier C,Road,379.2,166.8,121,164,4646.56,0.5,0
SHP100090,2025-01-28 07:44:47.239366,WH-Mumbai,West,Carrier B,Rail,650.3,255.8,126,386,5409.68,0.2,0
SHP100453,2025-05-18 12:35:25.771476,WH-Chennai,South,Carrier D,Sea,227.2,387.4,121,1639,2065.84,1.8,1
SHP100341,2025-04-14 12:33:01.651376,WH-Bengaluru,South,Carrier D,Rail,501.3,141.1,119,2390,3924.1,0.8,0
SHP100142,2025-02-13 02:37:19.866555,WH-Bengaluru,Central,Carrier D,Rail,536.9,38.4,116,2630,3587.44,0.5,0
SHP100824,2025-09-08 03:43:23.169307,WH-Kolkata,West,Carrier D,Air,943.7,311.1,145,598,53101.47,0.4,0
SHP100080,2025-01-25 06:53:08.657214,WH-Kolkata,West,Carrier A,Road,257.3,299.6,119,4306,4204.77,0.2,0
SHP101041,2025-11-13 00:48:02.402001,WH-Bengaluru,West,Carrier A,Rail,112.1,78.8,115,574,764.94,0.5,0
SHP100258,2025-03-20 07:48:23.419516,WH-Kolkata,West,Carrier A,Rail,92.7,289.2,125,625,1417.16,1.1,0
SHP100830,2025-09-09 23:26:22.318598,WH-Bengaluru,South,Carrier C,Road,440.4,81.5,140,3513,5355.06,0.9,0
SHP100035,2025-01-11 15:00:45.037531,WH-Bengaluru,West,Carrier D,Sea,809.1,545.0,122,2525,4636.66,2.1,1
SHP100555,2025-06-18 11:46:11.309424,WH-Kolkata,East,Carrier D,Road,1227.8,98.7,119,455,14899.55,2.3,1
SHP100231,2025-03-12 03:04:57.247706,WH-Kolkata,West,Carrier B,Road,916.8,251.3,99,147,11747.64,2.2,1
SHP100736,2025-08-12 10:32:55.646371,WH-Kolkata,East,Carrier D,Road,504.5,442.4,111,781,7107.81,0.7,0
SHP100936,2025-10-12 03:45:47.289407,WH-Kolkata,West,Carrier A,Sea,1714.4,249.8,103,1400,8060.3,2.6,1
SHP100006,2025-01-02 19:42:59.149291,WH-Chennai,Central,,Road,354.8,,133,2413,4171.42,0.5,0
SHP100573,2025-06-23 22:55:08.757297,WH-Bengaluru,East,Carrier A,Sea,402.0,154.4,111,3851,2271.25,0.4,0
SHP100527,2025-06-09 23:45:35.279399,WH-Kolkata,West,Carrier B,Rail,360.4,283.0,94,4177,,0.6,0
SHP100047,2025-01-15 06:26:43.336113,WH-Mumbai,East,Carrier A,road,397.4,311.1,129,4087,5704.54,0.6,0
SHP101062,2025-11-19 09:48:29.424520,WH-Kolkata,North,Carrier D,Road,200.9,176.4,114,1852,2514.55,1.4,0
SHP101017,2025-11-05 17:56:05.804837,WH-Delhi,Central,Carrier C,Road,291.2,312.4,127,952,4652.21,0.3,0
SHP100705,2025-08-03 00:40:50.041701,WH-Delhi,West,Carrier D,Road,1135.4,257.0,117,2791,14500.15,0.8,0
SHP100363,2025-04-21 04:50:38.532110,WH-Bengaluru,East,Carrier B,Rail,496.6,130.1,119,3333,4218.67,1.3,0
SHP100094,2025-01-29 12:53:26.672226,WH-Chennai,South,Carrier A,Sea,571.4,148.4,124,1683,2926.54,1.4,1
SHP100538,2025-06-13 07:54:23.719766,WH-Chennai,West,Carrier B,Road,719.8,369.5,133,3358,9922.13,0.4,0
SHP101038,2025-11-12 02:56:32.827356,WH-Delhi,South,Carrier C,Road,216.2,162.6,103,4311,2872.87,0.2,0
SHP101104,2025-12-02 03:49:23.469557,WH-Chennai,South,Carrier B,Sea,650.0,229.1,93,256,3453.49,2.2,1
SHP100428,2025-05-10 22:26:19.316096,WH-Delhi,South,Carrier D,Road,296.7,208.3,131,1908,4947.2,0.4,0
SHP100960,2025-10-19 10:37:43.886572,WH-Delhi,East,Carrier C,Rail,307.1,170.1,120,536,3126.67,1.1,0
SHP100487,2025-05-28 20:19:00.950792,WH-Delhi,West,Carrier A,Air,316.0,401.1,108,3266,18641.6,0.2,0
SHP100148,2025-02-14 22:20:19.015846,WH-Mumbai,South,Carrier D,Road,312.4,131.2,123,3825,4434.85,0.5,0
SHP100581,2025-06-26 09:12:27.623019,WH-Delhi,West,Carrier B,Road,692.0,36.8,119,1921,8341.11,0.7,0
SHP100008,2025-01-03 10:17:18.865721,WH-Bengaluru,South,Carrier B,Rail,554.7,71.2,133,3530,4737.69,0.2,0
SHP100684,2025-07-27 15:40:23.019182,WH-Chennai,North,Carrier B,Road,548.9,399.1,126,1718,6787.53,0.5,0
SHP100120,2025-02-06 10:19:42.985821,WH-Bengaluru,North,Carrier B,Road,264.3,371.8,119,806,3672.58,0.2,0
SHP100827,2025-09-09 01:34:52.743953,WH-Chennai,West,Carrier B,Air,1722.8,136.3,139,2750,95296.63,1.0,0
SHP100547,2025-06-16 01:28:52.443703,WH-Mumbai,Central,Carrier D,Road,1041.7,259.8,112,1046,12374.02,1.8,1
SHP100725,2025-08-09 02:24:07.206005,WH-Kolkata,East,Carrier C,Road,522.9,516.9,118,1304,7301.07,1.2,0
SHP100019,2025-01-06 18:26:07.306088,WH-Delhi,Central,Carrier A,road,231.4,50.2,123,4507,3094.96,1.4,1
SHP100087,2025-01-27 09:53:17.664720,WH-Delhi,North,Carrier C,Road,536.3,450.6,125,1110,7960.27,1.4,0
SHP100311,2025-04-05 09:58:05.904920,WH-Kolkata,Central,Carrier C,Air,312.8,250.9,96,4881,18033.09,0.4,0
SHP100742,2025-08-14 06:15:54.795663,WH-Mumbai,North,Carrier B,Road,488.3,168.1,136,3700,5925.24,0.8,0
SHP100816,2025-09-05 17:26:04.303586,WH-Delhi,North,Carrier A,Sea,432.5,159.7,135,3288,3500.74,1.1,0
SHP100471,2025-05-23 23:44:23.219349,WH-Mumbai,South,Carrier C,Road,360.6,94.1,124,4785,4150.9,0.8,0
SHP100186,2025-02-26 11:12:33.628023,WH-Bengaluru,North,Carrier C,air,486.2,238.1,122,782,26853.79,1.0,0
SHP101156,2025-12-17 22:41:56.096747,WH-Mumbai,South,Carrier C,Rail,561.4,76.8,120,1318,3846.77,,0
SHP100239,2025-03-14 13:22:16.113427,WH-Kolkata,West,Carrier B,Road,687.3,157.9,134,4933,7926.6,0.3,0
SHP100840,2025-09-13 00:18:00.900750,WH-Delhi,East,Carrier A,Rail,263.5,71.3,118,3535,1855.4,0.9,0
SHP100101,2025-01-31 15:53:35.679733,WH-Delhi,West,Carrier C,Sea,611.8,256.4,123,990,2794.49,2.4,1
SHP100571,2025-06-23 08:20:49.040867,WH-Bengaluru,West,Carrier D,Road,306.1,271.6,111,362,4832.5,0.3,0
SHP100521,2025-06-08 04:02:36.130108,WH-Kolkata,East,Carrier C,Air,695.8,239.0,126,2515,38426.9,0.5,0
SHP101194,2025-12-29 11:34:10.708924,WH-Chennai,West,Carrier A,Road,706.2,200.9,122,268,8707.09,1.0,0
SHP100198,2025-03-02 02:38:31.926605,WH-Chennai,South,Carrier A,Sea,332.6,160.3,135,2716,2163.44,1.1,0
SHP100602,2025-07-02 18:12:54.645537,WH-Delhi,North,Carrier A,Rail,698.4,361.2,125,2648,5910.92,0.5,0
SHP100888,2025-09-27 14:01:54.095079,WH-Kolkata,West,Carrier C,Road,500.0,141.4,107,2192,5672.87,0.8,0
SHP100978,2025-10-24 21:46:41.334445,WH-Delhi,South,Carrier B,Sea,1248.4,277.0,113,2847,5878.98,2.8,1
SHP100664,2025-07-21 13:57:05.854879,WH-Chennai,Central,Carrier C,Road,830.3,490.7,97,160,12068.5,1.2,0
SHP100382,2025-04-26 23:16:45.838198,WH-Delhi,South,Carrier C,Road,337.3,150.4,123,4312,4441.42,0.6,0
SHP100700,2025-08-01 12:15:00.750625,WH-Kolkata,South,Carrier A,Rail,334.1,146.3,126,1841,2884.9,0.9,0
SHP100204,2025-03-03 22:21:31.075896,WH-Kolkata,Central,Carrier D,Road,173.8,904.7,119,2938,3245.19,0.3,0
SHP100702,2025-08-02 02:49:20.467055,WH-Bengaluru,South,Carrier A,Road,280.4,176.2,129,721,3324.44,1.2,0
SHP100393,2025-04-30 07:25:34.278565,WH-Chennai,East,Carrier B,Rail,341.7,82.2,135,4922,3006.87,0.2,0
SHP100935,2025-10-11 20:28:37.431192,WH-Delhi,South,Carrier A,Road,920.4,409.2,123,4812,12148.17,2.4,0
SHP100582,2025-06-26 16:29:37.481234,WH-Chennai,North,Carrier C,Air,980.7,220.6,124,630,54180.5,0.6,0
SHP100512,2025-06-05 10:28:07.406171,WH-Bengaluru,East,Carrier D,Rail,645.1,226.4,129,1967,5119.57,0.2,0
SHP100041,2025-01-13 10:43:44.186822,WH-Mumbai,West,Carrier D,Air,999.2,71.8,110,469,55713.99,0.2,0
SHP100283,2025-03-27 21:57:29.874895,WH-Delhi,North,Carrier C,Road,171.6,97.8,136,1532,2656.51,0.8,0
SHP100650,2025-07-17 07:56:47.839866,WH-Delhi,South,Carrier A,Road,1127.7,98.1,118,3546,13567.21,1.8,1
SHP100639,2025-07-13 23:47:59.399499,WH-Kolkata,West,Carrier B,Rail,1291.0,243.4,129,2661,9693.83,0.7,0
SHP100620,2025-07-08 05:21:52.093411,WH-Chennai,East,Carrier B,Road,152.4,227.3,136,4979,2156.22,1.279504021036675,0
SHP100455,2025-05-19 03:09:45.487906,WH-Bengaluru,South,Carrier B,Road,468.5,133.0,142,30,5308.06,0.5,0
SHP100868,2025-09-21 12:18:36.930775,WH-Chennai,West,Carrier B,Road,522.6,181.2,123,4559,7386.41,1.5,0
SHP100154,2025-02-16 18:03:18.165137,WH-Kolkata,North,Carrier B,Air,300.6,80.9,127,3521,16322.33,1.0,0
SHP100559,2025-06-19 16:54:50.742285,WH-Chennai,South,Carrier D,Road,111.3,209.9,115,1946,1712.17,,0
SHP100776,2025-08-24 13:59:29.974979,WH-Kolkata,West,Carrier C,Road,434.9,752.8,131,4251,,0.9,0
SHP100111,2025-02-03 16:45:14.261884,WH-Delhi,North,Carrier A,Road,636.2,151.4,126,3692,8611.97,0.7,0
SHP100937,2025-10-12 11:02:57.147623,WH-Bengaluru,Central,Carrier D,Road,539.4,124.4,100,566,6855.12,1.8,1
SHP100880,2025-09-25 03:44:35.229357,WH-Delhi,West,Carrier B,Road,451.2,272.5,112,1965,6155.95,0.2,0
SHP101158,2025-12-18 13:16:15.813177,WH-Kolkata,South,Carrier B,Rail,604.2,184.8,97,2773,5381.01,0.4,0
SHP100903,2025-10-02 03:19:21.968306,WH-Bengaluru,East,Carrier A,Sea,620.1,29.0,110,2219,2705.91,1.5,1
SHP101101,2025-12-01 05:57:53.894912,WH-Mumbai,East,Carrier B,Road,1007.9,502.5,115,4042,13753.44,1.1,0
SHP100912,2025-10-04 20:53:50.692243,WH-Delhi,South,Carrier D,Road,1133.4,145.3,113,3942,13213.82,2.0,1
SHP100864,2025-09-20 07:09:57.497914,WH-Mumbai,West,Carrier C,Road,416.5,200.3,133,338,6236.3,1.9,1
SHP100769,2025-08-22 10:59:20.967472,WH-Delhi,Central,Carrier D,Rail,329.7,242.2,101,1275,3327.15,0.2,0
SHP101098,2025-11-30 08:06:24.320266,WH-Kolkata,West,Carrier D,Road,124.7,187.7,117,535,1487.01,0.4,0
SHP100686,2025-07-28 06:14:42.735613,WH-Mumbai,East,Carrier B,Road,516.9,129.4,103,3181,6387.35,1.2,0
SHP100855,2025-09-17 13:35:28.773978,WH-Bengaluru,Central,Carrier D,Rail,479.0,405.0,115,4286,3927.11,0.9,0
SHP101084,2025-11-26 02:06:06.305254,WH-Delhi,Central,,Road,1384.2,389.6,111,1688,168362.53176506408,1.0,0
SHP100640,2025-07-14 07:05:09.257714,WH-Mumbai,Central,Carrier A,Rail,783.9,95.3,136,464,5558.28,2.0,0
SHP101185,2025-12-26 17:59:41.984987,WH-Mumbai,West,Carrier D,Road,241.6,168.7,122,937,3445.59,0.3,0
SHP100321,2025-04-08 10:49:44.487072,WH-Delhi,South,Carrier A,Sea,505.9,337.4,131,602,2251.92,2.2,1
SHP100163,2025-02-19 11:37:46.889074,WH-Chennai,East,Carrier A,Road,245.4,154.0,147,2451,3140.48,0.3,0
SHP100268,2025-03-23 08:40:02.001668,WH-Kolkata,North,Carrier B,Road,1320.1,458.4,115,1225,17484.82,1.0,0
SHP100994,2025-10-29 18:21:19.065888,WH-Bengaluru,Central,Carrier B,Rail,708.1,257.4,125,4266,6155.23,0.8,0
SHP100078,2025-01-24 16:18:48.940783,WH-Chennai,North,Carrier B,Air,153.3,83.5,118,1830,9267.14,0.2,0
SHP101013,2025-11-04 12:47:26.371976,WH-Chennai,West,Carrier C,Rail,291.1,229.0,118,3347,2162.73,0.7,0
SHP100775,2025-08-24 06:42:20.116763,WH-Delhi,South,Carrier C,Road,924.6,244.6,122,373,11179.06,1.0,0
SHP100228,2025-03-11 05:13:27.673060,WH-Kolkata,Central,Carrier A,Sea,639.6,364.0,133,4521,4119.75,1.4,1
SHP100060,2025-01-19 05:09:51.492910,WH-Mumbai,East,Carrier C,Road,172.6,52.5,124,3166,1944.86,0.8,0
SHP100867,2025-09-21 05:01:27.072560,WH-Bengaluru,East,Carrier B,Air,1091.5,171.9,104,78,60965.83,0.2,0
SHP100990,2025-10-28 13:12:39.633027,WH-Chennai,North,Carrier D,Road,553.5,109.5,129,1416,6774.03,0.3,0
SHP101027,2025-11-08 18:47:44.386989,WH-Kolkata,North,Carrier C,Road,794.8,137.2,121,4848,10406.79,1.5,1
SHP100525,2025-06-09 09:11:15.562969,WH-Bengaluru,Central,Carrier D,Road,681.8,,117,3356,9932.07,1.1,0
SHP101060,2025-11-18 19:14:09.708090,WH-Mumbai,North,Carrier D,Rail,135.7,370.6,117,1967,1690.13,1.3,0
SHP100200,2025-03-02 17:12:51.643035,WH-Chennai,South,Carrier C,Rail,345.9,319.6,103,4482,3573.5,0.5,0
SHP101155,2025-12-17 15:24:46.238532,WH-Kolkata,North,Carrier D,Road,277.2,52.6,122,1769,2601.87,0.7,0
SHP100188,2025-02-27 01:46:53.344453,WH-Chennai,West,Carrier B,Rail,442.8,66.0,110,7,2991.0,0.4,0
SHP100711,2025-08-04 20:23:49.190992,WH-Bengaluru,Central,Carrier C,Road,152.5,677.5,120,4816,2711.98,0.8,0
SHP100828,2025-09-09 08:52:02.602168,WH-Bengaluru,South,Carrier D,Road,737.2,171.8,126,2584,9149.44,0.4,0
SHP101016,2025-11-05 10:38:55.946622,WH-Mumbai,East,Carrier D,Road,545.4,,133,4715,6482.13,0.5,0
SHP100710,2025-08-04 13:06:39.332777,WH-Kolkata,North,Carrier A,Air,552.1,433.2,109,3888,30893.35,0.6,0
SHP100979,2025-10-25 05:03:51.192660,WH-Kolkata,East,Carrier A,Road,474.3,558.6,117,2435,7841.7,1.2,0
SHP100062,2025-01-19 19:44:11.209341,WH-Delhi,East,Carrier C,Road,434.1,66.5,113,183,4894.53,0.5,0
SHP101146,2025-12-14 21:50:17.514595,WH-Mumbai,Central,Carrier D,Road,303.4,137.9,129,3220,3175.76,0.9,0
SHP100288,2025-03-29 10:23:19.165971,WH-Mumbai,Central,Carrier A,Sea,503.1,277.9,109,238,2455.0,1.3,0
SHP100813,2025-09-04 19:34:34.728940,WH-Kolkata,North,Carrier A,Road,403.1,301.9,135,2011,4934.71,1.0,0
SHP100099,2025-01-31 01:19:15.963302,WH-Delhi,West,Carrier D,Road,750.5,542.6,135,4246,10618.43,0.9,0
SHP100304,2025-04-03 06:57:56.897414,WH-Bengaluru,West,Carrier D,Rail,736.5,287.9,130,1221,6855.35,0.8,0
SHP100659,2025-07-20 01:31:16.563803,WH-Kolkata,Central,Carrier D,Road,271.6,304.3,118,111,4267.25,0.8,0
SHP100729,2025-08-10 07:32:46.638865,WH-Mumbai,East,Carrier D,Sea,819.7,140.8,124,4529,3929.38,1.1,0
SHP100647,2025-07-16 10:05:18.265221,WH-Mumbai,North,Carrier D,Sea,215.7,187.9,129,1374,1702.58,0.2,0
SHP100076,2025-01-24 01:44:29.224353,WH-Chennai,South,Carrier D,Sea,243.7,118.5,131,3854,937.0,0.6,0
SHP100211,2025-03-06 01:21:40.083402,WH-Kolkata,East,Carrier C,Sea,581.2,102.6,124,2447,2533.84,2.0,1
SHP101164,2025-12-20 08:59:14.962468,WH-Delhi,West,Carrier C,Air,506.5,227.6,112,1403,28058.79,0.2,0
SHP101144,2025-12-14 07:15:57.798165,WH-Kolkata,South,Carrier B,Road,604.8,278.7,130,3720,,,0
SHP100443,2025-05-15 11:43:47.189324,WH-Chennai,North,Carrier C,Rail,687.0,139.5,111,1439,5039.46,0.3,0
SHP100244,2025-03-16 01:48:05.404503,WH-Kolkata,North,Carrier A,Road,1095.5,533.1,117,1078,14867.38,1.8,1
SHP100587,2025-06-28 04:55:26.772310,WH-Bengaluru,West,Carrier C,Rail,351.4,261.1,118,3667,3507.22,0.2,0
SHP100336,2025-04-13 00:07:12.360300,WH-Delhi,West,Carrier A,Air,900.8,228.7,140,175,50531.89,0.7,0
SHP100205,2025-03-04 05:38:40.934111,WH-Kolkata,West,Carrier A,Road,298.3,410.7,132,905,4090.39,0.4,0
SHP100607,2025-07-04 06:38:43.936613,WH-Mumbai,Central,Carrier A,Road,560.8,371.6,124,4937,8454.12,0.3,0
SHP100927,2025-10-09 10:11:18.565471,WH-Chennai,West,Carrier D,Sea,388.2,146.7,122,507,1630.51,1.0,0
SHP100220,2025-03-08 18:56:08.807339,WH-Bengaluru,South,Carrier A,Road,287.9,354.9,111,1925,4103.1,0.2,0
SHP100262,2025-03-21 12:57:02.852376,WH-Mumbai,North,Carrier C,Road,461.8,417.3,111,1418,6785.12,1.6,1
SHP100034,2025-01-11 07:43:35.179316,WH-Kolkata,East,Carrier B,Road,851.3,197.5,98,1597,10514.15,1.7,1
SHP100085,2025-01-26 19:18:57.948290,WH-Kolkata,South,Carrier C,Sea,201.5,262.8,133,842,1543.52,1.4,1
SHP100857,2025-09-18 04:09:48.490408,WH-Mumbai,Central,Carrier C,Road,819.1,128.6,140,4718,9389.5,0.7,0
SHP100156,2025-02-17 08:37:37.881567,WH-Bengaluru,East,Carrier D,Road,745.6,277.6,114,3871,9770.51,1.0,0
SHP101124,2025-12-08 05:32:40.633861,WH-Kolkata,East,Carrier D,Road,292.6,144.9,130,398,3699.57,0.2,0
SHP100516,2025-06-06 15:36:46.839032,WH-Kolkata,East,Carrier D,Road,524.4,316.8,106,4901,7414.18,0.8,0
SHP100861,2025-09-19 09:18:27.923269,WH-Mumbai,Central,Carrier C,Road,445.1,177.0,109,1787,47269.695503082345,0.2,0
SHP100554,2025-06-18 04:29:01.451209,WH-Delhi,South,Carrier B,Rail,307.4,180.7,108,1143,2570.51,0.2,0
SHP101115,2025-12-05 11:58:11.909924,WH-Delhi,South,Carrier D,Road,818.2,137.6,126,4751,10755.66,1.1,0
SHP100653,2025-07-18 05:48:17.414512,WH-Delhi,North,Carrier C,Road,202.0,83.1,126,1196,,0.7,0
SHP100766,2025-08-21 13:07:51.392827,WH-Mumbai,South,Carrier D,Road,416.9,72.6,109,710,6042.02,0.2,0
SHP100817,2025-09-06 00:43:14.161801,WH-Kolkata,Central,Carrier B,Road,567.9,63.8,125,2914,7195.72,0.7,0
SHP100537,2025-06-13 00:37:13.861551,WH-Mumbai,Central,Carrier A,Road,238.0,230.2,132,4766,3702.23,0.7,0
SHP100947,2025-10-15 11:54:35.729774,WH-Delhi,West,Carrier C,Road,373.8,114.0,124,1310,4886.81,0.2,0
SHP100422,2025-05-09 02:43:20.166805,WH-Bengaluru,West,Carrier B,Sea,632.7,144.9,124,3987,2357.98,1.5,1
SHP100375,2025-04-24 20:16:36.830692,WH-Kolkata,Central,Carrier C,Sea,893.1,324.0,123,4078,5052.4,2.7,1
SHP100481,2025-05-27 00:36:01.801501,WH-Bengaluru,Central,Carrier B,Road,219.8,182.9,126,2059,3369.63,0.2,0
SHP100349,2025-04-16 22:50:20.517097,WH-Mumbai,South,Carrier D,Road,612.1,170.1,106,1801,8288.2,0.8,0
SHP100408,2025-05-04 20:43:02.151793,WH-Mumbai,West,Carrier B,Road,1171.3,27.4,110,764,14072.36,1.6,1
SHP100790,2025-08-28 19:59:47.989991,WH-Delhi,East,Carrier A,Sea,307.1,,123,1388,2229.8,2.5,1
SHP100613,2025-07-06 02:21:43.085904,WH-Mumbai,North,Carrier A,Road,220.4,215.3,129,2957,3314.53,1.4,1
SHP100548,2025-06-16 08:46:02.301918,WH-Chennai,North,Carrier C,Road,588.0,,118,2803,7192.6,0.5,0
SHP100812,2025-09-04 12:17:24.870725,WH-Delhi,North,Carrier C,Sea,417.9,210.1,134,2437,1908.5,2.0,1
SHP100403,2025-05-03 08:17:12.860717,WH-Kolkata,East,Carrier D,Road,342.2,28.6,108,2731,3825.51,0.7,0
SHP100530,2025-06-10 21:37:04.854045,WH-Delhi,Central,Carrier D,Road,302.2,505.3,116,4885,4678.01,1.0,0
SHP100134,2025-02-10 16:20:01.000834,WH-Bengaluru,South,Carrier D,Road,113.8,383.6,103,1918,2540.34,0.8,0
SHP100576,2025-06-24 20:46:38.331943,WH-Kolkata,North,Carrier A,Road,1020.0,338.8,103,84,12959.03,1.8,1
SHP101142,2025-12-13 16:41:38.081734,WH-Mumbai,East,Carrier A,Road,634.1,37.8,116,1176,7674.21,1.3,0
SHP100976,2025-10-24 07:12:21.618015,WH-Kolkata,East,Carrier C,Road,875.2,103.1,132,304,10556.42,0.8,0
SHP100010,2025-01-04 00:51:38.582151,WH-Chennai,East,Carrier A,Road,239.6,418.8,118,4784,4269.65,0.2,0
SHP100482,2025-05-27 07:53:11.659716,WH-Delhi,Central,Carrier D,Air,601.4,428.6,134,1098,33810.88,0.4,0
SHP100298,2025-04-01 11:14:57.748123,WH-Delhi,Central,Carrier C,Road,274.8,52.5,117,85,4089.62,1.3,0
SHP100575,2025-06-24 13:29:28.473728,WH-Kolkata,South,Carrier D,Sea,668.7,339.0,128,2306,4102.36,0.8,0
SHP100623,2025-07-09 03:13:21.668056,WH-Chennai,East,Carrier D,Sea,384.5,307.0,125,648,2499.16,1.5,0
SHP100838,2025-09-12 09:43:41.184320,WH-Kolkata,West,Carrier B,Road,284.3,113.6,136,135,3207.89,2.1,1
SHP101015,2025-11-05 03:21:46.088407,WH-Chennai,Central,Carrier A,Road,514.6,576.9,130,3675,8994.39,1.5,1
SHP100439,2025-05-14 06:35:07.756463,WH-Kolkata,North,Carrier C,Road,469.8,462.4,133,2025,7289.89,1.0,0
SHP100104,2025-02-01 13:45:05.254378,WH-Chennai,Central,Carrier D,road,457.7,259.2,117,3907,5913.77,0.2,0
SHP100872,2025-09-22 17:27:16.363636,WH-Chennai,East,Carrier B,Rail,647.3,373.8,128,4318,5671.7,0.6,0
SHP100853,2025-09-16 23:01:09.057547,WH-Kolkata,East,Carrier B,Road,676.1,274.5,127,1927,9118.32,1.1,0
SHP100619,2025-07-07 22:04:42.235195,WH-Kolkata,East,Carrier D,Rail,193.0,581.8,114,4064,2057.73,0.2,0
SHP100435,2025-05-13 01:26:28.323603,WH-Delhi,East,Carrier C,Sea,329.9,140.7,129,2945,1981.14,0.6,0
SHP100996,2025-10-30 08:55:38.782318,WH-Bengaluru,North,Carrier D,Rail,1007.6,104.0,111,4760,6601.66,0.8,0
SHP101184,2025-12-26 10:42:32.126772,WH-Kolkata,North,Carrier C,Rail,492.1,57.1,128,4492,2974.63,0.2,0
SHP100325,2025-04-09 15:58:23.919933,WH-Kolkata,North,Carrier C,Road,605.5,195.5,127,4507,8612.95,1.2,0
SHP100464,2025-05-21 20:44:14.211843,WH-Bengaluru,Central,Carrier B,Road,540.1,222.7,109,301,7374.18,1.5,1
SHP100998,2025-10-30 23:29:58.498748,WH-Bengaluru,East,Carrier B,Rail,979.5,124.7,118,2978,6934.51,1.2,0
SHP100139,2025-02-12 04:45:50.291909,WH-Kolkata,West,Carrier B,Air,493.5,,127,4,27681.22,1.1,0
SHP101093,2025-11-28 19:40:35.029190,WH-Delhi,South,Carrier C,Road,373.8,82.9,117,2526,4271.58,1.4,1
SHP101045,2025-11-14 05:56:41.834862,WH-Kolkata,West,Carrier D,Road,616.8,223.4,132,2531,7262.29,1.3,0
SHP100165,2025-02-20 02:12:06.605504,WH-Bengaluru,Central,Carrier D,Air,500.8,172.8,120,338,27516.32,0.2,0
SHP100226,2025-03-10 14:39:07.956630,WH-Mumbai,Central,Carrier D,Rail,1269.6,63.5,116,2615,9343.53,1.6,1
SHP100909,2025-10-03 23:02:21.117598,WH-Bengaluru,West,Carrier B,Rail,314.1,220.0,136,2379,2901.63,0.2,0
SHP100180,2025-02-24 15:29:34.478732,WH-Mumbai,East,,Rail,515.3,266.1,132,4118,,1.0,0
SHP100191,2025-02-27 23:38:22.919099,WH-Bengaluru,South,Carrier A,Air,907.2,,142,3139,49973.19,0.3,0
SHP100306,2025-04-03 21:32:16.613844,WH-Delhi,South,Carrier C,Rail,668.0,164.4,125,2804,5320.91,0.3,0
SHP100335,2025-04-12 16:50:02.502085,WH-Mumbai,South,Carrier C,Sea,163.4,278.7,137,3856,668.32,1.3,0
SHP100863,2025-09-19 23:52:47.639699,WH-Delhi,East,Carrier A,Road,1257.3,256.7,109,1336,16149.15,1.2,0
SHP101075,2025-11-23 08:31:37.581317,WH-Mumbai,Central,Carrier C,Road,624.0,87.7,108,541,7412.72,0.9,0
SHP100955,2025-10-17 22:11:54.595496,WH-Chennai,North,Carrier D,Sea,568.2,82.8,125,468,2681.0,2.5,1
SHP100833,2025-09-10 21:17:51.893244,WH-Kolkata,West,Carrier B,Air,270.9,260.1,131,4383,15345.08,0.6,0
SHP100913,2025-10-05 04:11:00.550458,WH-Chennai,North,Carrier B,Rail,399.2,196.0,111,2590,3572.22,0.5,0
SHP100845,2025-09-14 12:43:50.191826,WH-Kolkata,East,Carrier C,Road,126.2,186.6,136,380,2461.66,0.2,0
SHP100783,2025-08-26 16:59:38.982485,WH-Chennai,South,Carrier D,Road,708.1,351.5,142,3123,9455.43,1.7,0
SHP100345,2025-04-15 17:41:41.084236,WH-Mumbai,North,Carrier C,Road,405.0,106.7,109,3271,4757.52,0.8,0
SHP100785,2025-08-27 07:33:58.698915,WH-Kolkata,North,Carrier B,Sea,1434.3,226.9,113,4158,5492.25,3.3,1
SHP101054,2025-11-16 23:31:10.558799,WH-Kolkata,North,Carrier C,Rail,225.4,260.7,110,4787,2558.4,0.3,0
SHP100242,2025-03-15 11:13:45.688073,WH-Mumbai,Central,Carrier A,Road,155.5,81.7,123,2175,1766.68,0.6,0
SHP100017,2025-01-06 03:51:47.589658,WH-Kolkata,Central,Carrier A,Road,399.3,185.1,112,2395,5014.03,1.0,0
SHP100923,2025-10-08 05:02:39.132610,WH-Kolkata,Central,Carrier D,Sea,500.2,102.1,117,1622,2591.07,0.6,0
SHP100869,2025-09-21 19:35:46.788990,WH-Delhi,East,Carrier A,Road,125.3,48.5,115,2652,1404.2,0.2,0
SHP100799,2025-08-31 13:34:16.713928,WH-Delhi,North,Carrier A,Rail,836.3,373.5,117,3214,6107.96,1.7,1
SHP100625,2025-07-09 17:47:41.384487,WH-Delhi,Central,Carrier B,Rail,1385.8,435.3,115,2142,10274.75,0.7,0
SHP100207,2025-03-04 20:13:00.650542,WH-Mumbai,East,Carrier D,Road,778.8,276.9,122,1976,9345.63,2.1,0
SHP100859,2025-09-18 18:44:08.206839,WH-Kolkata,West,Carrier C,Rail,425.3,372.9,121,4681,4519.03,1.6,1
SHP101172,2025-12-22 19:16:33.828190,WH-Delhi,East,Carrier C,Rail,358.7,178.0,118,228,3229.0,0.2,0
SHP100660,2025-07-20 08:48:26.422018,WH-Chennai,North,Carrier A,Road,315.6,164.6,116,682,4294.62,1.4,1
SHP101178,2025-12-24 14:59:32.977481,WH-Delhi,Central,Carrier C,Road,599.4,,135,4349,7960.48,0.5,0
SHP100951,2025-10-16 17:03:15.162635,WH-Kolkata,West,Carrier C,Air,608.7,240.5,129,4257,34643.24,1.3,0
SHP100971,2025-10-22 18:46:32.326939,WH-Mumbai,East,Carrier C,road,720.2,496.7,133,2062,9724.93,1.3,0
SHP100793,2025-08-29 17:51:17.564637,WH-Bengaluru,South,Carrier B,Rail,182.9,576.1,112,2928,2454.98,1.0,0
SHP101191,2025-12-28 13:42:41.134278,WH-Kolkata,East,Carrier B,Rail,659.4,303.8,132,4816,5726.33,1.0,0
SHP100340,2025-04-14 05:15:51.793160,WH-Chennai,South,Carrier A,Road,271.0,185.4,108,4697,3753.05,1.2,0
SHP100175,2025-02-23 03:03:45.187656,WH-Bengaluru,East,Carrier D,Rail,796.0,114.7,129,4468,5601.81,0.7,0
SHP100986,2025-10-27 08:04:00.200166,WH-Mumbai,North,Carrier A,Sea,432.1,475.6,126,1333,2924.56,0.9,0
SHP100320,2025-04-08 03:32:34.628857,WH-Chennai,West,Carrier A,Road,323.5,290.2,128,3781,5169.22,1.4,0
SHP100772,2025-08-23 08:50:50.542118,WH-Mumbai,West,Carrier C,Rail,604.6,239.5,110,2993,4737.41,1.4,0
SHP100953,2025-10-17 07:37:34.879065,WH-Mumbai,Central,Carrier B,Rail,210.2,62.7,136,2228,1028.38,0.5,0
SHP100463,2025-05-21 13:27:04.353628,WH-Mumbai,Central,Carrier D,Road,1043.3,276.2,126,3149,12832.55,1.4,0
SHP100372,2025-04-23 22:25:07.256046,WH-Mumbai,North,Carrier D,Road,159.9,179.9,97,2093,2442.85,1.0,0
SHP101055,2025-11-17 06:48:20.417014,WH-Delhi,North,Carrier A,Sea,369.1,312.2,134,833,1578.79,1.8,0
SHP100480,2025-05-26 17:18:51.943286,WH-Kolkata,Central,Carrier D,Road,419.8,53.5,122,527,5078.81,0.8,0
SHP100404,2025-05-03 15:34:22.718932,WH-Delhi,West,Carrier B,Road,859.1,127.4,125,2415,10841.08,0.8,0
SHP100801,2025-09-01 04:08:36.430358,WH-Delhi,West,Carrier C,Road,391.3,687.1,100,3766,5998.93,0.5,0
SHP101186,2025-12-27 01:16:51.843202,WH-Chennai,West,Carrier A,Road,415.9,402.5,129,439,5879.48,0.2,0
SHP100426,2025-05-10 07:51:59.599666,WH-Chennai,Central,Carrier B,Road,193.6,300.6,115,2612,2115.27,1.6,1
SHP100329,2025-04-10 21:07:03.352793,WH-Delhi,Central,Carrier A,Road,95.6,100.1,108,3467,1758.46,0.3,0
SHP100531,2025-06-11 04:54:14.712260,WH-Delhi,South,Carrier D,Road,333.7,374.0,122,594,,0.3,0
SHP100326,2025-04-09 23:15:33.778148,WH-Kolkata,North,Carrier A,Road,366.6,112.2,135,527,4035.16,1.4,1
SHP100858,2025-09-18 11:26:58.348623,WH-Kolkata,West,Carrier A,Road,216.5,242.5,121,2918,2941.19,1.3,0
SHP100744,2025-08-14 20:50:14.512093,WH-Chennai,Central,Carrier D,Air,472.7,580.1,133,2399,27902.23,0.6,0
SHP101189,2025-12-27 23:08:21.417848,WH-Delhi,Central,Carrier D,Air,749.5,107.7,116,3345,41666.04,1.1,0
SHP100059,2025-01-18 21:52:41.634695,WH-Delhi,North,Carrier B,Road,560.9,591.5,129,4061,8131.77,1.1,0
SHP100013,2025-01-04 22:43:08.156797,WH-Delhi,West,Carrier D,Sea,416.6,388.4,114,1145,3547.5,1.5,1
SHP100432,2025-05-12 03:34:58.748957,WH-Chennai,Central,Carrier B,Road,861.1,180.0,97,2381,10518.81,1.2,0
SHP100830,2025-09-09 23:26:22.318598,WH-Bengaluru,South,Carrier C,Road,440.4,81.5,140,3513,5355.06,0.9,0
SHP100418,2025-05-07 21:34:40.733944,WH-Delhi,North,Carrier A,Road,285.6,189.0,131,700,4618.82,1.4,1
SHP100535,2025-06-12 10:02:54.145120,WH-Kolkata,North,Carrier A,Air,167.8,159.8,132,3555,9478.0,1.5,0
SHP100940,2025-10-13 08:54:26.722268,WH-Bengaluru,South,,Road,980.8,326.6,115,3787,12714.34,1.3,0
SHP100699,2025-08-01 04:57:50.892410,WH-Bengaluru,West,Carrier A,Road,438.1,118.6,119,4257,5903.09,1.5,1
SHP100091,2025-01-28 15:01:57.097581,WH-Chennai,West,Carrier B,Rail,572.7,445.8,113,1169,5089.05,0.7,0
SHP101118,2025-12-06 09:49:41.484570,WH-Mumbai,East,Carrier B,Rail,648.3,238.6,120,3940,4525.55,0.9,0
SHP100322,2025-04-08 18:06:54.345287,WH-Delhi,South,Carrier A,Sea,435.7,585.3,124,439,3294.45,0.8,0
SHP100520,2025-06-07 20:45:26.271893,WH-Delhi,West,Carrier D,Road,493.8,171.4,109,1675,6134.91,0.2,0
SHP100331,2025-04-11 11:41:23.069224,WH-Chennai,West,,Sea,485.4,,104,703,2879.52,1.5,1
SHP100644,2025-07-15 12:13:48.690575,WH-Delhi,North,Carrier B,Road,883.8,195.0,108,1773,11052.94,2.0,1
SHP100473,2025-05-24 14:18:42.935779,WH-Kolkata,North,Carrier A,Air,366.8,242.7,125,3898,20803.86,0.2,0
SHP100053,2025-01-17 02:09:42.485404,WH-Kolkata,East,Carrier D,Road,583.3,33.1,118,1672,6799.74,0.2,0
SHP100746,2025-08-15 11:24:34.228523,WH-Chennai,Central,Carrier B,Road,483.0,151.5,108,1172,6521.47,1.1,0
SHP100003,2025-01-01 21:51:29.574645,WH-Chennai,North,Carrier C,Road,414.4,104.5,112,4511,5363.71,2.3,0
SHP100479,2025-05-26 10:01:42.085070,WH-Mumbai,South,Carrier B,Rail,831.4,266.7,123,331,6546.08,1.2,0
SHP100494,2025-05-30 23:19:09.958298,WH-Chennai,East,Carrier B,Air,1225.0,202.9,113,4091,67423.44,0.2,0
SHP100256,2025-03-19 17:14:03.703085,WH-Mumbai,Central,Carrier C,Rail,133.2,224.4,134,171,1371.47,0.2,0
SHP100048,2025-01-15 13:43:53.194328,WH-Bengaluru,East,Carrier B,Road,418.3,172.0,120,761,5398.52,0.2,0
SHP101187,2025-12-27 08:34:01.701417,WH-Kolkata,Central,Carrier D,Rail,243.0,54.6,121,2358,2466.99,0.2,0
SHP100866,2025-09-20 21:44:17.214345,WH-Chennai,South,Carrier C,Rail,1274.4,1017.4,113,1196,11967.67,0.9,0
SHP100215,2025-03-07 06:30:19.516263,WH-Delhi,West,Carrier D,Road,548.9,286.9,131,3604,8012.4,0.9,0
SHP100486,2025-05-28 13:01:51.092577,WH-Delhi,North,Carrier B,Road,340.2,9.0,143,2330,3837.59,0.6,0
SHP100577,2025-06-25 04:03:48.190158,WH-Bengaluru,Central,Carrier A,Road,806.3,551.7,110,1824,11723.47,0.8,0
SHP100072,2025-01-22 20:35:49.791492,WH-Kolkata,North,Carrier C,Road,900.4,41.5,113,3336,10672.62,0.6,0
SHP101122,2025-12-07 14:58:20.917431,WH-Kolkata,North,Carrier A,Sea,868.3,138.2,112,2944,4179.62,1.1,0
SHP100674,2025-07-24 14:48:44.437030,WH-Mumbai,North,Carrier D,Rail,244.1,64.9,133,302,1895.91,,0
SHP100002,2025-01-01 14:34:19.716430,WH-Chennai,East,Carrier C,Air,414.4,50.5,132,3177,22688.95,1.2,0
SHP101113,2025-12-04 21:23:52.193494,WH-Chennai,East,Carrier D,Air,318.3,357.0,127,916,19118.62,0.2,0
SHP100890,2025-09-28 04:36:13.811509,WH-Delhi,Central,Carrier D,Road,151.6,609.9,115,245,4160.2,0.6,0
SHP100241,2025-03-15 03:56:35.829858,WH-Kolkata,Central,Carrier C,Road,647.6,789.0,118,4125,9020.19,0.9,0
SHP100661,2025-07-20 16:05:36.280233,WH-Delhi,West,Carrier B,Sea,186.7,88.2,103,1161,706.9,1.0,0
SHP100950,2025-10-16 09:46:05.304420,WH-Bengaluru,North,Carrier C,Sea,1080.4,167.8,100,4736,4915.41,2.0,0
SHP101025,2025-11-08 04:13:24.670558,WH-Kolkata,East,Carrier B,road,524.5,11.4,132,3357,6328.83,1.1,0
SHP101042,2025-11-13 08:05:12.260216,WH-Chennai,North,Carrier C,Sea,528.5,8.9,118,3930,2323.03,1.2,0
SHP100597,2025-07-01 05:47:05.354462,WH-Bengaluru,Central,Carrier C,Road,1107.2,411.8,126,4134,14569.67,1.1,0
SHP100959,2025-10-19 03:20:34.028356,WH-Mumbai,North,Carrier D,Rail,241.9,,107,1436,1758.9,0.8,0
SHP100509,2025-06-04 12:36:37.831526,WH-Kolkata,Central,Carrier D,Road,675.4,132.9,113,1634,8551.12,0.8,0
SHP100780,2025-08-25 19:08:09.407839,WH-Delhi,East,Carrier D,Rail,144.8,211.8,123,2398,1123.31,0.2,0
SHP100886,2025-09-26 23:27:34.378648,WH-Bengaluru,East,Carrier C,Road,61.9,241.9,117,4352,915.32,0.9,0
SHP100073,2025-01-23 03:52:59.649708,WH-Mumbai,West,Carrier B,Road,736.7,240.5,109,782,8462.81,1.3,0
SHP100117,2025-02-05 12:28:13.411175,WH-Chennai,Central,Carrier D,Sea,158.2,379.4,126,1771,2559.07,0.7,0
SHP101092,2025-11-28 12:23:25.170975,WH-Mumbai,South,Carrier B,Road,576.4,238.7,133,2366,6981.08,1.5,0
SHP100893,2025-09-29 02:27:43.386155,WH-Mumbai,North,Carrier D,Air,197.7,105.9,133,865,11849.21,0.9,0
SHP101116,2025-12-05 19:15:21.768140,WH-Mumbai,North,Carrier B,Road,647.2,93.0,135,2114,7872.31,1.3,0
SHP100367,2025-04-22 09:59:17.964970,WH-Bengaluru,North,Carrier D,Road,239.7,237.7,115,4133,2581.63,1.0,0
SHP100005,2025-01-02 12:25:49.291075,WH-Kolkata,West,Carrier C,Road,742.8,48.3,126,3881,9011.8,1.5,1
SHP101140,2025-12-13 02:07:18.365304,WH-Chennai,West,Carrier B,Road,544.3,132.1,121,3924,6923.59,0.6,0
SHP100875,2025-09-23 15:18:45.938281,WH-Bengaluru,West,Carrier A,Road,1212.1,320.1,138,827,15878.49,1.9,0
SHP100651,2025-07-17 15:13:57.698081,WH-Mumbai,Central,Carrier C,Road,626.0,380.8,123,3977,9016.54,0.3,0
SHP101007,2025-11-02 17:04:27.222685,WH-Kolkata,West,Carrier B,Road,303.9,244.8,109,3837,4664.17,0.7,0
SHP100330,2025-04-11 04:24:13.211009,WH-Chennai,Central,Carrier A,Road,240.5,153.9,122,1361,2886.79,0.7,0
SHP100943,2025-10-14 06:45:56.296914,WH-Kolkata,South,Carrier C,Road,971.1,422.0,112,3547,12622.55,1.4,0
SHP100011,2025-01-04 08:08:48.440366,WH-Chennai,South,Carrier C,Rail,578.4,278.6,103,2058,4889.29,0.9,0
SHP101145,2025-12-14 14:33:07.656380,WH-Chennai,North,Carrier D,Road,345.4,558.9,90,4880,5469.33,0.9,0
SHP100982,2025-10-26 02:55:20.767306,WH-Mumbai,Central,Carrier D,Road,229.6,153.7,120,3936,3041.53,0.3,0
SHP100693,2025-07-30 09:14:51.743119,WH-Mumbai,North,Carrier A,Road,948.1,677.2,122,2275,13770.27,2.5,1
SHP100264,2025-03-22 03:31:22.568807,WH-Chennai,North,Carrier D,Sea,340.4,79.8,130,3372,2033.33,1.8,1
SHP100894,2025-09-29 09:44:53.244370,WH-Kolkata,North,Carrier A,Rail,630.6,325.7,132,2087,4926.93,0.2,0
SHP100056,2025-01-18 00:01:12.060050,WH-Bengaluru,Central,Carrier B,Rail,301.8,94.0,147,4939,2477.39,0.7,0
SHP100250,2025-03-17 21:31:04.553794,WH-Delhi,Central,Carrier C,Road,863.2,186.7,127,3358,10911.68,0.5,0
SHP100612,2025-07-05 19:04:33.227689,WH-Chennai,South,Carrier A,Rail,381.2,247.9,122,1255,3484.58,0.2,0
SHP101170,2025-12-22 04:42:14.111759,WH-Bengaluru,East,Carrier B,Sea,335.7,236.1,123,1210,2736.95,1.3,0
SHP100054,2025-01-17 09:26:52.343619,WH-Mumbai,West,Carrier A,Road,509.1,338.8,114,2836,7662.46,1.5,0
SHP100589,2025-06-28 19:29:46.488740,WH-Kolkata,Central,Carrier C,Air,330.3,474.4,113,1648,19104.21,0.2,0
SHP100233,2025-03-12 17:39:16.964136,WH-Mumbai,East,Carrier A,Sea,998.1,89.2,110,4353,4457.21,2.4,1
SHP100084,2025-01-26 12:01:48.090075,WH-Chennai,East,Carrier A,Road,761.0,139.7,123,190,10270.22,1.2,0
SHP100488,2025-05-29 03:36:10.809007,WH-Chennai,West,Carrier D,Road,921.2,139.9,127,1032,11920.33,,1
SHP100944,2025-10-14 14:03:06.155129,WH-Delhi,West,Carrier A,Sea,473.3,82.0,114,3251,1498.14,0.9,0
SHP100495,2025-05-31 06:36:19.816513,WH-Chennai,West,Carrier C,Road,321.5,260.4,129,443,4568.09,0.2,0
SHP100125,2025-02-07 22:45:32.276897,WH-Kolkata,Central,Carrier A,Road,861.2,214.6,136,3957,10848.6,1.3,0
SHP100672,2025-07-24 00:14:24.720600,WH-Kolkata,West,Carrier D,Rail,290.7,46.0,112,4750,,0.2,0
SHP100187,2025-02-26 18:29:43.486238,WH-Delhi,Central,Carrier C,Rail,581.7,307.1,120,4055,4966.48,1.7,1
SHP101168,2025-12-21 14:07:54.395329,WH-Chennai,East,Carrier B,Road,480.2,313.9,126,4881,6629.73,0.2,0
SHP100701,2025-08-01 19:32:10.608840,WH-Kolkata,North,Carrier C,Road,179.5,130.8,106,4800,,0.2,0
SHP100151,2025-02-15 20:11:48.590492,WH-Mumbai,Central,Carrier A,Road,1413.0,326.9,124,148,18078.78,1.0,0
SHP101018,2025-11-06 01:13:15.663052,WH-Kolkata,North,Carrier A,Sea,870.8,29.4,121,3300,,1.2,0
SHP100673,2025-07-24 07:31:34.578815,WH-Bengaluru,South,Carrier A,Sea,402.1,40.8,111,3107,903.35,1.5,1
SHP100388,2025-04-28 18:59:44.987489,WH-Delhi,North,Carrier C,Rail,285.7,55.2,117,2674,2379.76,1.2,0
SHP100137,2025-02-11 14:11:30.575479,WH-Mumbai,West,Carrier C,Road,298.9,,105,1405,3715.92,0.7,0
SHP101197,2025-12-30 09:25:40.283569,WH-Kolkata,Central,Carrier B,Road,1094.5,360.9,119,1388,13787.59,1.9,1
SHP100172,2025-02-22 05:12:15.613010,WH-Mumbai,North,Carrier D,Rail,319.2,108.5,133,4076,2663.27,0.3,0
SHP100887,2025-09-27 06:44:44.236864,WH-Kolkata,West,Carrier B,Road,789.6,412.5,106,184,9967.94,1.4,1
SHP100965,2025-10-20 23:03:33.177648,WH-Delhi,East,Carrier C,Road,706.1,147.4,112,1840,,0.4,0
SHP101181,2025-12-25 12:51:02.552126,WH-Delhi,West,Carrier B,Road,1142.8,220.6,99,3459,14418.36,1.7,1
SHP100966,2025-10-21 06:20:43.035863,WH-Bengaluru,South,Carrier B,Rail,1283.0,,108,850,9958.68,1.2,0
SHP100223,2025-03-09 16:47:38.381984,WH-Chennai,South,Carrier A,Road,87.2,71.3,126,2637,1142.95,1.1,0
SHP100899,2025-09-30 22:10:42.535446,WH-Mumbai,Central,Carrier C,Road,498.4,108.7,140,532,6757.17,0.8,0
SHP100177,2025-02-23 17:38:04.904086,WH-Mumbai,West,Carrier D,Road,275.2,228.5,115,3041,,0.5,0
SHP100655,2025-07-18 20:22:37.130942,WH-Delhi,Central,Carrier A,Air,1008.6,,103,796,56783.92,0.5,0
SHP101128,2025-12-09 10:41:20.066722,WH-Delhi,North,Carrier D,Road,545.5,136.4,124,2216,6674.85,1.0,0
SHP100604,2025-07-03 08:47:14.361968,WH-Bengaluru,North,Carrier B,Road,1058.0,220.5,113,1102,12694.22,1.6,1
SHP100374,2025-04-24 12:59:26.972477,WH-Delhi,Central,Carrier B,Road,1254.4,552.5,114,304,16564.96,0.9,0
SHP100491,2025-05-30 01:27:40.383653,WH-Kolkata,North,Carrier D,Road,335.3,260.8,104,4686,5362.56,1.2,0
SHP100924,2025-10-08 12:19:48.990825,WH-Chennai,Central,Carrier B,Rail,776.8,208.2,119,4957,6050.56,0.6,0
SHP101003,2025-11-01 11:55:47.789824,WH-Chennai,Central,Carrier A,Road,1170.5,125.0,107,545,14394.28,1.9,1
SHP100541,2025-06-14 05:45:53.294412,WH-Chennai,West,Carrier A,Road,697.6,151.3,119,1844,8453.36,0.9,0
SHP100299,2025-04-01 18:32:07.606338,WH-Kolkata,South,Carrier D,Road,413.1,299.5,110,2493,5676.31,1.2,0
SHP100860,2025-09-19 02:01:18.065054,WH-Chennai,East,Carrier C,Road,456.1,457.7,136,472,7293.31,0.3,0
SHP100528,2025-06-10 07:02:45.137614,WH-Bengaluru,North,Carrier C,Road,539.3,115.5,109,3841,6413.42,2.8,1
SHP100050,2025-01-16 04:18:12.910758,WH-Bengaluru,Central,Carrier A,Rail,279.4,427.6,122,2355,2446.89,0.5,0
SHP100874,2025-09-23 08:01:36.080066,WH-Chennai,South,Carrier C,Road,472.0,104.6,120,1256,5320.13,0.8,0
SHP100774,2025-08-23 23:25:10.258548,WH-Kolkata,West,Carrier C,Road,671.2,190.3,111,2099,8589.09,2.3,1
SHP100932,2025-10-10 22:37:07.856547,WH-Kolkata,West,Carrier A,Road,1026.3,,107,289,13576.87,1.0,0
SHP100032,2025-01-10 17:09:15.462885,WH-Bengaluru,Central,Carrier D,Road,307.3,119.8,100,1473,4717.67,0.6,0
SHP100257,2025-03-20 00:31:13.561301,WH-Bengaluru,South,Carrier C,Road,463.9,,106,4142,5582.61,0.5,0
SHP100238,2025-03-14 06:05:06.255212,WH-Chennai,Central,Carrier C,Rail,359.5,165.5,147,3833,3103.53,0.2,0
SHP101078,2025-11-24 06:23:07.155963,WH-Mumbai,North,Carrier A,Air,693.0,56.1,110,4937,38245.72,0.2,0
SHP100496,2025-05-31 13:53:29.674728,WH-Chennai,South,Carrier A,Air,374.8,93.2,124,4174,21017.98,0.5,0
SHP100895,2025-09-29 17:02:03.102585,WH-Delhi,South,Carrier B,Road,469.6,92.2,119,600,5729.85,0.2,0
SHP100534,2025-06-12 02:45:44.286905,WH-Delhi,West,Carrier B,Air,460.9,78.0,120,1496,25959.18,0.2,0
SHP100825,2025-09-08 11:00:33.027522,WH-Kolkata,Central,Carrier C,Road,486.3,153.4,119,2087,6378.1,0.3,0
SHP100572,2025-06-23 15:37:58.899082,WH-Kolkata,Central,Carrier B,Air,241.7,82.3,117,3938,13978.93,,0
SHP100354,2025-04-18 11:16:09.808173,WH-Kolkata,West,Carrier D,Sea,219.4,163.0,124,2348,1322.77,0.2,0
SHP100939,2025-10-13 01:37:16.864053,WH-Kolkata,East,Carrier B,Road,531.2,495.2,134,1987,7289.85,1.0,0
SHP100683,2025-07-27 08:23:13.160967,WH-Mumbai,Central,Carrier A,Air,621.5,645.4,136,4778,35724.16,0.5,0
SHP100474,2025-05-24 21:35:52.793994,WH-Kolkata,East,Carrier C,Road,401.8,175.1,121,4113,,0.8,0
SHP100472,2025-05-24 07:01:33.077564,WH-Mumbai,East,Carrier A,Rail,1046.5,205.4,132,1881,73123.45803557333,1.4,1
SHP100484,2025-05-27 22:27:31.376146,WH-Delhi,South,Carrier D,Road,639.8,367.4,124,1714,8500.16,1.8,1
SHP101154,2025-12-17 08:07:36.380316,WH-Mumbai,East,Carrier B,Road,183.1,435.3,116,1707,3843.76,1.4,0
SHP100759,2025-08-19 10:07:42.385321,WH-Kolkata,West,Carrier C,Air,321.3,93.0,130,2539,17659.4,0.2,0
SHP100368,2025-04-22 17:16:27.823185,WH-Kolkata,West,,Sea,139.4,245.1,108,628,760.69,1.9,1
SHP100713,2025-08-05 10:58:08.907422,WH-Mumbai,North,Carrier B,Road,598.6,69.3,126,2629,7391.84,1.9,0
SHP100503,2025-06-02 16:53:38.682235,WH-Mumbai,East,Carrier C,Rail,343.4,115.3,93,3318,3014.96,0.6,0
SHP100834,2025-09-11 04:35:01.751459,WH-Kolkata,Central,Carrier C,Road,1157.2,104.8,132,3936,14473.8,0.8,0
SHP101026,2025-11-08 11:30:34.528773,WH-Mumbai,North,Carrier D,Road,1127.0,,124,4971,13367.22,0.7,0
SHP100842,2025-09-13 14:52:20.617180,WH-Kolkata,South,Carrier A,Rail,1187.6,243.4,106,2890,8248.6,1.9,0
SHP100550,2025-06-16 23:20:22.018348,WH-Delhi,North,Carrier B,Sea,694.8,182.2,149,4950,3030.5,0.9,0
SHP100303,2025-04-02 23:40:47.039199,WH-Bengaluru,South,Carrier D,Road,509.8,313.4,111,3456,6350.25,0.6,0
SHP100763,2025-08-20 15:16:21.818181,WH-Bengaluru,North,Carrier A,Sea,816.7,39.1,110,2132,3730.97,1.5,1
SHP100946,2025-10-15 04:37:25.871559,WH-Mumbai,East,Carrier C,Road,659.3,175.6,118,1012,8826.41,0.5,0
SHP100478,2025-05-26 02:44:32.226855,WH-Chennai,South,Carrier C,Road,552.2,567.2,113,4455,7864.14,0.7,0
SHP101023,2025-11-07 13:39:04.954128,WH-Delhi,East,Carrier B,air,645.6,197.4,125,3247,36276.24,1.3,0
SHP100638,2025-07-13 16:30:49.541284,WH-Delhi,West,Carrier C,Road,319.0,94.6,118,155,4431.97,0.6,0
SHP100561,2025-06-20 07:29:10.458715,WH-Delhi,South,Carrier B,Sea,61.9,261.8,114,2376,1141.34,1.3,0
SHP100919,2025-10-06 23:53:59.699749,WH-Mumbai,South,Carrier C,Road,514.1,99.0,115,4208,6283.23,1.6,1
SHP101005,2025-11-02 02:30:07.506255,WH-Chennai,West,Carrier A,Road,187.2,602.4,111,2286,3624.86,0.2,0
SHP100671,2025-07-23 16:57:14.862385,WH-Mumbai,West,Carrier D,Road,567.5,78.6,140,1915,6247.57,2.3,1
SHP101162,2025-12-19 18:24:55.246038,WH-Mumbai,West,Carrier A,road,823.4,375.0,115,3036,10442.45,0.8,0
SHP100958,2025-10-18 20:03:24.170141,WH-Delhi,North,Carrier C,Air,183.1,,105,1139,10696.47,0.2,0
SHP101065,2025-11-20 07:39:58.999165,WH-Bengaluru,Central,Carrier C,Air,615.7,157.3,116,111,34688.81,0.3,0
SHP100768,2025-08-22 03:42:11.109257,WH-Mumbai,North,Carrier D,air,739.5,106.0,134,38,39433.32,1.0,0
SHP100160,2025-02-18 13:46:17.314428,WH-Chennai,North,Carrier A,Rail,170.4,54.4,123,3289,989.21,1.3768605129189444,0
SHP100628,2025-07-10 15:39:10.959132,WH-Kolkata,North,Carrier D,Road,459.3,101.7,110,1545,5893.43,0.2,0
SHP100433,2025-05-12 10:52:08.607172,WH-Chennai,Central,Carrier D,Road,640.1,224.8,113,4127,59112.15164495879,0.9,0
SHP100941,2025-10-13 16:11:36.580483,WH-Delhi,North,Carrier A,Sea,980.6,,135,3865,3384.62,1.6,0
SHP101190,2025-12-28 06:25:31.276063,WH-Mumbai,Central,Carrier C,Road,486.6,92.3,126,4130,5990.97,0.4,0
SHP100989,2025-10-28 05:55:29.774812,WH-Chennai,Central,Carrier C,Road,255.8,152.3,99,3205,3849.33,0.2,0
SHP100926,2025-10-09 02:54:08.707256,WH-Kolkata,East,Carrier A,Road,850.9,179.1,98,1932,10490.49,0.5,0
SHP100815,2025-09-05 10:08:54.445371,WH-Delhi,South,Carrier A,Road,328.2,91.4,113,3044,3985.39,0.8,0
SHP100492,2025-05-30 08:44:50.241868,WH-Kolkata,North,Carrier B,Sea,691.1,16.2,97,2138,2671.9,1.6,1
SHP100385,2025-04-27 21:08:15.412844,WH-Bengaluru,West,Carrier D,Road,947.3,571.7,108,4856,12487.29,2.0,1
SHP100281,2025-03-27 07:23:10.158465,WH-Bengaluru,South,Carrier D,Road,250.4,149.9,118,1257,3403.43,1.4,0
SHP100483,2025-05-27 15:10:21.517931,WH-Bengaluru,North,Carrier D,Air,530.6,127.5,121,211,29378.22,0.2,0
SHP100282,2025-03-27 14:40:20.016680,WH-Kolkata,Central,Carrier C,Road,290.2,61.8,136,2291,4152.69,0.2,0
SHP100437,2025-05-13 16:00:48.040033,WH-Bengaluru,South,Carrier B,Road,903.3,350.9,110,1165,11719.94,0.5,0
SHP100567,2025-06-22 03:12:09.608006,WH-Mumbai,West,Carrier D,Road,213.7,316.9,114,2240,4017.04,0.3,0
SHP101141,2025-12-13 09:24:28.223519,WH-Bengaluru,East,Carrier D,Road,349.5,320.9,122,1623,5384.39,0.8,0
SHP100741,2025-08-13 22:58:44.937447,WH-Delhi,Central,Carrier D,Road,290.4,154.8,122,638,3658.47,1.0674434448955474,0
SHP101166,2025-12-20 23:33:34.678899,WH-Chennai,North,Carrier A,Road,684.7,183.1,121,303,8318.27,1.1,0
SHP101029,2025-11-09 09:22:04.103419,WH-Mumbai,West,Carrier B,Air,298.1,91.5,118,1037,15794.2,0.2,0
SHP101159,2025-12-18 20:33:25.671392,WH-Chennai,South,Carrier C,Road,450.3,126.8,96,2990,5086.67,1.7,1
SHP100121,2025-02-06 17:36:52.844036,WH-Delhi,Central,Carrier B,Rail,526.6,288.7,119,1064,4015.25,0.2,0
SHP100836,2025-09-11 19:09:21.467889,WH-Mumbai,West,Carrier D,Rail,924.6,28.6,111,4507,6237.53,0.6,0
SHP100016,2025-01-05 20:34:37.731442,WH-Kolkata,West,Carrier A,Rail,324.2,357.2,138,1566,3556.93,1.6,1
SHP100907,2025-10-03 08:28:01.401167,WH-Chennai,Central,Carrier C,Road,428.2,263.2,116,2596,5983.72,0.6,0
SHP101182,2025-12-25 20:08:12.410341,WH-Delhi,South,Carrier D,Road,389.7,270.4,134,2269,5204.51,0.6,0
SHP100707,2025-08-03 15:15:09.758131,WH-Bengaluru,South,Carrier A,Sea,239.2,230.4,117,3767,1823.01,0.4,0
SHP100835,2025-09-11 11:52:11.609674,WH-Mumbai,West,Carrier C,Road,605.6,196.0,116,1699,7145.88,1.2,0
SHP100293,2025-03-30 22:49:08.457047,WH-Chennai,East,Carrier B,Sea,175.1,116.5,121,3079,529.14,0.7,0
SHP100670,2025-07-23 09:40:05.004170,WH-Bengaluru,East,Carrier A,Road,739.4,91.9,121,4592,8925.97,1.8,1
SHP100719,2025-08-07 06:41:08.056713,WH-Chennai,South,Carrier B,Road,172.8,138.3,113,1643,2334.41,0.6,0
SHP100106,2025-02-02 04:19:24.970809,WH-Chennai,West,Carrier D,Air,483.8,194.3,124,1080,26942.92,0.7,0
SHP100023,2025-01-07 23:34:46.738949,WH-Chennai,North,Carrier C,Rail,540.2,24.2,114,330,3426.25,1.1,0
SHP100069,2025-01-21 22:44:20.216847,WH-Kolkata,North,Carrier B,Road,1629.1,222.6,125,1796,,1.4,1
SHP100679,2025-07-26 03:14:33.728106,WH-Delhi,South,Carrier D,road,417.0,457.3,112,4768,5008.28,1.5,1
SHP100885,2025-09-26 16:10:24.520433,WH-Kolkata,West,Carrier D,Road,404.6,127.2,129,4826,5604.11,0.3,0
SHP100697,2025-07-31 14:23:31.175979,WH-Chennai,East,Carrier D,Air,612.2,258.6,121,2543,34496.56,0.5,0
SHP100103,2025-02-01 06:27:55.396163,WH-Bengaluru,North,Carrier D,Road,290.8,82.6,136,2299,26521.64188471356,0.2,0
SHP101043,2025-11-13 15:22:22.118432,WH-Chennai,South,Carrier D,Road,236.9,271.8,115,4380,3184.95,,0
SHP100809,2025-09-03 14:25:55.296080,WH-Chennai,East,Carrier D,Rail,273.2,108.9,119,3144,2215.13,0.2,0
SHP100636,2025-07-13 01:56:29.824854,WH-Kolkata,South,Carrier B,Sea,885.0,243.3,121,371,4372.74,1.3,0
SHP101151,2025-12-16 10:16:06.805671,WH-Mumbai,East,Carrier B,Rail,527.1,562.1,109,2788,5718.11,0.7,0
SHP100074,2025-01-23 11:10:09.507923,WH-Bengaluru,South,Carrier C,Road,1021.7,244.8,127,1507,12997.57,0.6,0
SHP100507,2025-06-03 22:02:18.115095,WH-Delhi,South,Carrier A,Road,709.6,147.1,109,2030,8825.44,0.4,0
SHP101106,2025-12-02 18:23:43.185988,WH-Bengaluru,East,Carrier B,Rail,424.3,111.8,108,449,3450.63,0.6,0
SHP100218,2025-03-08 04:21:49.090909,WH-Delhi,West,Carrier A,Air,641.8,144.8,113,20,36047.07,0.5,0
SHP101083,2025-11-25 18:48:56.447039,WH-Chennai,West,Carrier D,Sea,735.1,435.6,107,3904,4178.78,1.0,0
SHP100767,2025-08-21 20:25:01.251042,WH-Bengaluru,Central,Carrier A,Rail,657.4,299.5,132,4304,5514.45,0.9,0
SHP100265,2025-03-22 10:48:32.427022,WH-Delhi,Central,Carrier C,Rail,282.6,285.6,98,2723,2245.68,0.7,0
SHP100631,2025-07-11 13:30:40.533778,WH-Delhi,East,,Road,456.7,469.7,126,4089,7385.13,1.5,0
SHP100579,2025-06-25 18:38:07.906588,WH-Kolkata,Central,Carrier B,Road,313.8,124.1,124,307,4290.0,0.2,0
SHP100434,2025-05-12 18:09:18.465387,WH-Delhi,South,Carrier C,Road,536.4,334.3,126,4963,7640.82,0.9,0
SHP100110,2025-02-03 09:28:04.403669,WH-Mumbai,West,Carrier B,Road,229.0,55.1,108,1600,3163.05,1.0,0
SHP100217,2025-03-07 21:04:39.232693,WH-Delhi,West,Carrier B,Rail,487.2,96.2,119,434,3320.76,1.2,0
SHP100040,2025-01-13 03:26:34.328607,WH-Mumbai,Central,Carrier C,Air,760.6,194.9,133,4425,41989.94,0.2,0
SHP100720,2025-08-07 13:58:17.914929,WH-Kolkata,West,Carrier D,Road,294.6,71.5,123,4849,,0.9,0
SHP100276,2025-03-25 18:57:20.867389,WH-Kolkata,South,Carrier C,Road,158.2,374.2,118,441,2237.46,0.3,0
SHP100339,2025-04-13 21:58:41.934945,WH-Mumbai,North,Carrier C,Road,357.2,486.4,114,305,5027.35,0.5,0
SHP101000,2025-10-31 14:04:18.215179,WH-Delhi,East,Carrier B,Road,146.3,220.8,101,2410,2233.44,1.1,0
SHP100568,2025-06-22 10:29:19.466221,WH-Mumbai,South,Carrier B,Rail,417.9,90.1,126,400,3186.51,0.2,0
SHP100185,2025-02-26 03:55:23.769808,WH-Kolkata,South,Carrier B,Road,975.1,705.7,137,4750,14351.54,0.6,0
SHP100755,2025-08-18 04:59:02.952460,WH-Kolkata,South,Carrier C,Sea,678.8,107.5,130,298,3271.56,1.4,1
SHP100854,2025-09-17 06:18:18.915763,WH-Chennai,West,Carrier B,Road,277.4,328.7,117,2165,4214.09,0.2,0
SHP100061,2025-01-19 12:27:01.351125,WH-Chennai,East,Carrier B,sea,366.7,98.5,110,1319,1636.53,0.3,0
SHP100678,2025-07-25 19:57:23.869891,WH-Kolkata,North,Carrier A,Road,245.3,212.9,113,3245,3010.0,,0
SHP100387,2025-04-28 11:42:35.129274,WH-Mumbai,East,Carrier C,road,173.8,236.8,125,1053,2699.21,0.2,0
SHP100952,2025-10-17 00:20:25.020850,WH-Delhi,West,Carrier B,Road,472.9,506.3,122,1982,7262.48,1.6,0
SHP101102,2025-12-01 13:15:03.753127,WH-Mumbai,South,Carrier B,Road,862.1,55.1,121,375,11012.44,1.0,0
SHP100251,2025-03-18 04:48:14.412010,WH-Chennai,Central,Carrier A,Road,126.4,189.4,102,2438,2759.29,0.2,0
SHP101053,2025-11-16 16:14:00.700583,WH-Delhi,North,Carrier C,Air,138.4,459.9,137,1707,9187.21,0.4,0
SHP100685,2025-07-27 22:57:32.877397,WH-Chennai,South,Carrier A,Road,1003.0,381.3,122,3830,12850.34,1.8,1
SHP100307,2025-04-04 04:49:26.472060,WH-Delhi,West,Carrier B,Road,142.9,242.7,115,1226,2773.09,0.2,0
SHP100193,2025-02-28 14:12:42.635529,WH-Bengaluru,West,Carrier C,Rail,476.4,332.5,115,4051,4529.36,1.2,0
SHP100502,2025-06-02 09:36:28.824020,WH-Chennai,Central,Carrier A,Road,1224.3,63.9,110,3385,14796.45,2.7,1
SHP100033,2025-01-11 00:26:25.321100,WH-Delhi,West,Carrier A,Road,683.2,257.0,122,4734,8451.31,0.8,0
SHP100822,2025-09-07 13:09:03.452877,WH-Kolkata,South,Carrier C,Rail,607.3,122.6,99,3006,4570.2,1.3,0
SHP100057,2025-01-18 07:18:21.918265,WH-Bengaluru,West,Carrier A,Air,390.0,145.9,135,3644,22098.81,,0
SHP100791,2025-08-29 03:16:57.848206,WH-Kolkata,Central,Carrier A,Road,380.4,105.7,119,2197,5014.18,1.1,0
SHP100358,2025-04-19 16:24:49.241034,WH-Mumbai,West,Carrier C,Air,632.3,75.1,115,4062,35002.05,0.6,0
SHP100045,2025-01-14 15:52:23.619683,WH-Bengaluru,Central,Carrier B,Rail,1102.4,626.4,107,4055,9811.79,,0
SHP100988,2025-10-27 22:38:19.916597,WH-Delhi,East,Carrier A,Air,908.9,251.1,111,174,50821.83,1.3,0
SHP100106,2025-02-02 04:19:24.970809,WH-Chennai,West,Carrier D,Air,483.8,194.3,124,1080,26942.92,0.7,0
SHP100802,2025-09-01 11:25:46.288573,WH-Mumbai,South,Carrier B,Air,410.0,57.3,119,4111,,0.8,0
SHP100068,2025-01-21 15:27:10.358632,WH-Delhi,Central,Carrier D,Rail,497.9,144.4,134,3140,4507.15,0.5,0
SHP100318,2025-04-07 12:58:14.912427,WH-Chennai,East,Carrier A,Road,422.8,62.2,108,429,5260.25,0.4,0
SHP100291,2025-03-30 08:14:48.740617,WH-Mumbai,South,Carrier A,Road,426.2,330.3,128,3016,5819.2,1.3,0
SHP100046,2025-01-14 23:09:33.477898,WH-Kolkata,Central,Carrier A,rail,506.0,164.1,114,3679,4638.24,0.4,0
SHP100277,2025-03-26 02:14:30.725604,WH-Delhi,West,Carrier D,Air,1004.3,87.7,118,270,55107.14,0.2,0
SHP101129,2025-12-09 17:58:29.924937,WH-Delhi,Central,Carrier B,Road,701.0,379.5,129,1707,9614.97,0.3,0
SHP100297,2025-04-01 03:57:47.889908,WH-Mumbai,East,Carrier B,Rail,494.4,245.1,126,3741,4187.3,1.2,0
SHP100224,2025-03-10 00:04:48.240200,WH-Mumbai,South,Carrier B,Road,341.5,725.5,114,389,7189.37,0.5,0
SHP100846,2025-09-14 20:01:00.050041,WH-Kolkata,South,Carrier B,Road,156.7,,109,1528,2193.79,0.4,0
SHP100918,2025-10-06 16:36:49.841534,WH-Bengaluru,West,Carrier A,Sea,291.2,50.5,116,1835,709.35,1.1,0
SHP100364,2025-04-21 12:07:48.390325,WH-Bengaluru,Central,Carrier C,Road,878.8,190.9,136,1597,10624.51,1.3,0
SHP101022,2025-11-07 06:21:55.095913,WH-Chennai,East,Carrier B,Road,562.9,246.8,132,4027,7142.51,0.8,0
SHP100366,2025-04-22 02:42:08.106755,WH-Delhi,West,Carrier B,Road,365.1,151.1,130,252,4870.35,0.3,0
SHP100000,2025-01-01 00:00:00.000000,WH-Delhi,East,Carrier B,Road,641.3,218.9,119,2900,8284.64,0.3,0
SHP100066,2025-01-21 00:52:50.642201,WH-Kolkata,West,Carrier A,Sea,108.1,193.4,133,4088,-189.86,0.2,0
SHP101135,2025-12-11 13:41:29.074228,WH-Bengaluru,North,Carrier D,Air,692.0,210.0,126,4435,39005.33,0.8,0
SHP100031,2025-01-10 09:52:05.604670,WH-Chennai,West,Carrier C,Road,375.5,221.2,132,1266,4676.78,0.9,0
SHP100807,2025-09-02 23:51:35.579649,WH-Bengaluru,East,Carrier B,Rail,645.3,612.1,107,4364,6044.48,0.4,0
SHP100294,2025-03-31 06:06:18.315262,WH-Delhi,South,Carrier C,Rail,665.2,282.7,110,2258,4652.92,0.5,0
SHP100113,2025-02-04 07:19:33.978315,WH-Kolkata,West,Carrier B,Rail,721.9,201.7,129,683,5722.05,0.6,0
SHP100245,2025-03-16 09:05:15.262718,WH-Kolkata,North,Carrier D,Road,514.8,188.0,123,3551,5072.41,1.0,0
SHP100415,2025-05-06 23:43:11.159299,WH-Bengaluru,North,Carrier D,Rail,532.0,1314.7,104,3185,7313.38,0.8,0
SHP100161,2025-02-18 21:03:27.172643,WH-Chennai,Central,Carrier B,Air,1040.5,271.4,130,4833,57831.03,0.2,0
SHP100411,2025-05-05 18:34:31.726438,WH-Kolkata,Central,Carrier C,Sea,514.4,133.3,102,4302,2147.42,1.0,0
SHP100897,2025-09-30 07:36:22.819015,WH-Chennai,West,Carrier A,Sea,279.1,297.0,110,2056,1993.8,0.5,0
SHP100761,2025-08-20 00:42:02.101751,WH-Chennai,West,Carrier D,Rail,528.8,127.6,128,3854,,0.4,0
SHP100694,2025-07-30 16:32:01.601334,WH-Kolkata,West,Carrier D,Road,273.9,146.2,118,1494,4035.11,0.7,0
SHP101138,2025-12-12 11:32:58.648874,WH-Bengaluru,West,Carrier B,Road,188.9,8.6,130,3177,2002.72,0.5,0
SHP100992,2025-10-29 03:46:59.349457,WH-Delhi,East,Carrier A,Sea,642.9,18.8,125,4853,2867.72,2.3,1
SHP100247,2025-03-16 23:39:34.979149,WH-Kolkata,North,Carrier B,Road,1202.9,67.2,125,545,14236.61,0.8,0
SHP101123,2025-12-07 22:15:30.775646,WH-Chennai,West,Carrier A,Rail,433.6,246.6,105,3936,3830.97,0.7,0
SHP101120,2025-12-07 00:24:01.201000,WH-Kolkata,South,Carrier A,Road,737.6,234.2,136,2795,9739.15,1.6,1
SHP100092,2025-01-28 22:19:06.955796,WH-Kolkata,South,Carrier B,Air,306.6,294.5,101,2200,17692.92,0.4,0
SHP100381,2025-04-26 15:59:35.979983,WH-Kolkata,West,Carrier B,Road,470.4,350.2,122,1024,6017.47,1.4,0
SHP100114,2025-02-04 14:36:43.836530,WH-Chennai,Central,Carrier D,Road,633.0,303.0,123,3083,8094.64,0.4,0
SHP100786,2025-08-27 14:51:08.557130,WH-Chennai,Central,Carrier C,Road,323.1,374.8,110,508,4475.07,0.9,0
SHP100254,2025-03-19 02:39:43.986655,WH-Chennai,East,Carrier B,Air,1135.5,23.1,103,3343,62333.2,0.9,0
SHP100429,2025-05-11 05:43:29.174311,WH-Kolkata,South,Carrier C,Rail,321.8,422.0,131,1790,,0.2,0
SHP100588,2025-06-28 12:12:36.630525,WH-Mumbai,East,Carrier A,Road,650.7,509.8,95,726,7748.08,0.3,0
SHP100178,2025-02-24 00:55:14.762301,WH-Bengaluru,South,Carrier C,Road,333.5,269.0,107,530,4819.82,0.2,0
SHP100646,2025-07-16 02:48:08.407005,WH-Chennai,East,Carrier D,Road,1138.0,89.1,109,2103,13971.46,1.3,0
SHP100389,2025-04-29 02:16:54.845704,WH-Mumbai,Central,Carrier B,Road,810.9,225.2,112,2567,10705.12,1.1,0
SHP100132,2025-02-10 01:45:41.284403,WH-Chennai,East,Carrier D,Road,413.7,175.1,122,3281,5435.22,0.2,0
SHP100764,2025-08-20 22:33:31.676397,WH-Kolkata,South,Carrier A,Sea,162.5,86.3,114,1709,1111.07,1.0,0
SHP101149,2025-12-15 19:41:47.089241,WH-Kolkata,West,Carrier D,Road,890.7,194.3,108,3562,10999.46,2.1,0
SHP100862,2025-09-19 16:35:37.781484,WH-Bengaluru,West,Carrier B,Road,237.5,238.7,114,113,3762.89,0.8,0
SHP100289,2025-03-29 17:40:29.024186,WH-Chennai,Central,Carrier C,Rail,268.7,285.3,111,914,3064.49,1.2,0
SHP100246,2025-03-16 16:22:25.120934,WH-Bengaluru,Central,Carrier B,Air,1376.3,406.2,109,2352,76547.52,1.2,0
SHP100552,2025-06-17 13:54:41.734778,WH-Mumbai,North,Carrier C,Rail,540.1,115.5,127,551,4170.07,0.8,0
SHP100089,2025-01-28 00:27:37.381150,WH-Chennai,West,Carrier D,Road,748.4,106.3,120,61,8682.06,0.5,0
SHP100192,2025-02-28 06:55:32.777314,WH-Chennai,East,Carrier C,Road,752.3,130.9,134,3789,10465.43,1.1,0
SHP100920,2025-10-07 07:11:09.557964,WH-Mumbai,East,Carrier B,Road,169.2,271.3,128,3526,2741.58,0.5,0
SHP101199,2025-12-31 00:00:00.000000,WH-Mumbai,South,Carrier C,Sea,495.1,153.7,118,3273,2251.82,0.9,0
SHP100436,2025-05-13 08:43:38.181818,WH-Mumbai,East,Carrier B,Rail,516.8,99.3,114,3569,3391.78,0.6,0
SHP101127,2025-12-09 03:24:10.208507,WH-Delhi,West,Carrier D,Air,110.8,232.0,117,2995,7360.07,0.9,0
SHP101087,2025-11-26 23:57:35.879899,WH-Delhi,Central,Carrier C,Rail,1316.4,149.7,113,4670,10130.83,1.3,0
SHP100146,2025-02-14 07:45:59.299416,WH-Bengaluru,West,Carrier A,Air,782.1,223.8,119,3342,43252.62,0.2,0
SHP100118,2025-02-05 19:45:23.269391,WH-Delhi,South,Carrier B,Road,545.7,138.2,114,4200,7131.42,1.7,1
SHP101171,2025-12-22 11:59:23.969974,WH-Chennai,North,Carrier D,Sea,203.2,32.1,118,3034,1047.87,1.1,0
SHP100771,2025-08-23 01:33:40.683903,WH-Delhi,West,Carrier B,Air,336.7,440.1,126,1436,19429.04,0.9,0
SHP100692,2025-07-30 01:57:41.884904,WH-Mumbai,Central,Carrier D,road,398.4,466.3,115,3065,6074.77,0.3,0
SHP100752,2025-08-17 07:07:33.377814,WH-Kolkata,West,Carrier A,Air,499.2,100.4,127,862,27718.63,0.6,0
SHP100675,2025-07-24 22:05:54.295246,WH-Delhi,East,Carrier A,Road,223.2,133.3,134,4533,3389.73,0.2,0
SHP100026,2025-01-08 21:26:16.313594,WH-Mumbai,East,Carrier C,Road,446.8,161.8,140,2601,5585.0,1.6,0
SHP100014,2025-01-05 06:00:18.015012,WH-Kolkata,North,Carrier B,Road,337.1,106.1,124,910,4589.09,1.3,0
SHP100500,2025-06-01 19:02:09.107589,WH-Mumbai,West,Carrier A,Road,281.5,392.4,121,1479,4529.27,0.8,0
SHP100082,2025-01-25 21:27:28.373644,WH-Bengaluru,North,Carrier C,Road,284.6,44.1,104,4585,3016.71,1.0,0
SHP100737,2025-08-12 17:50:05.504587,WH-Delhi,South,Carrier D,Road,451.5,150.9,126,566,5879.83,1.3,0
SHP101028,2025-11-09 02:04:54.245204,WH-Delhi,Central,Carrier B,Road,84.6,291.5,96,2704,1441.58,0.2,0
SHP100754,2025-08-17 21:41:53.094245,WH-Kolkata,East,Carrier B,Rail,205.0,265.0,104,2565,2350.57,2.1,1
SHP100600,2025-07-02 03:38:34.929107,WH-Delhi,East,Carrier A,Road,872.0,84.8,120,829,11190.18,0.8,0
SHP100273,2025-03-24 21:05:51.292743,WH-Delhi,Central,Carrier D,Rail,417.9,237.0,112,1982,3602.75,1.7,1
SHP100819,2025-09-06 15:17:33.878231,WH-Delhi,Central,Carrier B,Sea,730.0,569.9,119,3391,3837.45,0.9,0
SHP100466,2025-05-22 11:18:33.928273,WH-Chennai,North,Carrier B,Road,791.9,235.8,115,2944,9388.21,0.8,0
SHP101125,2025-12-08 12:49:50.492076,WH-Mumbai,West,Carrier C,Rail,282.7,186.8,126,1151,3197.35,0.2,0
SHP101068,2025-11-21 05:31:28.573811,WH-Delhi,North,Carrier B,Road,454.5,425.4,137,3852,7114.46,1.2,0
SHP101080,2025-11-24 20:57:26.872393,WH-Kolkata,North,Carrier A,Road,283.7,434.3,115,2886,4595.73,0.2,0
SHP100447,2025-05-16 16:52:26.622185,WH-Delhi,South,Carrier A,Rail,600.7,79.1,127,1129,4515.37,0.6,0
SHP100371,2025-04-23 15:07:57.397831,WH-Delhi,Central,Carrier D,Rail,407.7,104.1,118,1725,30885.906240322718,0.8,0
SHP100557,2025-06-19 02:20:31.025854,WH-Chennai,West,Carrier D,Road,306.4,149.4,113,168,4171.13,0.2,0
SHP100271,2025-03-24 06:31:31.576313,WH-Mumbai,South,Carrier D,Sea,545.7,446.3,138,85,3471.38,1.9,1
SHP100605,2025-07-03 16:04:24.220183,WH-Kolkata,South,Carrier C,Sea,1010.7,347.5,116,2481,4495.6,1.5,1
SHP100449,2025-05-17 07:26:46.338615,WH-Delhi,North,Carrier C,Rail,769.2,402.4,128,4456,,0.8,0
SHP101044,2025-11-13 22:39:31.976647,WH-Bengaluru,East,Carrier D,Road,825.1,167.1,118,4087,10470.47,0.5,0
SHP100523,2025-06-08 18:36:55.846538,WH-Chennai,East,Carrier B,road,557.1,214.6,133,4141,8041.79,0.2,0
SHP100214,2025-03-06 23:13:09.658048,WH-Mumbai,South,Carrier B,Road,608.0,256.1,130,3959,53928.53799796009,1.0,0
SHP100344,2025-04-15 10:24:31.226021,WH-Kolkata,Central,Carrier D,Air,345.2,290.9,123,1465,20074.36,1.0,0
SHP101064,2025-11-20 00:22:49.140950,WH-Kolkata,East,Carrier D,Road,279.2,147.9,100,2355,3999.25,0.4,0
SHP100147,2025-02-14 15:03:09.157631,WH-Bengaluru,North,Carrier A,Air,353.5,204.3,136,2574,19394.3,0.8,0
SHP100412,2025-05-06 01:51:41.584653,WH-Kolkata,West,Carrier C,air,525.5,442.8,114,3995,30648.94,0.2,0
SHP101097,2025-11-30 00:49:14.462051,WH-Mumbai,North,Carrier D,Sea,471.4,416.7,136,12,2942.21,2.3,0
SHP100342,2025-04-14 19:50:11.509591,WH-Mumbai,South,Carrier D,Sea,352.8,80.3,123,2203,1962.05,1.4,1
SHP100173,2025-02-22 12:29:25.471226,WH-Chennai,East,Carrier D,Rail,326.8,117.1,114,2006,2370.41,0.3,0
SHP101109,2025-12-03 16:15:12.760633,WH-Chennai,South,Carrier A,Road,474.5,196.7,112,1184,5729.6,0.9,0
SHP100708,2025-08-03 22:32:19.616346,WH-Mumbai,North,Carrier B,Road,490.1,441.9,111,2551,6684.25,1.8,1
SHP100305,2025-04-03 14:15:06.755629,WH-Chennai,South,Carrier B,Road,310.4,88.9,123,1763,4110.94,0.5,0
SHP100543,2025-06-14 20:20:13.010842,WH-Delhi,West,Carrier C,Road,304.0,427.0,115,94,4565.1,1.5,1
SHP100916,2025-10-06 02:02:30.125104,WH-Mumbai,West,Carrier D,air,457.5,224.5,121,861,25919.49,0.4,0
SHP100726,2025-08-09 09:41:17.064220,WH-Delhi,South,Carrier D,Sea,538.7,569.8,126,2542,3284.17,1.8,1
SHP100881,2025-09-25 11:01:45.087572,WH-Bengaluru,South,Carrier B,Road,422.6,240.8,110,2427,5126.22,0.9,0
SHP100285,2025-03-28 12:31:49.591326,WH-Chennai,Central,Carrier D,Sea,227.1,120.2,125,4362,1795.18,1.2,0
SHP100221,2025-03-09 02:13:18.665554,WH-Bengaluru,Central,Carrier C,Road,1454.3,343.7,106,1472,18564.25,1.5,1
SHP100730,2025-08-10 14:49:56.497080,WH-Chennai,South,Carrier C,Road,284.1,167.4,125,4303,4131.4,0.9,0
SHP100022,2025-01-07 16:17:36.880733,WH-Bengaluru,North,Carrier B,Rail,185.9,151.4,114,3992,1347.32,1.5,1
SHP100917,2025-10-06 09:19:39.983319,WH-Bengaluru,North,Carrier B,Rail,573.3,62.8,114,1876,4696.44,0.4,0
SHP100116,2025-02-05 05:11:03.552960,WH-Chennai,Central,Carrier C,Road,271.6,26.2,118,332,3601.08,1.2,0
SHP100929,2025-10-10 00:45:38.281901,WH-Mumbai,West,Carrier C,Sea,250.4,119.0,119,3478,1429.83,0.5,0
SHP100361,2025-04-20 14:16:18.815679,WH-Bengaluru,East,Carrier D,road,243.9,68.8,117,1617,2903.28,0.8,0
SHP100095,2025-01-29 20:10:36.530442,WH-Chennai,East,Carrier A,Road,299.2,230.1,111,486,3866.76,0.2,0
SHP100984,2025-10-26 17:29:40.483736,WH-Delhi,South,Carrier A,Road,1178.8,262.9,124,2895,14954.25,3.1,0
SHP100261,2025-03-21 05:39:52.994161,WH-Mumbai,East,Carrier C,Road,253.3,,123,452,3676.44,0.6,0
SHP100945,2025-10-14 21:20:16.013344,WH-Chennai,South,Carrier D,Road,771.9,150.5,115,1716,9155.21,0.4,0
SHP100995,2025-10-30 01:38:28.924103,WH-Mumbai,North,Carrier C,Air,646.5,271.5,109,1074,35643.75,0.6,0
SHP100778,2025-08-25 04:33:49.691409,WH-Kolkata,West,Carrier D,Road,264.1,190.8,119,1113,4016.72,0.6,0
SHP100179,2025-02-24 08:12:24.620517,WH-Kolkata,South,Carrier D,Road,473.9,264.5,115,923,4655.92,1.9,0
SHP100102,2025-01-31 23:10:45.537948,WH-Bengaluru,South,Carrier D,Sea,411.4,130.0,104,4467,1636.59,0.4,0
SHP100574,2025-06-24 06:12:18.615512,WH-Kolkata,South,Carrier A,Road,330.9,75.5,104,3412,4210.27,0.2,0
SHP100563,2025-06-20 22:03:30.175145,WH-Delhi,North,Carrier A,Sea,616.2,42.8,148,2883,3448.16,1.4,1
SHP100184,2025-02-25 20:38:13.911592,WH-Kolkata,North,Carrier D,Road,761.0,374.5,127,813,10349.2,2.1,1
SHP100467,2025-05-22 18:35:43.786488,WH-Bengaluru,West,Carrier D,Sea,504.6,179.2,103,1923,2347.37,1.1,0
SHP101009,2025-11-03 07:38:46.939115,WH-Mumbai,East,Carrier B,Road,456.0,,118,883,6505.62,0.7,0
SHP100968,2025-10-21 20:55:02.752293,WH-Delhi,East,Carrier D,Rail,445.5,305.1,118,1191,4013.32,0.4,0
SHP100071,2025-01-22 13:18:39.933277,WH-Mumbai,South,Carrier C,Road,574.2,84.7,133,2055,7222.72,,1
SHP101032,2025-11-10 07:13:33.678065,WH-Kolkata,North,Carrier A,Sea,531.3,127.9,124,105,2891.2,1.2,0
SHP101094,2025-11-29 02:57:44.887406,WH-Kolkata,North,Carrier D,Rail,686.9,112.9,121,366,5016.99,0.6,0
SHP100346,2025-04-16 00:58:50.942452,WH-Delhi,North,Carrier D,Rail,246.0,230.5,111,402,2007.57,0.3,0
SHP101188,2025-12-27 15:51:11.559633,WH-Mumbai,West,Carrier D,Sea,1595.7,91.5,140,2007,,2.4,1
SHP101108,2025-12-03 08:58:02.902418,WH-Chennai,East,Carrier D,Rail,676.5,138.3,122,3212,4994.02,1.1,0
SHP100029,2025-01-09 19:17:45.888240,WH-Mumbai,North,Carrier C,Road,862.6,50.7,133,529,10429.91,1.7,1
SHP101003,2025-11-01 11:55:47.789824,WH-Chennai,Central,Carrier A,Road,1170.5,125.0,107,545,14394.28,1.9,1
SHP100039,2025-01-12 20:09:24.470391,WH-Mumbai,West,Carrier A,Air,427.5,156.4,121,4635,23874.27,0.2,0
SHP100504,2025-06-03 00:10:48.540450,WH-Chennai,South,Carrier D,Rail,548.8,527.0,122,233,4681.8,1.2,0
SHP100157,2025-02-17 15:54:47.739783,WH-Bengaluru,Central,Carrier D,Road,18.6,243.7,110,1300,1041.63,0.8,0
SHP100658,2025-07-19 18:14:06.705587,WH-Chennai,South,Carrier B,Road,1117.8,175.9,108,3249,13485.62,1.8,0
SHP100635,2025-07-12 18:39:19.966638,WH-Bengaluru,South,Carrier A,Road,440.1,417.8,141,3788,6890.21,1.4,1
SHP101081,2025-11-25 04:14:36.730608,WH-Mumbai,West,Carrier A,Road,319.7,337.5,118,4614,4904.97,0.3,0
SHP100394,2025-04-30 14:42:44.136780,WH-Kolkata,West,Carrier B,Road,638.7,225.7,120,2894,8183.25,1.0,0
SHP100052,2025-01-16 18:52:32.627189,WH-Chennai,East,Carrier B,Road,802.5,,125,2971,10584.54,1.3,0
SHP100841,2025-09-13 07:35:10.758965,WH-Chennai,North,Carrier B,Rail,362.6,176.8,95,4854,2841.44,0.2,0
SHP100359,2025-04-19 23:41:59.099249,WH-Chennai,Central,Carrier B,Rail,1117.1,87.0,123,3967,7680.56,1.8,1
SHP100745,2025-08-15 04:07:24.370308,WH-Chennai,North,Carrier C,Rail,762.7,171.7,120,2670,6318.59,1.6,1
SHP100402,2025-05-03 01:00:03.002502,WH-Bengaluru,East,Carrier B,Road,198.2,407.3,130,4239,3885.47,2.1,1
SHP100421,2025-05-08 19:26:10.308590,WH-Mumbai,West,,Road,850.5,242.0,120,1593,10892.73,1.1,0
SHP100448,2025-05-17 00:09:36.480400,WH-Bengaluru,North,Carrier B,Road,682.8,206.5,89,4378,8039.64,1.3,0
SHP100677,2025-07-25 12:40:14.011676,WH-Kolkata,West,Carrier D,Road,150.5,253.0,117,4281,2704.66,1.0,0
SHP100284,2025-03-28 05:14:39.733110,WH-Kolkata,North,Carrier C,air,313.9,473.5,113,3422,17865.11,,0
SHP100592,2025-06-29 17:21:16.063386,WH-Kolkata,Central,Carrier B,Road,491.3,86.3,134,4543,,1.6,1
SHP100227,2025-03-10 21:56:17.814845,WH-Mumbai,West,Carrier A,Road,261.4,129.3,102,1354,3000.66,0.2,0
SHP100353,2025-04-18 03:58:59.949958,WH-Chennai,East,Carrier B,Road,567.1,53.4,114,742,7003.36,0.2,0
SHP100009,2025-01-03 17:34:28.723936,WH-Kolkata,North,Carrier C,Sea,108.7,124.2,109,2646,1920.16,0.2,0
SHP101010,2025-11-03 14:55:56.797331,WH-Bengaluru,North,Carrier C,Sea,504.6,456.4,116,3956,2693.3,0.5,0
SHP100030,2025-01-10 02:34:55.746455,WH-Kolkata,South,Carrier A,Road,581.7,262.9,124,2892,7275.77,1.4,0
SHP101091,2025-11-28 05:06:15.312760,WH-Mumbai,South,Carrier B,rail,631.0,177.4,105,477,4452.35,0.2,0
SHP100691,2025-07-29 18:40:32.026688,WH-Kolkata,West,,Sea,303.8,269.9,120,2160,2107.07,2.1,1
SHP100956,2025-10-18 05:29:04.453711,WH-Kolkata,Central,Carrier B,Sea,407.8,57.5,148,4116,1579.95,1.4,0
SHP100898,2025-09-30 14:53:32.677231,WH-Chennai,East,Carrier C,Road,239.0,,108,2131,3035.78,1.3,0
SHP100334,2025-04-12 09:32:52.643869,WH-Delhi,South,Carrier C,Road,79.3,200.8,102,922,2452.19,0.3,0
SHP100462,2025-05-21 06:09:54.495412,WH-Delhi,East,Carrier C,Road,262.1,209.3,121,3600,2893.29,0.6,0
SHP100007,2025-01-03 03:00:09.007506,WH-Chennai,North,Carrier C,Rail,657.8,227.2,146,1544,5340.14,1.4,1
SHP100517,2025-06-06 22:53:56.697247,WH-Bengaluru,North,Carrier D,Road,596.7,277.8,123,1929,7699.96,1.3,0
SHP100197,2025-03-01 19:21:22.068390,WH-Mumbai,East,Carrier D,Road,611.9,455.6,100,4578,8404.24,1.0,0
SHP100296,2025-03-31 20:40:38.031693,WH-Mumbai,East,Carrier B,Road,350.6,33.4,128,2991,4406.39,0.7,0
SHP100392,2025-04-30 00:08:24.420350,WH-Bengaluru,West,Carrier A,Air,218.7,131.9,113,4587,12838.54,0.4,0
SHP100798,2025-08-31 06:17:06.855713,WH-Chennai,North,Carrier A,Rail,723.9,147.1,105,29,5437.05,0.4,0
SHP101090,2025-11-27 21:49:05.454545,WH-Bengaluru,Central,Carrier D,Rail,558.5,125.1,125,3205,3965.5,0.2,0
SHP100938,2025-10-12 18:20:07.005838,WH-Chennai,North,Carrier D,Road,383.5,115.3,119,1473,4714.9,0.5,0
SHP100823,2025-09-07 20:26:13.311092,WH-Bengaluru,South,Carrier C,Road,312.9,165.4,115,3039,4849.48,0.7,0
SHP100510,2025-06-04 19:53:47.689741,WH-Bengaluru,North,Carrier D,Rail,885.2,55.3,102,4133,5736.43,1.1,0
SHP100800,2025-08-31 20:51:26.572143,WH-Kolkata,North,Carrier B,Road,290.1,286.5,111,325,3257.35,1.2,0
SHP100122,2025-02-07 00:54:02.702251,WH-Chennai,Central,Carrier A,Rail,497.3,403.6,101,888,5076.82,0.4,0
SHP100688,2025-07-28 20:49:02.452043,WH-Kolkata,South,Carrier D,Road,301.8,214.0,110,998,4430.84,0.6,0
SHP100378,2025-04-25 18:08:06.405337,WH-Delhi,Central,Carrier D,Road,497.6,329.8,103,2807,7035.15,0.5,0
SHP100038,2025-01-12 12:52:14.612176,WH-Mumbai,Central,Carrier C,Road,352.5,264.5,121,2742,5489.09,0.6,0
SHP101071,2025-11-22 03:22:58.148457,WH-Mumbai,West,Carrier B,Road,1119.9,205.8,115,2023,14030.34,1.4,1
SHP100805,2025-09-02 09:17:15.863219,WH-Chennai,East,Carrier D,Rail,807.6,243.0,128,2426,5658.97,1.3,0
SHP100765,2025-08-21 05:50:41.534612,WH-Delhi,East,Carrier B,Road,179.9,181.6,130,990,3463.47,0.2,0
SHP100162,2025-02-19 04:20:37.030859,WH-Kolkata,Central,Carrier D,Road,169.6,385.1,109,3853,3497.31,0.2,0
SHP100067,2025-01-21 08:10:00.500417,WH-Bengaluru,South,Carrier B,Air,472.2,337.7,109,1432,26691.02,0.2,0
SHP100124,2025-02-07 15:28:22.418682,WH-Bengaluru,Central,Carrier A,Road,873.9,150.1,110,320,11473.36,1.3,0
SHP100551,2025-06-17 06:37:31.876563,WH-Chennai,Central,Carrier B,Road,986.3,125.5,103,4476,12948.07,1.2,0
SHP100004,2025-01-02 05:08:39.432860,WH-Chennai,Central,Carrier A,Air,1109.9,181.6,106,2604,61145.7,0.2,0
SHP101077,2025-11-23 23:05:57.297748,WH-Kolkata,North,Carrier A,Road,523.3,126.8,118,2449,6915.24,0.9,0
SHP101011,2025-11-03 22:13:06.655546,WH-Bengaluru,West,Carrier B,Road,166.4,436.9,119,3094,2642.43,0.6,0
SHP100300,2025-04-02 01:49:17.464553,WH-Delhi,West,Carrier B,Rail,259.6,,138,4715,1950.6,0.8,0
SHP100611,2025-07-05 11:47:23.369474,WH-Kolkata,South,Carrier C,Road,35.2,237.2,124,3684,1627.56,0.6,0
SHP100747,2025-08-15 18:41:44.086738,WH-Delhi,South,Carrier D,Road,188.4,201.1,130,1720,2803.87,0.2,0
SHP100287,2025-03-29 03:06:09.307756,WH-Chennai,North,Carrier C,Road,788.6,218.7,124,4988,9540.0,0.4,0
SHP100748,2025-08-16 01:58:53.944954,WH-Kolkata,Central,Carrier C,Road,322.2,201.9,108,104,3118.64,2.0,1
SHP100427,2025-05-10 15:09:09.457881,WH-Mumbai,South,Carrier D,Road,648.8,556.7,121,3137,9347.33,1.3,0
SHP100608,2025-07-04 13:55:53.794829,WH-Delhi,East,Carrier B,Road,472.5,259.5,133,2079,6277.81,0.2,0
SHP100906,2025-10-03 01:10:51.542952,WH-Bengaluru,Central,Carrier D,Road,1374.3,154.8,121,3307,16969.94,1.9,1
SHP100969,2025-10-22 04:12:12.610508,WH-Bengaluru,West,Carrier B,road,339.2,130.2,103,3920,4733.2,0.7,0
SHP100831,2025-09-10 06:43:32.176814,WH-Bengaluru,North,Carrier D,Road,202.6,318.2,126,4745,3075.25,0.2,0
SHP100506,2025-06-03 14:45:08.256880,WH-Mumbai,North,Carrier C,Sea,340.3,75.2,109,2691,2151.21,1.2,0
SHP100356,2025-04-19 01:50:29.524603,WH-Delhi,South,Carrier A,Air,726.5,186.9,121,750,40558.25,10.466737529740785,1
SHP100399,2025-05-02 03:08:33.427856,WH-Chennai,Central,Carrier C,Road,676.3,254.3,110,3613,9241.18,1.5,1
SHP100934,2025-10-11 13:11:27.572977,WH-Bengaluru,East,Carrier A,Road,617.2,60.7,108,2209,7814.01,2.3,0
SHP100352,2025-04-17 20:41:50.091743,WH-Chennai,West,Carrier B,Road,1067.7,172.5,135,4544,13374.88,1.2,0
SHP101126,2025-12-08 20:07:00.350291,WH-Chennai,South,Carrier B,Road,395.0,252.3,109,3792,5400.14,0.2,0
SHP100991,2025-10-28 20:29:49.491242,WH-Delhi,North,Carrier C,Road,827.5,126.1,127,1987,9883.35,1.0,0
SHP100698,2025-07-31 21:40:41.034195,WH-Bengaluru,North,,road,493.0,167.0,130,4126,6242.24,1.4,1
SHP101004,2025-11-01 19:12:57.648040,WH-Bengaluru,East,Carrier B,Rail,293.2,247.2,106,4999,2497.85,0.6,0
SHP100667,2025-07-22 11:48:35.429524,WH-Mumbai,East,Carrier A,Sea,140.6,126.4,123,277,902.78,0.9,0
SHP100260,2025-03-20 22:22:43.135946,WH-Bengaluru,South,Carrier C,Rail,596.0,171.6,124,2254,5102.15,0.7,0
SHP101024,2025-11-07 20:56:14.812343,WH-Bengaluru,South,,Road,351.6,264.6,113,4415,5407.71,1.0,0
SHP100333,2025-04-12 02:15:42.785654,WH-Delhi,East,Carrier A,Road,767.4,331.4,97,364,10130.68,1.0,0
SHP100153,2025-02-16 10:46:08.306922,WH-Chennai,West,Carrier A,Road,957.0,,148,869,11344.99,0.6,0
SHP100396,2025-05-01 05:17:03.853211,WH-Mumbai,North,Carrier B,Rail,378.0,166.0,121,3661,3199.69,0.4,0
SHP100787,2025-08-27 22:08:18.415346,WH-Kolkata,South,Carrier A,Sea,973.3,158.2,102,2339,3906.78,2.9,0
SHP100501,2025-06-02 02:19:18.965804,WH-Bengaluru,Central,Carrier C,Road,470.3,153.8,121,3037,6507.42,0.2,0
SHP101147,2025-12-15 05:07:27.372810,WH-Delhi,North,Carrier C,Road,369.5,241.2,134,3259,5046.67,0.3,0
SHP100721,2025-08-07 21:15:27.773144,WH-Delhi,North,Carrier A,Air,942.7,,117,23,51255.01,0.2,0
SHP100373,2025-04-24 05:42:17.114261,WH-Chennai,Central,Carrier C,Road,464.2,122.3,132,1701,5585.92,0.5,0
SHP100590,2025-06-29 02:46:56.346955,WH-Chennai,South,Carrier A,Road,1187.9,47.6,149,4312,13674.1,1.3,0
SHP100312,2025-04-05 17:15:15.763135,WH-Kolkata,West,Carrier D,Sea,494.1,378.2,129,4435,2816.56,2.4,1
SHP100598,2025-07-01 13:04:15.212677,WH-Chennai,East,Carrier A,Road,549.0,144.7,118,1602,6650.81,0.5,0
SHP100042,2025-01-13 18:00:54.045037,WH-Kolkata,South,Carrier B,Road,594.3,286.5,115,3830,7529.33,0.8,0
SHP100645,2025-07-15 19:30:58.548790,WH-Mumbai,East,Carrier A,Road,920.3,622.5,132,116,12586.64,1.5,0
SHP100028,2025-01-09 12:00:36.030025,WH-Delhi,East,Carrier C,Road,356.9,283.8,114,4289,4823.32,0.8,0
SHP100522,2025-06-08 11:19:45.988323,WH-Mumbai,North,Carrier C,Road,1438.0,33.9,118,1677,,1.0,0
SHP100963,2025-10-20 08:29:13.461217,WH-Delhi,Central,Carrier A,Road,691.8,301.9,103,3006,9158.72,0.8,0
SHP100762,2025-08-20 07:59:11.959966,WH-Chennai,East,Carrier D,Sea,480.9,77.2,131,3118,2124.94,0.5,0
SHP101036,2025-11-11 12:22:13.110925,WH-Kolkata,West,Carrier B,Air,818.2,318.3,124,2192,45306.33,0.2,0
SHP100140,2025-02-12 12:03:00.150125,WH-Delhi,South,Carrier B,Sea,312.8,166.0,116,1168,1519.71,0.8,0
SHP100826,2025-09-08 18:17:42.885738,WH-Chennai,West,Carrier C,Road,554.3,248.2,104,1184,6947.97,1.0,0
SHP100704,2025-08-02 17:23:40.183486,WH-Delhi,West,Carrier C,Rail,667.4,132.7,111,445,,1.3,0
SHP101020,2025-11-06 15:47:35.379482,WH-Chennai,South,Carrier C,Road,300.4,155.6,123,3179,3632.03,1.5,1
SHP101157,2025-12-18 05:59:05.954962,WH-Chennai,West,Carrier C,Road,539.2,457.8,119,3379,7810.94,1.2,0
SHP101014,2025-11-04 20:04:36.230191,WH-Chennai,East,Carrier C,Rail,112.9,28.8,114,3071,1151.44,1.0,0
SHP100921,2025-10-07 14:28:19.416180,WH-Bengaluru,North,Carrier B,Road,1268.0,295.3,104,1685,16407.8,2.3,1
SHP100970,2025-10-22 11:29:22.468723,WH-Kolkata,South,Carrier A,Sea,453.9,178.3,129,4628,2486.27,0.7,0
SHP100136,2025-02-11 06:54:20.717264,WH-Chennai,South,Carrier C,air,876.5,145.2,116,1865,49131.47,0.2,0
SHP100948,2025-10-15 19:11:45.587989,WH-Mumbai,Central,Carrier C,Road,256.7,170.2,98,4570,3600.91,0.6,0
SHP100876,2025-09-23 22:35:55.796497,WH-Mumbai,East,Carrier C,Road,323.9,179.3,123,2718,4042.38,1.1,0
SHP100782,2025-08-26 09:42:29.124270,WH-Chennai,Central,Carrier A,Air,855.1,110.9,131,1265,47069.69,1.3,0
SHP100445,2025-05-16 02:18:06.905754,WH-Kolkata,East,Carrier C,Sea,458.5,170.8,111,868,2374.38,1.4,1
SHP100669,2025-07-23 02:22:55.145954,WH-Delhi,South,Carrier A,Road,665.6,,128,1556,8221.29,0.3,0
SHP100743,2025-08-14 13:33:04.653878,WH-Chennai,East,Carrier C,Road,477.3,270.9,114,4167,6888.44,1.1,0
SHP100272,2025-03-24 13:48:41.434528,WH-Mumbai,Central,Carrier D,Sea,447.7,302.8,132,1677,2502.17,2.2,1
SHP101152,2025-12-16 17:33:16.663886,WH-Kolkata,Central,Carrier C,Rail,765.7,256.1,125,4876,5852.42,0.3,0
SHP100519,2025-06-07 13:28:16.413678,WH-Kolkata,North,Carrier C,Rail,538.4,214.2,96,2779,4602.96,2.0,0
SHP100814,2025-09-05 02:51:44.587155,WH-Kolkata,Central,Carrier C,Road,780.0,309.4,117,425,10152.41,1.9,0
SHP100818,2025-09-06 08:00:24.020016,WH-Chennai,West,Carrier B,Sea,639.3,245.4,112,1239,3250.89,1.3,0
SHP100377,2025-04-25 10:50:56.547122,WH-Delhi,South,Carrier D,Sea,1703.3,160.3,97,4340,6529.09,2.5,1
SHP100734,2025-08-11 19:58:35.929941,WH-Delhi,Central,Carrier D,Road,603.5,27.9,117,3174,7999.13,0.4,0
SHP100498,2025-06-01 04:27:49.391159,WH-Mumbai,West,Carrier C,Road,585.2,127.2,121,926,7473.75,1.3,0
SHP100614,2025-07-06 09:38:52.944120,WH-Kolkata,East,Carrier A,Road,191.2,100.0,107,3651,2368.42,1.0,0
SHP101153,2025-12-17 00:50:26.522101,WH-Mumbai,North,Carrier A,Rail,267.6,52.1,113,3708,2194.31,0.2,0
SHP101112,2025-12-04 14:06:42.335279,WH-Delhi,West,Carrier A,Road,609.9,320.2,124,4705,8218.04,2.2,1
SHP101073,2025-11-22 17:57:17.864887,WH-Mumbai,North,,Road,388.4,450.2,129,2285,5293.2,0.7,0
SHP100891,2025-09-28 11:53:23.669724,WH-Bengaluru,South,Carrier C,Road,340.7,234.1,116,4086,5466.94,0.2,0
SHP100676,2025-07-25 05:23:04.153461,WH-Bengaluru,West,Carrier C,Road,803.7,219.5,113,2773,10734.58,1.4,1
SHP101165,2025-12-20 16:16:24.820683,WH-Kolkata,East,Carrier C,Air,540.4,366.9,133,740,30872.62,0.2,0
SHP100097,2025-01-30 10:44:56.246872,WH-Mumbai,East,Carrier C,Rail,633.2,171.7,129,540,3986.14,0.2,0
SHP100662,2025-07-20 23:22:46.138448,WH-Kolkata,East,Carrier C,Rail,1142.5,407.5,127,2379,9172.79,0.7,0
SHP100128,2025-02-08 20:37:01.851542,WH-Kolkata,South,Carrier B,Road,647.9,123.0,104,2311,7460.03,1.1,0
SHP101089,2025-11-27 14:31:55.596330,WH-Kolkata,East,Carrier B,Road,449.5,,123,1890,5536.74,0.2,0
SHP100622,2025-07-08 19:56:11.809841,WH-Kolkata,West,Carrier D,Road,384.6,336.6,119,1112,5389.89,0.6,0
SHP100544,2025-06-15 03:37:22.869057,WH-Kolkata,West,Carrier A,Road,412.5,183.4,136,492,5181.29,0.9,0
SHP100379,2025-04-26 01:25:16.263552,WH-Mumbai,Central,Carrier C,Air,540.6,188.1,149,2886,30196.28,1.4,1
SHP101012,2025-11-04 05:30:16.513761,WH-Chennai,East,Carrier B,Road,394.7,503.1,115,2365,6101.7,0.8,0
SHP100203,2025-03-03 15:04:21.217681,WH-Bengaluru,Central,Carrier D,Road,167.8,124.6,118,1376,2146.07,0.8,0
SHP100343,2025-04-15 03:07:21.367806,WH-Bengaluru,South,Carrier D,Road,854.1,289.7,128,4807,11164.14,2.3,1
SHP101048,2025-11-15 03:48:11.409507,WH-Mumbai,Central,Carrier B,Road,1016.7,145.0,108,4474,12513.91,2.7,1
SHP100654,2025-07-18 13:05:27.272727,WH-Kolkata,West,Carrier A,Road,397.7,327.8,134,3411,4478.59,1.2,0
SHP101139,2025-12-12 18:50:08.507089,WH-Delhi,South,Carrier A,Rail,536.1,163.0,121,1825,4440.89,1.0,0
SHP100518,2025-06-07 06:11:06.555462,WH-Chennai,Central,Carrier B,Road,373.4,401.2,103,4900,4802.02,0.7,0
SHP100779,2025-08-25 11:50:59.549624,WH-Kolkata,West,Carrier C,Road,179.1,292.8,120,2726,3189.17,1.5,1
SHP100234,2025-03-13 00:56:26.822351,WH-Mumbai,East,Carrier C,Road,447.1,206.6,106,3550,5337.46,0.9,0
SHP100488,2025-05-29 03:36:10.809007,WH-Chennai,West,Carrier D,Road,921.2,139.9,127,1032,11920.33,,1
SHP100237,2025-03-13 22:47:56.396997,WH-Chennai,South,Carrier C,Sea,493.9,332.3,125,1110,3028.22,1.7,0
SHP100549,2025-06-16 16:03:12.160133,WH-Mumbai,North,Carrier D,Road,627.2,161.6,141,398,7726.12,1.1,0
SHP100400,2025-05-02 10:25:43.286071,WH-Delhi,South,Carrier A,Sea,394.6,157.0,148,38,2201.97,0.4,0
SHP100570,2025-06-23 01:03:39.182652,WH-Delhi,South,Carrier A,Road,410.9,354.8,99,2376,5495.58,0.2,0
SHP100232,2025-03-12 10:22:07.105921,WH-Kolkata,South,Carrier C,Rail,354.9,195.4,130,4500,3390.27,1.1,0
SHP100794,2025-08-30 01:08:27.422852,WH-Chennai,Central,Carrier B,Road,247.3,73.7,105,4799,2997.96,0.4,0
SHP100682,2025-07-27 01:06:03.302752,WH-Delhi,West,Carrier B,Road,147.5,93.1,135,4006,,0.6,0
SHP100442,2025-05-15 04:26:37.331109,WH-Mumbai,South,Carrier D,Road,332.9,359.1,109,1965,5826.73,0.8,0
SHP101167,2025-12-21 06:50:44.537114,WH-Mumbai,South,Carrier C,Sea,928.0,,105,1085,4080.9,,1
SHP100718,2025-08-06 23:23:58.198498,WH-Delhi,South,Carrier A,Rail,531.5,106.6,118,1795,4093.62,0.3,0
SHP100796,2025-08-30 15:42:47.139282,WH-Delhi,East,Carrier B,Road,655.7,68.9,112,3658,7914.62,1.1,0
SHP100098,2025-01-30 18:02:06.105087,WH-Chennai,South,Carrier A,Rail,246.7,155.5,115,2060,2594.63,1.4,1
SHP100514,2025-06-06 01:02:27.122602,WH-Delhi,West,Carrier B,Road,697.0,223.1,115,561,9533.32,1.3,0
SHP100870,2025-09-22 02:52:56.647206,WH-Mumbai,North,Carrier D,Road,355.6,41.2,118,4657,4068.22,0.8,0
SHP100511,2025-06-05 03:10:57.547956,WH-Bengaluru,Central,Carrier D,Sea,763.8,240.8,123,1184,3957.31,2.1,0
SHP101057,2025-11-17 21:22:40.133444,WH-Delhi,West,Carrier D,Road,747.6,90.9,110,2471,8869.08,0.4,0
SHP100217,2025-03-07 21:04:39.232693,WH-Delhi,West,Carrier B,Rail,487.2,96.2,119,434,3320.76,1.2,0
SHP100360,2025-04-20 06:59:08.957464,WH-Delhi,East,Carrier C,Sea,344.9,109.7,116,213,1260.38,0.5,0
SHP100558,2025-06-19 09:37:40.884070,WH-Delhi,East,Carrier C,Rail,360.4,72.7,112,4805,3173.49,0.6,0
SHP100499,2025-06-01 11:44:59.249374,WH-Mumbai,North,Carrier A,Sea,429.8,226.2,118,622,2924.22,1.1,0
SHP101193,2025-12-29 04:17:00.850708,WH-Kolkata,Central,,Road,723.6,308.9,106,518,9416.94,0.4,0
SHP100225,2025-03-10 07:21:58.098415,WH-Mumbai,Central,Carrier D,Road,587.6,258.2,115,3413,6711.6,2.2,0
SHP100018,2025-01-06 11:08:57.447873,WH-Delhi,South,Carrier C,Road,476.0,104.0,104,3005,5807.37,0.2,0
SHP100168,2025-02-21 00:03:36.180150,WH-Chennai,Central,Carrier B,Rail,200.3,530.7,125,986,2757.44,0.5,0
SHP101047,2025-11-14 20:31:01.551292,WH-Kolkata,Central,Carrier C,Road,804.0,346.4,120,69,9745.64,1.6,1
SHP100292,2025-03-30 15:31:58.598832,WH-Mumbai,North,Carrier D,Road,807.0,73.1,85,1460,10489.56,0.5,0
SHP100900,2025-10-01 05:27:52.393661,WH-Bengaluru,North,Carrier D,Rail,533.8,110.7,124,2042,4171.55,0.7,0
SHP100397,2025-05-01 12:34:13.711426,WH-Kolkata,North,Carrier A,Air,381.5,132.8,110,1636,20788.18,0.2,0
SHP101070,2025-11-21 20:05:48.290241,WH-Bengaluru,South,Carrier C,Rail,407.9,332.5,119,2137,4390.06,0.8,0
SHP101076,2025-11-23 15:48:47.439532,WH-Mumbai,South,Carrier C,Rail,207.6,285.0,119,2665,1988.8,0.6,0
SHP100540,2025-06-13 22:28:43.436196,WH-Chennai,East,Carrier C,Road,784.8,267.6,140,914,9883.41,2.7,1
SHP100328,2025-04-10 13:49:53.494578,WH-Chennai,East,Carrier B,Road,390.4,279.5,114,2996,5892.9,1.0,0
SHP100795,2025-08-30 08:25:37.281067,WH-Bengaluru,North,Carrier A,Sea,233.3,204.6,108,515,2253.76,2.2,0
SHP100848,2025-09-15 10:35:19.766472,WH-Chennai,South,Carrier B,Road,335.4,184.1,134,4571,4255.32,1.2,0
SHP100302,2025-04-02 16:23:37.180984,WH-Mumbai,North,Carrier C,Air,738.0,240.0,119,903,41339.13,0.5,0
SHP101175,2025-12-23 17:08:03.402835,WH-Kolkata,South,Carrier D,Sea,217.0,181.9,121,267,2160.67,1.3,0
SHP100931,2025-10-10 15:19:57.998331,WH-Delhi,Central,Carrier C,Road,487.2,397.2,113,1121,6425.43,0.6,0
SHP100093,2025-01-29 05:36:16.814011,WH-Bengaluru,Central,Carrier C,Sea,551.6,56.0,107,4714,1998.16,1.4,1
SHP100213,2025-03-06 15:55:59.799833,WH-Mumbai,South,Carrier D,Rail,448.7,156.3,114,3556,3157.93,1.0,0
SHP100770,2025-08-22 18:16:30.825688,WH-Chennai,Central,Carrier B,Road,50.2,457.3,125,4857,1762.61,0.9,0
SHP100337,2025-04-13 07:24:22.218515,WH-Bengaluru,West,Carrier A,Road,691.1,78.8,132,935,8936.9,1.2,0
SHP100425,2025-05-10 00:34:49.741451,WH-Mumbai,North,Carrier A,Road,116.8,246.4,142,1230,1815.48,0.2,0
SHP100803,2025-09-01 18:42:56.146788,WH-Chennai,West,Carrier C,Road,626.9,92.4,106,110,7986.38,0.3,0
SHP100212,2025-03-06 08:38:49.941618,WH-Bengaluru,South,Carrier A,Road,275.6,247.8,111,991,4170.05,,1
SHP100618,2025-07-07 14:47:32.376980,WH-Chennai,Central,Carrier D,Road,502.9,297.1,108,4830,6280.89,0.4,0
SHP100115,2025-02-04 21:53:53.694745,WH-Bengaluru,North,Carrier C,Road,458.9,256.3,111,3989,5921.99,1.8,1
SHP100158,2025-02-17 23:11:57.597998,WH-Delhi,Central,Carrier C,Road,237.5,369.3,109,2499,3522.06,1.2,0
SHP101053,2025-11-16 16:14:00.700583,WH-Delhi,North,Carrier C,Air,138.4,459.9,137,1707,9187.21,0.4,0
SHP100112,2025-02-04 00:02:24.120100,WH-Delhi,East,Carrier C,Sea,417.3,269.1,130,3865,2607.03,0.7,0
SHP100036,2025-01-11 22:17:54.895746,WH-Bengaluru,West,Carrier C,Sea,273.2,170.8,114,4793,1254.29,0.7,0
SHP100105,2025-02-01 21:02:15.112593,WH-Chennai,Central,Carrier A,Road,587.4,317.5,127,4288,6866.67,0.9,0
SHP101066,2025-11-20 14:57:08.857381,WH-Mumbai,West,Carrier A,Sea,659.1,512.6,118,3158,2990.95,1.4,1
SHP100362,2025-04-20 21:33:28.673894,WH-Chennai,North,Carrier C,Rail,444.0,284.9,139,2530,3728.35,0.3,0
SHP100850,2025-09-16 01:09:39.482902,WH-Kolkata,South,Carrier D,Sea,1090.9,407.4,110,848,6049.02,2.5,0
SHP100716,2025-08-06 08:49:38.482068,WH-Delhi,West,Carrier C,Air,663.5,490.2,106,4831,37915.28,1.4,0
SHP100756,2025-08-18 12:16:12.810675,WH-Mumbai,West,Carrier B,Rail,420.0,256.8,107,2908,3902.14,0.5,0
SHP100733,2025-08-11 12:41:26.071726,WH-Delhi,North,Carrier C,road,645.3,,122,4464,10134.01,0.6,0
SHP100758,2025-08-19 02:50:32.527105,WH-Mumbai,West,Carrier C,Road,387.6,16.1,110,770,4935.37,,1
SHP100365,2025-04-21 19:24:58.248540,WH-Delhi,South,Carrier C,Road,435.0,102.8,111,511,5260.63,1.0,0
SHP101006,2025-11-02 09:47:17.364470,WH-Chennai,Central,Carrier B,Rail,364.5,420.8,119,2697,3624.88,0.4,0
SHP100441,2025-05-14 21:09:27.472894,WH-Chennai,Central,Carrier B,Rail,719.5,166.1,136,987,5061.97,2.1,1
SHP101030,2025-11-09 16:39:13.961634,WH-Bengaluru,East,Carrier D,Air,442.4,222.5,130,70,24998.06,0.2,0
SHP101092,2025-11-28 12:23:25.170975,WH-Mumbai,South,Carrier B,Road,576.4,238.7,133,2366,6981.08,1.5,0
SHP100565,2025-06-21 12:37:49.891576,WH-Bengaluru,North,Carrier B,Road,466.1,144.9,114,2125,5513.12,1.3,0
SHP100351,2025-04-17 13:24:40.233527,WH-Delhi,East,Carrier C,Road,124.0,111.9,132,176,2899.44,0.4,0
SHP100490,2025-05-29 18:10:30.525437,WH-Chennai,South,Carrier A,Sea,331.0,221.3,115,1840,1564.01,0.6,0
SHP100249,2025-03-17 14:13:54.695579,WH-Delhi,North,Carrier D,Rail,1005.1,107.1,122,2069,6944.82,1.5,1
SHP100476,2025-05-25 12:10:12.510425,WH-Bengaluru,Central,Carrier B,Air,287.8,101.8,123,3855,16355.11,0.2,0
SHP100634,2025-07-12 11:22:10.108423,WH-Kolkata,North,Carrier A,Sea,1392.7,449.8,114,4942,6728.4,2.6,1
SHP101097,2025-11-30 00:49:14.462051,WH-Mumbai,North,Carrier D,Sea,471.4,416.7,136,12,2942.21,2.3,0
SHP100406,2025-05-04 06:08:42.435362,WH-Bengaluru,East,Carrier C,Road,681.1,,118,4342,8470.08,0.3,0
SHP101136,2025-12-11 20:58:38.932443,WH-Delhi,South,Carrier B,Road,200.1,123.2,132,3904,25680.009571087405,0.9,0
SHP100164,2025-02-19 18:54:56.747289,WH-Bengaluru,West,Carrier D,Rail,629.0,191.9,104,4385,4284.54,0.9,0
SHP100781,2025-08-26 02:25:19.266055,WH-Bengaluru,East,Carrier C,Rail,309.0,227.5,109,3234,2205.64,0.2,0
SHP100454,2025-05-18 19:52:35.629691,WH-Mumbai,East,Carrier D,road,860.9,82.1,104,1392,11013.21,0.7,0
SHP101107,2025-12-03 01:40:53.044203,WH-Chennai,South,Carrier D,Road,436.9,273.4,102,893,6113.61,1.5,1
SHP101119,2025-12-06 17:06:51.342785,WH-Kolkata,South,Carrier A,road,755.8,153.0,115,4071,9249.93,0.4,0
SHP101161,2025-12-19 11:07:45.387823,WH-Mumbai,East,Carrier B,Rail,441.6,217.6,136,375,,3.405668537975298,0
SHP100083,2025-01-26 04:44:38.231859,WH-Chennai,South,Carrier C,Rail,391.4,118.3,115,2686,3149.47,0.9,0
SHP100230,2025-03-11 19:47:47.389491,WH-Bengaluru,North,Carrier A,sea,1244.7,562.7,110,190,5857.61,1.8,1
SHP100295,2025-03-31 13:23:28.173477,WH-Chennai,South,Carrier B,Rail,313.0,89.6,131,366,1810.47,1.1,0
SHP100652,2025-07-17 22:31:07.556296,WH-Mumbai,West,Carrier D,Road,921.4,265.0,115,4317,11327.13,2.0,1
SHP100070,2025-01-22 06:01:30.075062,WH-Chennai,South,Carrier C,Road,425.6,408.8,130,4722,6296.12,0.6,0
SHP100643,2025-07-15 04:56:38.832360,WH-Chennai,South,Carrier A,rail,463.3,533.7,123,4315,4841.58,0.7,0
SHP100820,2025-09-06 22:34:43.736447,WH-Mumbai,Central,Carrier B,Road,535.2,94.5,114,4213,5877.85,1.1,0
SHP100610,2025-07-05 04:30:13.511259,WH-Chennai,South,Carrier D,Air,744.4,286.3,111,2440,40842.71,0.2,0
SHP100985,2025-10-27 00:46:50.341951,WH-Delhi,North,Carrier C,Rail,449.9,298.2,125,1681,3689.41,0.9,0
SHP100064,2025-01-20 10:18:30.925771,WH-Mumbai,North,Carrier C,Road,559.8,,121,2846,7386.38,1.1,0
SHP101143,2025-12-13 23:58:47.939949,WH-Bengaluru,North,Carrier C,Rail,644.4,201.1,135,4918,5055.89,0.8,0
SHP101183,2025-12-26 03:25:22.268557,WH-Delhi,West,Carrier D,Road,680.0,143.4,120,989,8192.39,1.6,1
SHP100852,2025-09-16 15:43:59.199332,WH-Delhi,East,Carrier C,Road,848.3,232.2,118,4127,10486.12,1.1,0
SHP100961,2025-10-19 17:54:53.744787,WH-Delhi,North,Carrier D,Road,647.5,99.2,121,951,7950.15,0.6,0
SHP101131,2025-12-10 08:32:49.641367,WH-Delhi,East,Carrier B,Road,145.6,6.3,115,1987,1846.87,0.2,0
SHP100127,2025-02-08 13:19:51.993327,WH-Bengaluru,Central,Carrier D,Rail,647.4,65.1,104,3231,,1.4,1
SHP100338,2025-04-13 14:41:32.076730,WH-Bengaluru,North,Carrier D,Road,1504.6,532.3,114,381,19623.38,1.1,0
SHP100001,2025-01-01 07:17:09.858215,WH-Mumbai,South,Carrier B,Rail,440.5,229.1,106,2799,3405.99,1.2,0
SHP100977,2025-10-24 14:29:31.476230,WH-Bengaluru,North,Carrier C,Road,596.3,183.6,132,4908,7414.65,1.3,0
SHP100539,2025-06-13 15:11:33.577981,WH-Bengaluru,North,Carrier D,Air,193.5,506.8,108,1601,11762.98,0.2,0
SHP100601,2025-07-02 10:55:44.787322,WH-Delhi,East,Carrier B,Road,468.8,573.6,112,855,7261.26,0.6,0
SHP100308,2025-04-04 12:06:36.330275,WH-Bengaluru,South,Carrier A,Road,494.3,452.7,129,1284,7308.47,0.5,0
SHP100585,2025-06-27 14:21:07.055879,WH-Chennai,Central,Carrier A,Road,540.6,118.4,122,2371,6464.27,0.3,0
SHP101100,2025-11-30 22:40:44.036697,WH-Mumbai,East,Carrier D,Sea,325.3,289.0,133,2317,2079.82,0.4,0
SHP100410,2025-05-05 11:17:21.868223,WH-Kolkata,West,Carrier A,Rail,607.1,136.0,120,1314,4987.87,1.1,0
SHP100171,2025-02-21 21:55:05.754795,WH-Chennai,East,Carrier A,Rail,567.4,232.0,109,3767,4059.35,0.8,0
SHP100417,2025-05-07 14:17:30.875729,WH-Bengaluru,West,Carrier A,Road,338.2,524.3,123,1317,5618.44,0.2,0
SHP100738,2025-08-13 01:07:15.362802,WH-Bengaluru,North,Carrier B,Air,563.0,186.6,135,4622,31119.25,0.2,0
SHP100837,2025-09-12 02:26:31.326105,WH-Delhi,West,Carrier C,Road,322.1,151.1,106,2575,4581.59,1.3,0
SHP101074,2025-11-23 01:14:27.723102,WH-Bengaluru,West,Carrier D,Road,449.1,408.6,111,4822,7112.99,0.7,0
SHP101021,2025-11-06 23:04:45.237698,WH-Kolkata,North,Carrier C,Road,158.4,503.8,107,2963,2530.08,0.4,0
SHP100603,2025-07-03 01:30:04.503753,WH-Delhi,West,Carrier C,Road,149.7,,127,1858,2747.32,0.7,0
SHP100806,2025-09-02 16:34:25.721434,WH-Mumbai,North,Carrier D,Air,1084.0,166.4,120,4378,60550.49,1.5,1
SHP100882,2025-09-25 18:18:54.945788,WH-Chennai,South,Carrier C,Sea,416.5,218.1,115,2841,2551.53,2.2,1
SHP100460,2025-05-20 15:35:34.778982,WH-Chennai,East,Carrier C,Rail,394.7,186.0,124,58,2916.57,0.8,0
SHP100043,2025-01-14 01:18:03.903252,WH-Mumbai,West,Carrier D,Rail,314.2,139.1,118,533,3273.43,1.4,1
SHP100637,2025-07-13 09:13:39.683069,WH-Kolkata,Central,Carrier D,Road,234.6,512.1,148,2807,4111.45,0.4,0
SHP100423,2025-05-09 10:00:30.025020,WH-Mumbai,West,Carrier C,Road,559.3,80.3,120,4945,,0.2,0
SHP100727,2025-08-09 16:58:26.922435,WH-Bengaluru,Central,Carrier C,Rail,394.8,219.2,119,3712,3179.35,0.8,0
SHP100967,2025-10-21 13:37:52.894078,WH-Delhi,North,Carrier B,Road,884.5,444.0,136,1971,11973.5,1.8,1
SHP100972,2025-10-23 02:03:42.185154,WH-Chennai,Central,Carrier B,Road,363.0,155.4,132,3046,5165.46,0.6,0
SHP100922,2025-10-07 21:45:29.274395,WH-Delhi,South,Carrier A,Road,872.6,323.3,113,3401,12170.29,1.9,1
SHP100315,2025-04-06 15:06:45.337781,WH-Chennai,East,Carrier A,Rail,653.2,152.1,128,4381,4924.74,1.1,0
SHP100376,2025-04-25 03:33:46.688907,WH-Chennai,Central,Carrier C,Sea,405.2,252.0,123,2280,3094.78,1.5,1
SHP100524,2025-06-09 01:54:05.704753,WH-Mumbai,East,Carrier B,Rail,1109.0,182.8,128,3746,8161.77,1.4,0
SHP100332,2025-04-11 18:58:32.927439,WH-Mumbai,North,Carrier A,Rail,1160.6,481.9,128,662,10209.34,1.2,0
SHP100438,2025-05-13 23:17:57.898248,WH-Chennai,South,Carrier C,Road,301.6,335.6,102,600,5215.65,1.3,0
SHP101058,2025-11-18 04:39:49.991659,WH-Mumbai,East,Carrier C,Road,977.3,122.6,122,3742,12453.97,1.0,0
SHP100150,2025-02-15 12:54:38.732276,WH-Chennai,West,Carrier A,Road,803.5,68.5,123,52,9844.8,0.8,0
SHP100037,2025-01-12 05:35:04.753961,WH-Bengaluru,Central,Carrier A,Rail,394.7,93.8,115,3761,3262.99,1.3,0
SHP100556,2025-06-18 19:03:21.167639,WH-Kolkata,South,Carrier D,Air,518.6,,118,1553,28676.96,0.2,0
SHP100925,2025-10-08 19:36:58.849040,WH-Mumbai,Central,Carrier A,Sea,314.6,148.6,114,2657,1289.25,1.5,0
SHP100750,2025-08-16 16:33:13.661384,WH-Mumbai,South,Carrier C,Road,496.8,187.0,113,4316,6340.33,0.8,0
SHP101160,2025-12-19 03:50:35.529608,WH-Chennai,Central,Carrier A,Sea,60.8,303.0,114,3044,1945.2,1.3,0
SHP100981,2025-10-25 19:38:10.909090,WH-Mumbai,South,Carrier D,Road,232.1,162.2,110,1984,3137.88,1.2,0
SHP100954,2025-10-17 14:54:44.737281,WH-Mumbai,South,Carrier C,Rail,920.6,216.7,131,4820,7837.37,1.0,0
SHP101105,2025-12-02 11:06:33.327773,WH-Kolkata,East,Carrier B,Sea,695.7,206.6,117,2264,3813.04,2.3,1
SHP100724,2025-08-08 19:06:57.347789,WH-Mumbai,South,Carrier A,Rail,932.2,77.3,133,3097,6808.41,0.5,0
SHP100821,2025-09-07 05:51:53.594662,WH-Mumbai,East,Carrier B,Road,190.8,53.7,135,3997,2036.34,0.6,0
SHP100409,2025-05-05 04:00:12.010008,WH-Chennai,North,Carrier A,Road,337.0,10.5,131,2422,3883.98,1.5,1
SHP100143,2025-02-13 09:54:29.724770,WH-Mumbai,North,Carrier A,Road,282.7,96.0,117,347,3082.0,0.3,0
SHP100717,2025-08-06 16:06:48.340283,WH-Mumbai,South,Carrier B,Sea,502.7,180.6,128,757,2117.48,0.9,0
SHP100526,2025-06-09 16:28:25.421184,WH-Bengaluru,South,Carrier A,Sea,537.0,368.1,119,1651,3024.6,1.1,0
SHP100135,2025-02-10 23:37:10.859049,WH-Delhi,South,Carrier A,Rail,354.2,456.7,116,4089,3362.23,0.7,0
SHP100583,2025-06-26 23:46:47.339449,WH-Chennai,East,Carrier D,Air,540.5,,104,4775,31019.29,0.2,0
SHP100975,2025-10-23 23:55:11.759799,WH-Delhi,South,Carrier C,Sea,254.2,361.6,101,4511,1398.17,1.4,1
SHP100566,2025-06-21 19:54:59.749791,WH-Mumbai,West,Carrier D,road,478.9,67.4,123,3496,6640.32,1.0,0
SHP100942,2025-10-13 23:28:46.438698,WH-Chennai,East,Carrier B,Air,446.1,60.1,123,3260,24568.14,1.0,0
SHP100208,2025-03-05 03:30:10.508757,WH-Chennai,North,Carrier C,Road,434.5,178.8,146,4759,4926.88,0.7,0
SHP100856,2025-09-17 20:52:38.632193,WH-Delhi,East,Carrier C,Road,715.2,371.3,122,2121,9074.09,2.0,1
SHP100440,2025-05-14 13:52:17.614678,WH-Bengaluru,East,Carrier A,Sea,1211.3,125.4,113,1584,6228.78,2.0,1
SHP100131,2025-02-09 18:28:31.426188,WH-Bengaluru,North,Carrier A,Sea,286.8,45.0,123,1568,1613.72,1.1,0
SHP100380,2025-04-26 08:42:26.121768,WH-Kolkata,South,Carrier B,Road,438.8,519.1,120,3454,,1.7,0
SHP100174,2025-02-22 19:46:35.329441,WH-Kolkata,Central,Carrier D,Rail,775.5,186.2,110,3107,5444.79,0.5,0
SHP100533,2025-06-11 19:28:34.428690,WH-Mumbai,East,Carrier C,Road,1102.9,281.1,109,4096,13502.65,1.3,0
SHP100703,2025-08-02 10:06:30.325271,WH-Bengaluru,Central,Carrier D,road,1141.0,69.0,108,1401,13776.28,1.5,1
SHP100270,2025-03-23 23:14:21.718098,WH-Kolkata,West,Carrier C,Rail,302.3,447.9,103,3685,2527.84,0.2,0
SHP100407,2025-05-04 13:25:52.293577,WH-Delhi,West,Carrier D,Sea,91.3,23.4,125,3116,260.18,0.6,0
SHP101035,2025-11-11 05:05:03.252710,WH-Bengaluru,West,Carrier D,air,485.6,38.2,110,2940,27395.8,1.1,0
SHP100123,2025-02-07 08:11:12.560467,WH-Kolkata,East,Carrier C,Rail,216.3,231.7,112,2923,2167.46,0.7,0
SHP100138,2025-02-11 21:28:40.433694,WH-Bengaluru,South,Carrier D,Road,708.8,244.2,101,2723,8666.1,0.4,0
SHP100879,2025-09-24 20:27:25.371142,WH-Bengaluru,Central,Carrier D,Sea,938.5,114.8,107,3385,5146.08,1.7,1
SHP100051,2025-01-16 11:35:22.768974,WH-Kolkata,Central,Carrier D,Road,347.1,37.5,130,1955,4110.38,1.0,0
SHP100732,2025-08-11 05:24:16.213511,WH-Delhi,West,Carrier B,Road,117.3,85.5,111,1305,976.27,0.2,0
SHP100624,2025-07-09 10:30:31.526271,WH-Mumbai,Central,Carrier B,Road,391.5,97.1,119,1179,5058.51,0.2,0
SHP100777,2025-08-24 21:16:39.833194,WH-Delhi,Central,Carrier D,Road,361.1,38.7,119,4025,4601.47,0.5,0
SHP100275,2025-03-25 11:40:11.009174,WH-Mumbai,East,Carrier B,Air,329.9,518.0,124,1486,19695.71,0.3,0
SHP100784,2025-08-27 00:16:48.840700,WH-Chennai,North,Carrier B,Road,350.4,201.9,122,653,5221.39,0.5,0
SHP100182,2025-02-25 06:03:54.195162,WH-Bengaluru,North,Carrier C,Sea,423.0,110.4,113,1896,2671.42,0.8,0
SHP100617,2025-07-07 07:30:22.518765,WH-Kolkata,South,,Rail,634.3,201.2,109,269,4907.84,1.9,1
SHP100690,2025-07-29 11:23:22.168473,WH-Kolkata,West,Carrier D,Road,199.4,185.1,129,420,2973.09,,0
SHP100240,2025-03-14 20:39:25.971643,WH-Mumbai,South,Carrier B,Road,516.2,188.4,120,624,6864.51,0.7,0
SHP100458,2025-05-20 01:01:15.062552,WH-Mumbai,West,Carrier C,Road,343.7,128.8,151,232,4449.23,0.2,0
SHP100681,2025-07-26 17:48:53.444537,WH-Bengaluru,East,Carrier D,Rail,185.0,160.2,113,3834,1294.21,0.2,0
SHP100465,2025-05-22 04:01:24.070058,WH-Mumbai,South,Carrier D,Road,562.9,309.0,112,2850,,0.8,0
SHP100145,2025-02-14 00:28:49.441201,WH-Chennai,North,Carrier B,Sea,644.3,59.1,113,1813,2691.03,2.0,1
SHP100206,2025-03-04 12:55:50.792326,WH-Kolkata,Central,Carrier B,Sea,420.0,266.1,123,964,3066.05,1.0,0
SHP101063,2025-11-19 17:05:39.282735,WH-Kolkata,South,Carrier C,Rail,326.1,,128,3183,2920.14,0.2,0
SHP100324,2025-04-09 08:41:14.061718,WH-Bengaluru,South,Carrier C,Road,368.8,587.7,112,1918,5561.01,0.3,0
SHP100657,2025-07-19 10:56:56.847372,WH-Delhi,South,Carrier B,Road,484.6,64.3,118,150,5775.99,0.3,0
SHP101121,2025-12-07 07:41:11.059216,WH-Mumbai,South,Carrier B,Road,590.9,135.0,120,442,7503.09,1.4,1
SHP100714,2025-08-05 18:15:18.765638,WH-Mumbai,West,Carrier A,Rail,1158.6,236.4,117,1964,8790.34,2.5,1
SHP101132,2025-12-10 15:49:59.499582,WH-Kolkata,East,Carrier C,Sea,288.9,280.9,124,4602,1108.99,1.1,0
SHP100079,2025-01-24 23:35:58.798999,WH-Kolkata,Central,Carrier D,Rail,500.4,83.6,139,4090,4675.47,0.2,0
SHP101117,2025-12-06 02:32:31.626355,WH-Delhi,West,,Sea,726.2,193.8,116,4016,3151.46,2.4,1
SHP100687,2025-07-28 13:31:52.593828,WH-Kolkata,North,Carrier A,Road,658.1,332.9,121,2882,8785.99,1.5,1
SHP100166,2025-02-20 09:29:16.463719,WH-Bengaluru,Central,Carrier D,Road,375.4,178.1,107,2824,5230.49,1.2,0
SHP100229,2025-03-11 12:30:37.531276,WH-Kolkata,West,Carrier B,Road,187.1,623.1,99,5,34613.647600404256,0.2,0
SHP101179,2025-12-24 22:16:42.835696,WH-Chennai,Central,Carrier B,Road,260.7,354.4,117,4965,4281.92,0.4,0
SHP101086,2025-11-26 16:40:26.021684,WH-Mumbai,North,Carrier B,Road,881.8,500.4,123,4728,11954.91,0.5,0
SHP100740,2025-08-13 15:41:35.079232,WH-Chennai,South,Carrier B,Road,430.4,,134,4273,5878.38,1.5,1
SHP100100,2025-01-31 08:36:25.821517,WH-Delhi,South,Carrier D,Rail,822.5,297.2,126,1238,6521.87,0.7,0
SHP100290,2025-03-30 00:57:38.882402,WH-Bengaluru,South,Carrier D,Road,235.1,94.4,138,1438,3109.04,0.6,0
SHP100444,2025-05-15 19:00:57.047539,WH-Delhi,Central,Carrier C,Road,150.6,292.7,128,4615,2226.72,,0
SHP100878,2025-09-24 13:10:15.512927,WH-Chennai,West,Carrier A,Sea,742.2,65.4,129,2810,2735.38,1.7,0
SHP100739,2025-08-13 08:24:25.221017,WH-Chennai,Central,Carrier B,Air,580.9,476.1,113,4132,33718.57,0.2,0
SHP100391,2025-04-29 16:51:14.562135,WH-Delhi,East,Carrier D,Road,724.9,125.0,107,4370,9178.38,0.7,0
SHP100086,2025-01-27 02:36:07.806505,WH-Delhi,West,Carrier B,Road,145.6,126.1,108,334,1140.53,0.2,0
SHP100970,2025-10-22 11:29:22.468723,WH-Kolkata,South,Carrier A,Sea,453.9,178.3,129,4628,2486.27,0.7,0
SHP100666,2025-07-22 04:31:25.571309,WH-Kolkata,South,Carrier B,Road,176.5,153.2,130,3661,2551.09,1.6,1
SHP101103,2025-12-01 20:32:13.611342,WH-Bengaluru,South,Carrier B,Rail,548.7,134.4,110,1724,4425.35,0.7,0
SHP100475,2025-05-25 04:53:02.652210,WH-Chennai,South,Carrier C,Road,241.2,35.7,122,1178,2878.4,0.2,0
SHP100044,2025-01-14 08:35:13.761467,WH-Delhi,North,Carrier D,Air,469.5,232.4,103,4562,25464.75,0.2,0
SHP100788,2025-08-28 05:25:28.273561,WH-Bengaluru,South,Carrier D,air,1100.8,425.6,126,3162,60613.37,0.5,0
SHP101002,2025-11-01 04:38:37.931609,WH-Mumbai,North,Carrier B,Road,492.9,315.6,116,493,6313.54,0.6,0
SHP100024,2025-01-08 06:51:56.597164,WH-Mumbai,South,Carrier C,Road,731.4,476.9,101,954,9220.71,0.4,0
SHP100832,2025-09-10 14:00:42.035029,WH-Bengaluru,Central,Carrier A,Road,421.1,,105,4054,4661.56,0.4,0
SHP100591,2025-06-29 10:04:06.205170,WH-Kolkata,North,Carrier B,Road,620.0,133.4,114,1269,7328.73,0.6,0
SHP100832,2025-09-10 14:00:42.035029,WH-Bengaluru,Central,Carrier A,Road,421.1,,105,4054,4661.56,0.4,0
SHP100973,2025-10-23 09:20:52.043369,WH-Bengaluru,East,Carrier C,Rail,731.6,283.4,138,4399,4983.6,0.4,0
SHP101056,2025-11-17 14:05:30.275229,WH-Mumbai,West,Carrier B,Sea,395.0,234.4,121,2764,2299.03,0.8,0
SHP100109,2025-02-03 02:10:54.545454,WH-Kolkata,North,Carrier D,Road,269.6,330.5,118,1598,4042.16,0.2,0
SHP100222,2025-03-09 09:30:28.523769,WH-Chennai,South,Carrier A,Sea,279.5,115.3,123,1099,1739.15,0.6,0
SHP101052,2025-11-16 08:56:50.842368,WH-Chennai,East,Carrier C,Road,974.5,222.0,115,254,13125.68,2.0,1
SHP100722,2025-08-08 04:32:37.631359,WH-Delhi,West,Carrier A,Road,225.2,613.0,105,1239,4202.45,0.9,0
SHP100055,2025-01-17 16:44:02.201834,WH-Bengaluru,Central,Carrier B,Road,824.7,196.9,117,4927,10381.67,1.3,0
SHP100888,2025-09-27 14:01:54.095079,WH-Kolkata,West,Carrier C,Road,500.0,141.4,107,2192,5672.87,0.8,0
SHP100253,2025-03-18 19:22:34.128440,WH-Delhi,Central,Carrier C,Sea,723.3,330.4,110,4244,4280.69,,0
SHP101072,2025-11-22 10:40:08.006672,WH-Mumbai,East,Carrier D,Road,715.4,82.7,124,454,8279.22,0.5,0
SHP100642,2025-07-14 21:39:28.974145,WH-Bengaluru,West,Carrier D,Road,1589.7,372.1,109,4899,18827.19,2.2,1
SHP100545,2025-06-15 10:54:32.727272,WH-Chennai,North,Carrier A,Sea,591.1,190.1,111,3069,3263.69,0.9,0
SHP100477,2025-05-25 19:27:22.368640,WH-Mumbai,East,Carrier C,Rail,469.9,145.2,112,4873,3845.61,5.919978472666616,0
SHP100949,2025-10-16 02:28:55.446205,WH-Kolkata,South,Carrier C,Road,934.0,194.1,131,617,11777.67,0.6,0
SHP100843,2025-09-13 22:09:30.475396,WH-Mumbai,West,Carrier D,Road,371.9,365.6,109,2757,5392.75,0.2,0
SHP100063,2025-01-20 03:01:21.067556,WH-Kolkata,South,Carrier D,Road,608.8,171.0,122,1283,7563.41,0.8,0
SHP100413,2025-05-06 09:08:51.442869,WH-Kolkata,Central,Carrier D,Road,576.3,214.3,130,4029,8186.77,0.7,0
SHP100384,2025-04-27 13:51:05.554628,WH-Delhi,South,Carrier A,Road,1071.7,160.9,104,506,13108.4,1.3,0
SHP100974,2025-10-23 16:38:01.901584,WH-Kolkata,West,Carrier B,Air,684.6,112.8,145,3558,38801.42,1.3,0
SHP100884,2025-09-26 08:53:14.662218,WH-Mumbai,South,Carrier B,Road,1066.0,219.6,111,562,13271.72,0.9,0
SHP100451,2025-05-17 22:01:06.055045,WH-Mumbai,South,Carrier D,Rail,617.7,94.4,139,1934,,0.2,0
SHP100656,2025-07-19 03:39:46.989157,WH-Bengaluru,East,Carrier D,Road,430.9,281.4,126,3892,6004.29,,0
SHP100369,2025-04-23 00:33:37.681401,WH-Bengaluru,South,Carrier B,road,191.9,89.9,146,3476,2176.76,0.2,0
SHP100689,2025-07-29 04:06:12.310258,WH-Chennai,North,Carrier B,Road,310.3,,117,284,3879.4,1.0,0
SHP100219,2025-03-08 11:38:58.949124,WH-Chennai,North,Carrier B,Road,1431.8,158.5,130,2922,17306.87,2.0,1
SHP101148,2025-12-15 12:24:37.231025,WH-Kolkata,West,Carrier B,Air,276.6,40.4,104,130,15412.21,0.2,0
SHP100021,2025-01-07 09:00:27.022518,WH-Chennai,West,Carrier B,Sea,203.1,170.9,144,91,1631.85,1.3,0
SHP100760,2025-08-19 17:24:52.243536,WH-Chennai,East,Carrier C,Rail,396.5,500.2,102,1462,3613.96,0.2,0
SHP100869,2025-09-21 19:35:46.788990,WH-Delhi,East,Carrier A,Road,125.3,48.5,115,2652,1404.2,0.2,0
SHP100420,2025-05-08 12:09:00.450375,WH-Delhi,East,Carrier C,Sea,246.0,128.8,105,2201,1494.97,0.2,0
SHP100199,2025-03-02 09:55:41.784820,WH-Kolkata,South,Carrier B,Road,555.7,160.2,155,578,6689.08,1.1,0
SHP100450,2025-05-17 14:43:56.196830,WH-Kolkata,East,Carrier B,Air,628.0,317.2,120,3729,35805.19,0.8,0
SHP101019,2025-11-06 08:30:25.521267,WH-Chennai,Central,Carrier B,Road,486.3,198.8,126,3735,6608.32,1.3,0
SHP100911,2025-10-04 13:36:40.834028,WH-Chennai,East,,Rail,517.0,283.4,113,982,3777.19,,0
SHP100696,2025-07-31 07:06:21.317764,WH-Bengaluru,Central,Carrier A,Road,691.4,182.2,133,4623,8729.72,1.9,1
SHP100811,2025-09-04 05:00:15.012510,WH-Kolkata,West,Carrier D,Road,103.0,199.5,103,798,2418.43,1.3,0
SHP101195,2025-12-29 18:51:20.567139,WH-Delhi,Central,Carrier A,Air,675.8,43.1,132,4733,37653.12,0.8,0
SHP100910,2025-10-04 06:19:30.975813,WH-Kolkata,West,Carrier C,Rail,281.3,423.6,128,3603,4391.2,1.6,1
SHP101049,2025-11-15 11:05:21.267723,WH-Delhi,East,Carrier C,Sea,410.2,181.5,116,1302,1947.14,0.8,0
SHP100505,2025-06-03 07:27:58.398665,WH-Delhi,South,Carrier B,Road,1671.8,102.1,122,1617,21354.86,1.4,0
SHP100405,2025-05-03 22:51:32.577147,WH-Kolkata,South,Carrier B,Rail,152.4,95.4,135,758,1360.1,2.2,1
SHP100317,2025-04-07 05:41:05.054211,WH-Bengaluru,East,Carrier B,Sea,670.4,269.0,139,4945,4062.24,1.1,0
SHP100183,2025-02-25 13:21:04.053377,WH-Chennai,Central,Carrier D,Rail,765.8,200.1,128,3324,5515.16,1.0,0
SHP101137,2025-12-12 04:15:48.790658,WH-Delhi,South,Carrier C,Road,1001.3,268.0,126,3573,12191.75,2.1,1
SHP100609,2025-07-04 21:13:03.653044,WH-Kolkata,Central,Carrier D,Road,913.8,113.1,119,3158,11139.37,1.5,0
SHP100626,2025-07-10 01:04:51.242702,WH-Kolkata,South,Carrier D,Road,851.0,394.7,135,16,11274.38,1.5,0
SHP100485,2025-05-28 05:44:41.234361,WH-Chennai,Central,Carrier B,Sea,315.9,55.0,125,2688,1229.85,0.2,0
SHP100278,2025-03-26 09:31:40.583819,WH-Bengaluru,North,Carrier A,Sea,670.2,252.6,122,343,3309.78,2.7,0
SHP100630,2025-07-11 06:13:30.675562,WH-Kolkata,South,Carrier A,Road,729.2,52.7,110,2693,,1.1,0
SHP100020,2025-01-07 01:43:17.164303,WH-Bengaluru,West,Carrier A,Rail,764.6,220.5,108,4248,5347.13,0.6,0
SHP100170,2025-02-21 14:37:55.896580,WH-Chennai,South,Carrier D,Road,674.5,135.7,130,2733,8631.45,1.2,0
SHP100901,2025-10-01 12:45:02.251876,WH-Kolkata,South,Carrier D,Air,380.0,41.9,105,357,21292.07,0.7,0
SHP101039,2025-11-12 10:13:42.685571,WH-Mumbai,West,Carrier B,Road,512.6,492.7,129,4355,60280.98158549959,1.4,1
SHP100176,2025-02-23 10:20:55.045871,WH-Bengaluru,West,Carrier B,Road,576.1,127.8,119,3330,7204.08,1.4,1
SHP100327,2025-04-10 06:32:43.636363,WH-Chennai,North,Carrier B,Air,784.3,,130,4405,43067.59,0.2,0
SHP100706,2025-08-03 07:57:59.899916,WH-Chennai,Central,Carrier C,Road,328.5,255.8,135,4522,3941.83,1.0,0
SHP100470,2025-05-23 16:27:13.361134,WH-Bengaluru,South,Carrier D,Road,1024.9,286.1,132,2715,12888.77,1.0,0
SHP101130,2025-12-10 01:15:39.783152,WH-Mumbai,Central,Carrier A,Road,811.7,52.4,124,3331,10260.84,1.7,1
SHP100266,2025-03-22 18:05:42.285237,WH-Kolkata,East,Carrier C,Air,449.2,297.6,131,3010,,0.3,0
SHP100615,2025-07-06 16:56:02.802335,WH-Kolkata,Central,Carrier B,Air,908.4,115.0,118,2239,49921.24,0.2,0
SHP100130,2025-02-09 11:11:21.567973,WH-Chennai,West,Carrier A,Sea,698.1,132.3,121,1500,3597.22,0.9,0
SHP100865,2025-09-20 14:27:07.356130,WH-Kolkata,South,Carrier C,Rail,249.6,234.6,116,2285,2597.58,0.6,0
SHP101174,2025-12-23 09:50:53.544620,WH-Kolkata,South,Carrier A,Road,687.1,31.1,109,1854,7756.58,0.3,0
SHP101133,2025-12-10 23:07:09.357798,WH-Delhi,West,Carrier C,Road,767.4,229.1,121,2568,9908.78,0.6,0
SHP100489,2025-05-29 10:53:20.667222,WH-Bengaluru,West,Carrier B,Sea,1030.3,147.9,117,1332,4981.1,1.9,1
SHP100606,2025-07-03 23:21:34.078398,WH-Mumbai,East,Carrier C,Road,640.4,47.0,116,1820,7776.89,1.8,1
SHP100416,2025-05-07 07:00:21.017514,WH-Bengaluru,North,Carrier B,Road,427.9,28.7,112,2866,4933.49,0.5,0
SHP100152,2025-02-16 03:28:58.448707,WH-Kolkata,West,Carrier C,Road,851.9,323.5,112,502,11124.07,1.2,0
SHP100889,2025-09-27 21:19:03.953294,WH-Delhi,East,Carrier B,Rail,648.2,209.0,100,4065,4479.41,0.3,0
SHP100849,2025-09-15 17:52:29.624687,WH-Mumbai,West,Carrier A,Road,1693.0,219.6,113,3628,21283.55,,1
SHP100279,2025-03-26 16:48:50.442035,WH-Mumbai,East,Carrier C,Road,577.4,102.9,119,1206,6587.19,1.2,0
SHP101034,2025-11-10 21:47:53.394495,WH-Kolkata,North,Carrier A,Road,451.6,183.6,130,2009,6116.94,1.4,1
SHP100269,2025-03-23 15:57:11.859883,WH-Kolkata,East,Carrier C,Rail,490.4,206.3,121,167,35774.17717055445,0.6,0
SHP100096,2025-01-30 03:27:46.388657,WH-Kolkata,West,Carrier B,Air,1263.8,286.9,124,3732,69447.77,0.4,0
SHP100210,2025-03-05 18:04:30.225187,WH-Kolkata,North,Carrier B,Road,400.1,166.1,111,1887,5063.28,0.5,0
SHP100569,2025-06-22 17:46:29.324437,WH-Kolkata,West,Carrier B,Air,487.9,111.3,133,2156,26875.44,1.3,0
SHP101180,2025-12-25 05:33:52.693911,WH-Bengaluru,North,Carrier D,Road,208.4,,115,2134,3065.4,0.2,0
SHP100871,2025-09-22 10:10:06.505421,WH-Chennai,East,Carrier A,Sea,147.3,268.5,120,4380,1299.8,1.2,0
SHP100532,2025-06-11 12:11:24.570475,WH-Mumbai,East,Carrier D,Rail,599.6,69.0,120,2612,4136.63,1.0,0
SHP101177,2025-12-24 07:42:23.119266,WH-Mumbai,West,Carrier D,Road,228.8,247.3,123,2849,2940.59,0.2,0
SHP101099,2025-11-30 15:23:34.178482,WH-Mumbai,East,Carrier B,Rail,954.7,243.3,142,3239,6641.73,3.1536210136837486,0
SHP100712,2025-08-05 03:40:59.049207,WH-Mumbai,East,Carrier D,Road,100.1,338.1,107,2731,2558.16,0.2,0
SHP100077,2025-01-24 09:01:39.082568,WH-Delhi,Central,Carrier D,Rail,332.0,199.6,129,676,2430.97,1.7,1
SHP100263,2025-03-21 20:14:12.710592,WH-Mumbai,East,Carrier D,Road,819.0,294.7,137,753,10953.14,0.7,0
SHP100802,2025-09-01 11:25:46.288573,WH-Mumbai,South,Carrier B,Air,410.0,57.3,119,4111,,0.8,0
SHP100149,2025-02-15 05:37:28.874061,WH-Chennai,West,Carrier A,Air,196.6,161.2,116,4593,11372.81,0.2,0
SHP100469,2025-05-23 09:10:03.502919,WH-Kolkata,West,Carrier C,Road,343.4,472.8,118,1888,4515.94,1.6,1
SHP100564,2025-06-21 05:20:40.033361,WH-Delhi,West,Carrier A,Rail,248.2,,134,3607,2487.87,0.2,0
SHP100461,2025-05-20 22:52:44.637197,WH-Chennai,East,Carrier A,Road,951.8,342.4,124,2818,11623.23,1.2,0
SHP100896,2025-09-30 00:19:12.960800,WH-Kolkata,Central,Carrier B,Sea,294.8,423.7,114,3033,1959.98,1.8,0
SHP100695,2025-07-30 23:49:11.459549,WH-Mumbai,South,Carrier B,Rail,1426.9,222.1,119,3884,10221.27,0.8,0
SHP100928,2025-10-09 17:28:28.423686,WH-Chennai,West,Carrier D,Road,370.9,232.9,127,4561,5286.42,0.2,0
SHP100586,2025-06-27 21:38:16.914095,WH-Bengaluru,South,Carrier D,Road,312.9,340.3,115,3300,5206.87,0.2,0
SHP100243,2025-03-15 18:30:55.546288,WH-Kolkata,West,Carrier B,Road,962.0,234.6,133,3149,11806.08,1.7,1
SHP101111,2025-12-04 06:49:32.477064,WH-Kolkata,South,Carrier C,Road,286.8,143.1,133,1308,3905.78,0.7,0
SHP100751,2025-08-16 23:50:23.519599,WH-Bengaluru,North,Carrier D,Sea,653.1,405.6,106,1849,3698.21,14.501924958568194,1
SHP100648,2025-07-16 17:22:28.123436,WH-Delhi,South,Carrier B,Air,461.4,91.7,123,3203,25340.93,0.9,0
SHP100595,2025-06-30 15:12:45.638031,WH-Kolkata,West,Carrier D,Road,137.6,91.2,115,2778,1965.43,0.2,0
SHP100313,2025-04-06 00:32:25.621351,WH-Kolkata,Central,Carrier C,Road,840.7,229.9,129,4507,10305.36,1.8,0
SHP100933,2025-10-11 05:54:17.714762,WH-Kolkata,East,Carrier B,Sea,230.5,367.0,134,2829,1988.58,0.2,0
SHP100155,2025-02-17 01:20:28.023352,WH-Kolkata,West,Carrier D,Rail,622.6,97.0,126,4314,4979.03,0.8,0
SHP101150,2025-12-16 02:58:56.947456,WH-Chennai,North,Carrier A,Air,389.9,396.5,116,1499,21804.01,0.7,0
SHP100999,2025-10-31 06:47:08.356964,WH-Mumbai,West,Carrier B,Sea,502.5,383.5,127,3982,3000.91,1.8,0
SHP101046,2025-11-14 13:13:51.693077,WH-Bengaluru,North,Carrier B,Air,207.7,315.1,117,2419,12934.51,,0
SHP100025,2025-01-08 14:09:06.455379,WH-Delhi,North,Carrier C,road,532.2,60.7,129,3780,6847.78,0.3,0
SHP100196,2025-03-01 12:04:12.210175,WH-Bengaluru,Central,Carrier C,rail,438.1,136.7,121,3102,2630.26,0.2,0
SHP101088,2025-11-27 07:14:45.738115,WH-Mumbai,Central,Carrier D,Road,355.8,164.6,115,4082,4733.63,2.0,0
SHP100015,2025-01-05 13:17:27.873227,WH-Bengaluru,East,Carrier D,Air,513.3,71.3,134,3306,28223.49,0.8,0
SHP100883,2025-09-26 01:36:04.804003,WH-Chennai,East,Carrier B,Rail,596.3,25.4,103,613,4555.52,0.3,0
SHP100621,2025-07-08 12:39:01.951626,WH-Delhi,Central,Carrier A,Sea,364.8,293.8,108,3775,1945.57,0.8,0
SHP101050,2025-11-15 18:22:31.125938,WH-Kolkata,East,Carrier A,Road,441.6,251.9,104,3814,6670.73,1.4,1
SHP101067,2025-11-20 22:14:18.715596,WH-Kolkata,West,Carrier B,Road,481.9,35.6,118,182,6300.4,0.9,0
SHP100497,2025-05-31 21:10:39.532944,WH-Bengaluru,West,Carrier B,Sea,569.0,168.9,108,1498,2105.5,1.2,0
SHP100792,2025-08-29 10:34:07.706422,WH-Kolkata,North,Carrier D,Road,536.4,85.1,105,3911,7056.24,0.9,0
SHP100964,2025-10-20 15:46:23.319432,WH-Mumbai,Central,Carrier B,Road,885.6,282.8,127,3994,11576.44,1.1,0
SHP100515,2025-06-06 08:19:36.980817,WH-Mumbai,South,Carrier C,Road,432.5,500.9,98,1999,6989.31,2.1,0
SHP101095,2025-11-29 10:14:54.745621,WH-Delhi,West,Carrier C,Road,379.3,507.0,98,1836,5537.76,1.2,0
SHP100542,2025-06-14 13:03:03.152627,WH-Bengaluru,South,Carrier B,road,451.4,35.7,125,1995,5520.27,1.5,1
SHP100456,2025-05-19 10:26:55.346121,WH-Kolkata,Central,Carrier D,Road,709.5,85.8,134,703,,0.8,0
SHP100633,2025-07-12 04:05:00.250208,WH-Kolkata,East,Carrier A,Sea,589.2,159.3,129,3240,2911.06,0.7,0
SHP100431,2025-05-11 20:17:48.890742,WH-Kolkata,North,Carrier A,Air,246.5,186.6,127,1088,13738.9,0.8,0
SHP100627,2025-07-10 08:22:01.100917,WH-Chennai,Central,Carrier A,Sea,553.7,213.3,132,116,2387.37,1.9,1
SHP100728,2025-08-10 00:15:36.780650,WH-Mumbai,North,Carrier D,Road,719.7,66.1,122,3955,8730.33,1.8,1
SHP100209,2025-03-05 10:47:20.366972,WH-Mumbai,West,Carrier B,Air,474.6,241.7,114,4920,26573.75,0.4,0
SHP100316,2025-04-06 22:23:55.195996,WH-Chennai,East,Carrier C,Sea,1040.7,484.1,110,1109,5610.87,2.8,1
SHP100513,2025-06-05 17:45:17.264386,WH-Mumbai,North,Carrier D,Air,1011.7,301.9,94,240,55954.38,0.2,0
SHP100829,2025-09-09 16:09:12.460383,WH-Bengaluru,South,Carrier C,Road,601.0,106.1,132,4759,8103.42,1.0,0
SHP100319,2025-04-07 20:15:24.770642,WH-Delhi,West,Carrier D,Air,597.6,247.9,118,4126,33681.54,0.2,0
SHP101031,2025-11-09 23:56:23.819849,WH-Chennai,South,Carrier C,Sea,502.9,184.7,85,2874,2103.65,0.9,0
SHP100141,2025-02-12 19:20:10.008340,WH-Delhi,Central,Carrier C,Road,96.9,96.4,123,2398,1910.4,1.2,0
SHP101110,2025-12-03 23:32:22.618849,WH-Bengaluru,South,Carrier D,Road,374.6,265.7,112,3223,4731.62,1.3,0
SHP100753,2025-08-17 14:24:43.236030,WH-Bengaluru,Central,Carrier B,Road,102.0,258.5,120,3445,,0.7,0
SHP101001,2025-10-31 21:21:28.073394,WH-Bengaluru,North,Carrier A,Road,430.1,201.6,135,847,6139.82,1.1,0
SHP100580,2025-06-26 01:55:17.764804,WH-Mumbai,Central,Carrier D,Road,794.1,305.5,120,4357,10489.37,0.6,0
SHP100562,2025-06-20 14:46:20.316930,WH-Bengaluru,West,Carrier B,Road,750.0,78.6,127,1320,8922.36,1.0,0
SHP100398,2025-05-01 19:51:23.569641,WH-Bengaluru,Central,Carrier B,Road,907.8,266.4,124,1455,11556.88,11.53289283949022,1
SHP100668,2025-07-22 19:05:45.287739,WH-Kolkata,North,Carrier C,Air,1012.7,173.9,143,3391,55130.84,1.2,0
SHP100252,2025-03-18 12:05:24.270225,WH-Kolkata,Central,Carrier D,Road,405.1,202.8,118,616,5672.81,0.3,0
SHP100907,2025-10-03 08:28:01.401167,WH-Chennai,Central,Carrier C,Road,428.2,263.2,116,2596,5983.72,0.6,0
SHP100468,2025-05-23 01:52:53.644703,WH-Kolkata,West,Carrier A,Sea,866.2,207.6,126,316,3402.66,2.2,0
SHP100914,2025-10-05 11:28:10.408673,WH-Mumbai,West,Carrier B,Road,151.5,155.0,104,1042,2021.75,0.2,0
SHP100357,2025-04-19 09:07:39.382819,WH-Kolkata,East,Carrier D,Road,283.1,265.7,141,868,4725.08,0.6,0
SHP100003,2025-01-01 21:51:29.574645,WH-Chennai,North,Carrier C,Road,414.4,104.5,112,4511,5363.71,2.3,0
SHP100508,2025-06-04 05:19:27.973311,WH-Bengaluru,East,Carrier A,Road,1253.1,182.9,117,386,14845.84,1.8,1
SHP100749,2025-08-16 09:16:03.803169,WH-Kolkata,South,Carrier A,Rail,427.1,241.0,102,1682,3881.29,0.8,0
SHP100129,2025-02-09 03:54:11.709758,WH-Bengaluru,South,Carrier D,rail,818.6,476.9,130,3601,6742.92,1.5,1
SHP100144,2025-02-13 17:11:39.582985,WH-Delhi,South,Carrier B,Road,447.1,184.2,129,4220,4853.03,0.4,0
SHP100960,2025-10-19 10:37:43.886572,WH-Delhi,East,Carrier C,Rail,307.1,170.1,120,536,3126.67,1.1,0
SHP100847,2025-09-15 03:18:09.908256,WH-Kolkata,North,Carrier B,Road,955.0,399.3,129,4901,,0.7,0
SHP100715,2025-08-06 01:32:28.623853,WH-Kolkata,West,Carrier A,Rail,614.0,214.3,136,1057,,1.1,0
SHP100905,2025-10-02 17:53:41.684737,WH-Bengaluru,Central,Carrier C,Road,686.0,175.8,113,4797,8121.79,0.3,0
SHP101096,2025-11-29 17:32:04.603836,WH-Delhi,East,Carrier C,Road,599.6,373.9,132,1715,8348.96,1.8,1
SHP100235,2025-03-13 08:13:36.680567,WH-Chennai,South,Carrier A,Sea,943.5,98.8,121,4919,3864.76,1.3,0
SHP101061,2025-11-19 02:31:19.566305,WH-Kolkata,South,Carrier D,Sea,280.0,54.0,132,99,1035.25,0.9,0
